ID,PHASE,DOMAIN,REQUIREMENT,CURRENT_SOURCE,CURRENT_VALIDATION,CURRENT_EXTERNAL_GATE,CURRENT_IMPLEMENTATION_GAP,OWNER,FILES,DEPENDENCIES,IMPLEMENTATION_ACTION,TEST_ACTION,EVIDENCE_ACTION,FINAL_STATUS
PCA-ADD-BILL-001,PCA-BILL-1,Addendum 002 billing,Normative text in docs/implementation/addenda/PCA_ADDENDUM_002_PLATFORM_ADMINISTRATION_BILLING.md,SOURCE_COMPLETE,AUTOMATED (1 evidence path); no real-device/provider/UAT acceptance,,,WS-19 ADDENDUM-002,backend/src/billing/plan.ts | backend/migrations/0007_billing_core.sql,,NONE (source complete),NONE (automated evidence recorded),NONE,SOURCE_COMPLETE
PCA-ADD-BILL-002,PCA-BILL-1,Addendum 002 billing,Normative text in docs/implementation/addenda/PCA_ADDENDUM_002_PLATFORM_ADMINISTRATION_BILLING.md,SOURCE_COMPLETE,AUTOMATED (2 evidence paths); no real-device/provider/UAT acceptance,,,WS-19 ADDENDUM-002,backend/src/billing/priceBook.ts,,NONE (source complete),NONE (automated evidence recorded),NONE,SOURCE_COMPLETE
PCA-ADD-BILL-003,PCA-BILL-1,Addendum 002 billing,Normative text in docs/implementation/addenda/PCA_ADDENDUM_002_PLATFORM_ADMINISTRATION_BILLING.md,SOURCE_COMPLETE,AUTOMATED (1 evidence path); no real-device/provider/UAT acceptance,,,WS-19 ADDENDUM-002,backend/src/billing/subscription.ts,,NONE (source complete),NONE (automated evidence recorded),NONE,SOURCE_COMPLETE
PCA-ADD-BILL-004,PCA-BILL-1,Addendum 002 billing,Normative text in docs/implementation/addenda/PCA_ADDENDUM_002_PLATFORM_ADMINISTRATION_BILLING.md,SOURCE_COMPLETE,AUTOMATED (3 evidence paths); no real-device/provider/UAT acceptance,,,WS-19 ADDENDUM-002,backend/src/billing/invoice.ts; backend/src/billing/invoiceIssuance.ts; backend/src/billing/webhook/WebhookService.ts,,"Invoice issued on confirmed payment (PaymentInvoiceIssuer, idempotent id from transaction id)",unit invoiceIssuance.test.mjs 4/4; MySQL webhookService.mysql.test.mjs 16/16 incl. 8-way concurrent redelivery,matrix notes/evidence updated this pass,SOURCE_COMPLETE
PCA-ADD-BILL-005,PCA-BILL-1,Addendum 002 billing,Normative text in docs/implementation/addenda/PCA_ADDENDUM_002_PLATFORM_ADMINISTRATION_BILLING.md,SOURCE_COMPLETE,AUTOMATED (3 evidence paths); no real-device/provider/UAT acceptance,,,WS-19 ADDENDUM-002,backend/src/billing/invoice.ts | backend/migrations/0007_billing_core.sql; backend/src/billing/invoiceIssuance.ts; backend/src/billing/webhook/WebhookService.ts,,Invoice line DEVICE_LIMIT_INCREASE / OTHER from the price snapshot,same as PCA-ADD-BILL-004,matrix notes/evidence updated this pass,SOURCE_COMPLETE
PCA-ADD-BILL-005A,PCA-BILL-1,Addendum 002 billing,Normative text in docs/implementation/addenda/PCA_ADDENDUM_002_PLATFORM_ADMINISTRATION_BILLING.md,SOURCE_COMPLETE,AUTOMATED (1 evidence path); no real-device/provider/UAT acceptance,,,WS-19 ADDENDUM-002,backend/src/billing/quote.ts | platform-admin-web/src/pages/billing/BillingQuotes.tsx,,NONE (source complete),NONE (automated evidence recorded),NONE,SOURCE_COMPLETE
PCA-ADD-BILL-006,PCA-BILL-1,Addendum 002 billing,Normative text in docs/implementation/addenda/PCA_ADDENDUM_002_PLATFORM_ADMINISTRATION_BILLING.md,SOURCE_COMPLETE,AUTOMATED (3 evidence paths); no real-device/provider/UAT acceptance,,,WS-19 ADDENDUM-002,backend/src/billing/payment.ts; backend/src/billing/invoiceIssuance.ts; backend/src/billing/webhook/WebhookService.ts,,Transaction and attempt rows linked to their invoice,same as PCA-ADD-BILL-004,matrix notes/evidence updated this pass,SOURCE_COMPLETE
PCA-ADD-BILL-007,PCA-BILL-1,Addendum 002 billing,Normative text in docs/implementation/addenda/PCA_ADDENDUM_002_PLATFORM_ADMINISTRATION_BILLING.md,SOURCE_COMPLETE,AUTOMATED (1 evidence path); no real-device/provider/UAT acceptance,,,WS-19 ADDENDUM-002,backend/src/billing/payment.ts,,NONE (source complete),NONE (automated evidence recorded),NONE,SOURCE_COMPLETE
PCA-ADD-BILL-008,PCA-BILL-1,Addendum 002 billing,Normative text in docs/implementation/addenda/PCA_ADDENDUM_002_PLATFORM_ADMINISTRATION_BILLING.md,SOURCE_COMPLETE,AUTOMATED (2 evidence paths); no real-device/provider/UAT acceptance,,,WS-19 ADDENDUM-002,backend/src/billing/paymentMethod.ts,,NONE (source complete),NONE (automated evidence recorded),NONE,SOURCE_COMPLETE
PCA-ADD-BILL-009,PCA-BILL-1,Addendum 002 billing,Normative text in docs/implementation/addenda/PCA_ADDENDUM_002_PLATFORM_ADMINISTRATION_BILLING.md,SOURCE_COMPLETE,AUTOMATED (1 evidence path); no real-device/provider/UAT acceptance,,,WS-19 ADDENDUM-002,backend/src/billing/refund.ts | backend/src/billing/refundOrchestration/RefundOrchestrationService.ts,,NONE (source complete),NONE (automated evidence recorded),NONE,SOURCE_COMPLETE
PCA-ADD-BILL-010,PCA-BILL-1,Addendum 002 billing,Normative text in docs/implementation/addenda/PCA_ADDENDUM_002_PLATFORM_ADMINISTRATION_BILLING.md,SOURCE_COMPLETE,NONE recorded,,,WS-19 ADDENDUM-002,backend/src/billing/dispute.ts,,NONE (source complete),EXTERNAL (device/provider/UAT),NONE,SOURCE_COMPLETE
PCA-ADD-BILL-011,PCA-BILL-1,Addendum 002 billing,Normative text in docs/implementation/addenda/PCA_ADDENDUM_002_PLATFORM_ADMINISTRATION_BILLING.md,SOURCE_COMPLETE,AUTOMATED (1 evidence path); no real-device/provider/UAT acceptance,,,WS-19 ADDENDUM-002,backend/src/billing/providerEvent.ts,,NONE (source complete),NONE (automated evidence recorded),NONE,SOURCE_COMPLETE
PCA-ADD-BILL-012,PCA-BILL-1,Addendum 002 billing,Normative text in docs/implementation/addenda/PCA_ADDENDUM_002_PLATFORM_ADMINISTRATION_BILLING.md,SOURCE_COMPLETE,AUTOMATED (2 evidence paths); no real-device/provider/UAT acceptance,,,WS-19 ADDENDUM-002,backend/migrations/0015_settlement_reconciliation.sql; backend/src/billing/settlement/types.ts; backend/src/billing/settlement/SettlementService.ts,,NONE (source complete),NONE (automated evidence recorded),NONE,SOURCE_COMPLETE
PCA-ADD-BILL-013,PCA-BILL-1,Addendum 002 billing,Normative text in docs/implementation/addenda/PCA_ADDENDUM_002_PLATFORM_ADMINISTRATION_BILLING.md,SOURCE_COMPLETE,AUTOMATED (2 evidence paths); no real-device/provider/UAT acceptance,,,WS-19 ADDENDUM-002,backend/migrations/0015_settlement_reconciliation.sql; backend/src/billing/settlement/types.ts; backend/src/billing/settlement/SettlementService.ts,,NONE (source complete),NONE (automated evidence recorded),NONE,SOURCE_COMPLETE
PCA-ADD-BILL-014,PCA-BILL-1,Addendum 002 billing,Normative text in docs/implementation/addenda/PCA_ADDENDUM_002_PLATFORM_ADMINISTRATION_BILLING.md,SOURCE_COMPLETE,AUTOMATED (2 evidence paths); no real-device/provider/UAT acceptance,,,WS-19 ADDENDUM-002,backend/migrations/0015_settlement_reconciliation.sql; backend/src/billing/settlement/SettlementService.ts,,NONE (source complete),NONE (automated evidence recorded),NONE,SOURCE_COMPLETE
PCA-ADD-BILL-015,PCA-BILL-1,Addendum 002 billing,Normative text in docs/implementation/addenda/PCA_ADDENDUM_002_PLATFORM_ADMINISTRATION_BILLING.md,SOURCE_COMPLETE,AUTOMATED (2 evidence paths); no real-device/provider/UAT acceptance,,,WS-19 ADDENDUM-002,backend/migrations/0007_billing_core.sql,,NONE (source complete),NONE (automated evidence recorded),NONE,SOURCE_COMPLETE
PCA-ADD-BILL-016,PCA-BILL-1,Addendum 002 billing,Normative text in docs/implementation/addenda/PCA_ADDENDUM_002_PLATFORM_ADMINISTRATION_BILLING.md,SOURCE_COMPLETE,AUTOMATED (2 evidence paths); no real-device/provider/UAT acceptance,,,WS-19 ADDENDUM-002,backend/migrations/0007_billing_core.sql,,NONE (source complete),NONE (automated evidence recorded),NONE,SOURCE_COMPLETE
PCA-ADD-BILL-017,PCA-BILL-1,Addendum 002 billing,Normative text in docs/implementation/addenda/PCA_ADDENDUM_002_PLATFORM_ADMINISTRATION_BILLING.md,SOURCE_COMPLETE,AUTOMATED (1 evidence path); no real-device/provider/UAT acceptance,,,WS-19 ADDENDUM-002,backend/src/billing/money.ts,,NONE (source complete),NONE (automated evidence recorded),NONE,SOURCE_COMPLETE
PCA-ADD-BILL-018,PCA-BILL-1,Addendum 002 billing,Normative text in docs/implementation/addenda/PCA_ADDENDUM_002_PLATFORM_ADMINISTRATION_BILLING.md,SOURCE_COMPLETE,AUTOMATED (1 evidence path); no real-device/provider/UAT acceptance,,,WS-19 ADDENDUM-002,backend/src/billing/currency.ts,,NONE (source complete),NONE (automated evidence recorded),NONE,SOURCE_COMPLETE
PCA-ADD-BILL-019,PCA-BILL-1,Addendum 002 billing,Normative text in docs/implementation/addenda/PCA_ADDENDUM_002_PLATFORM_ADMINISTRATION_BILLING.md,SOURCE_COMPLETE,AUTOMATED (1 evidence path); no real-device/provider/UAT acceptance,,,WS-19 ADDENDUM-002,backend/src/billing/currency.ts | backend/src/billing/market.ts,,NONE (source complete),NONE (automated evidence recorded),NONE,SOURCE_COMPLETE
PCA-ADD-BILL-020,PCA-BILL-1,Addendum 002 billing,Normative text in docs/implementation/addenda/PCA_ADDENDUM_002_PLATFORM_ADMINISTRATION_BILLING.md,SOURCE_COMPLETE,AUTOMATED (8 evidence paths); no real-device/provider/UAT acceptance,,,WS-19 ADDENDUM-002,backend/src/billing/priceBook.ts; backend/src/billing/priceBook.ts; backend/src/billing/settlement/MySqlSettlementRepository.ts; backend/src/platformadmin/settlement/PlatformAdminSettlementService.ts; backend/src/http/routes/platformadmin/settlementRoutes.ts; platform-admin-web/src/pages/Dashboard.tsx,,NONE (source complete),NONE (automated evidence recorded),NONE,SOURCE_COMPLETE
PCA-ADD-BILL-021,PCA-BILL-1,Addendum 002 billing,Normative text in docs/implementation/addenda/PCA_ADDENDUM_002_PLATFORM_ADMINISTRATION_BILLING.md,SOURCE_COMPLETE,AUTOMATED (2 evidence paths); no real-device/provider/UAT acceptance,,,WS-19 ADDENDUM-002,backend/src/billing/market.ts; backend/src/billing/settlement/types.ts; backend/src/billing/settlement/SettlementService.ts,,NONE (source complete),NONE (automated evidence recorded),NONE,SOURCE_COMPLETE
PCA-ADD-BILL-022,PCA-BILL-1,Addendum 002 billing,Normative text in docs/implementation/addenda/PCA_ADDENDUM_002_PLATFORM_ADMINISTRATION_BILLING.md,SOURCE_COMPLETE,AUTOMATED (2 evidence paths); no real-device/provider/UAT acceptance,SUPPORTED_CHARGE_CURRENCIES; SUPPORTED_SETTLEMENT_CURRENCIES,,WS-19 ADDENDUM-002,backend/src/billing/currency.ts; backend/src/billing/currency.ts | backend/migrations/0007_billing_core.sql,SUPPORTED_CHARGE_CURRENCIES; SUPPORTED_SETTLEMENT_CURRENCIES,NONE (source complete),NONE (automated evidence recorded),NONE,SOURCE_COMPLETE
PCA-ADD-BILL-023,PCA-BILL-2,Addendum 002 billing,Normative text in docs/implementation/addenda/PCA_ADDENDUM_002_PLATFORM_ADMINISTRATION_BILLING.md,SOURCE_COMPLETE,AUTOMATED (1 evidence path); no real-device/provider/UAT acceptance,,,WS-19 ADDENDUM-002,backend/src/billing/paymentMethod.ts | backend/migrations/0007_billing_core.sql | backend/migrations/0008_payment_orchestration.sql,,NONE (source complete),NONE (automated evidence recorded),NONE,SOURCE_COMPLETE
PCA-ADD-BILL-024,PCA-BILL-2,Addendum 002 billing,Normative text in docs/implementation/addenda/PCA_ADDENDUM_002_PLATFORM_ADMINISTRATION_BILLING.md,SOURCE_COMPLETE,AUTOMATED (2 evidence paths); no real-device/provider/UAT acceptance,,,WS-19 ADDENDUM-002,backend/src/billing/checkout/CheckoutService.ts; backend/src/billing/checkout/CheckoutService.ts | backend/src/billing/provider/sandboxProvider.ts,,NONE (source complete),NONE (automated evidence recorded),NONE,SOURCE_COMPLETE
PCA-ADD-BILL-025,PCA-BILL-2,Addendum 002 billing,Normative text in docs/implementation/addenda/PCA_ADDENDUM_002_PLATFORM_ADMINISTRATION_BILLING.md,SOURCE_COMPLETE,AUTOMATED (1 evidence path); no real-device/provider/UAT acceptance,,,WS-19 ADDENDUM-002,backend/src/billing/provider/secretResolver.ts,,NONE (source complete),NONE (automated evidence recorded),NONE,SOURCE_COMPLETE
PCA-ADD-BILL-026,PCA-BILL-2,Addendum 002 billing,Normative text in docs/implementation/addenda/PCA_ADDENDUM_002_PLATFORM_ADMINISTRATION_BILLING.md,SOURCE_COMPLETE,AUTOMATED (1 evidence path); no real-device/provider/UAT acceptance,,,WS-19 ADDENDUM-002,backend/src/billing/webhook/WebhookService.ts; backend/src/billing/settlement/SettlementService.ts,,NONE (source complete),NONE (automated evidence recorded),NONE,SOURCE_COMPLETE
PCA-ADD-BILL-027,PCA-BILL-2,Addendum 002 billing,Normative text in docs/implementation/addenda/PCA_ADDENDUM_002_PLATFORM_ADMINISTRATION_BILLING.md,SOURCE_COMPLETE,AUTOMATED (3 evidence paths); no real-device/provider/UAT acceptance,PAYMENT_PROVIDER_SELECTION; MERCHANT_ACCOUNT_APPROVAL,,WS-19 ADDENDUM-002,backend/src/billing/providerContract.ts,PAYMENT_PROVIDER_SELECTION; MERCHANT_ACCOUNT_APPROVAL,NONE (source complete),NONE (automated evidence recorded),NONE,SOURCE_COMPLETE
PCA-ADD-BILL-028,PCA-BILL-2,Addendum 002 billing,Normative text in docs/implementation/addenda/PCA_ADDENDUM_002_PLATFORM_ADMINISTRATION_BILLING.md,SOURCE_COMPLETE,AUTOMATED (2 evidence paths); no real-device/provider/UAT acceptance,PAYMENT_PROVIDER_SELECTION; MERCHANT_ACCOUNT_APPROVAL,,WS-19 ADDENDUM-002,backend/src/billing/providerContract.ts; backend/src/billing/providerRegistry.ts; backend/src/billing/providerContract.ts | backend/src/billing/provider/providerRegistry.ts,PAYMENT_PROVIDER_SELECTION; MERCHANT_ACCOUNT_APPROVAL,NONE (source complete),NONE (automated evidence recorded),NONE,SOURCE_COMPLETE
PCA-ADD-BILL-029,PCA-BILL-2,Addendum 002 billing,Normative text in docs/implementation/addenda/PCA_ADDENDUM_002_PLATFORM_ADMINISTRATION_BILLING.md,SOURCE_COMPLETE,AUTOMATED (1 evidence path); no real-device/provider/UAT acceptance,PAYMENT_PROVIDER_SELECTION; MERCHANT_ACCOUNT_APPROVAL,,WS-19 ADDENDUM-002,backend/src/billing/providerEvent.ts,PAYMENT_PROVIDER_SELECTION; MERCHANT_ACCOUNT_APPROVAL,NONE (source complete),NONE (automated evidence recorded),NONE,SOURCE_COMPLETE
PCA-ADD-BILL-030,PCA-BILL-2,Addendum 002 billing,Normative text in docs/implementation/addenda/PCA_ADDENDUM_002_PLATFORM_ADMINISTRATION_BILLING.md,SOURCE_COMPLETE,AUTOMATED (2 evidence paths); no real-device/provider/UAT acceptance,,,WS-19 ADDENDUM-002,backend/src/billing/webhook/WebhookService.ts | backend/src/billing/provider/sandboxProvider.ts,,None (evidence reconciled: direct WebhookService MySQL tests already exist),test/db/webhookService.mysql.test.mjs,matrix notes/evidence updated this pass,SOURCE_COMPLETE
PCA-ADD-BILL-031,PCA-BILL-2,Addendum 002 billing,Normative text in docs/implementation/addenda/PCA_ADDENDUM_002_PLATFORM_ADMINISTRATION_BILLING.md,SOURCE_COMPLETE,AUTOMATED (1 evidence path); no real-device/provider/UAT acceptance,,,WS-19 ADDENDUM-002,backend/src/billing/providerEvent.ts | backend/src/billing/webhook/WebhookService.ts,,NONE (source complete),NONE (automated evidence recorded),NONE,SOURCE_COMPLETE
PCA-ADD-BILL-032,PCA-BILL-2,Addendum 002 billing,Normative text in docs/implementation/addenda/PCA_ADDENDUM_002_PLATFORM_ADMINISTRATION_BILLING.md,SOURCE_COMPLETE,AUTOMATED (1 evidence path); no real-device/provider/UAT acceptance,,,WS-19 ADDENDUM-002,backend/src/billing/webhook/WebhookService.ts,,None (evidence reconciled),test/db/webhookService.mysql.test.mjs,matrix notes/evidence updated this pass,SOURCE_COMPLETE
PCA-ADD-BILL-033,PCA-BILL-2,Addendum 002 billing,Normative text in docs/implementation/addenda/PCA_ADDENDUM_002_PLATFORM_ADMINISTRATION_BILLING.md,SOURCE_COMPLETE,AUTOMATED (1 evidence path); no real-device/provider/UAT acceptance,,,WS-19 ADDENDUM-002,backend/src/billing/webhook/WebhookService.ts,,None (evidence reconciled),test/db/webhookService.mysql.test.mjs,matrix notes/evidence updated this pass,SOURCE_COMPLETE
PCA-ADD-BILL-034,PCA-BILL-2,Addendum 002 billing,Normative text in docs/implementation/addenda/PCA_ADDENDUM_002_PLATFORM_ADMINISTRATION_BILLING.md,SOURCE_COMPLETE,AUTOMATED (1 evidence path); no real-device/provider/UAT acceptance,,,WS-19 ADDENDUM-002,backend/src/billing/webhook/WebhookService.ts,,None (evidence reconciled),test/db/webhookService.mysql.test.mjs,matrix notes/evidence updated this pass,SOURCE_COMPLETE
PCA-ADD-BILL-035,PCA-BILL-2,Addendum 002 billing,Normative text in docs/implementation/addenda/PCA_ADDENDUM_002_PLATFORM_ADMINISTRATION_BILLING.md,SOURCE_COMPLETE,AUTOMATED (2 evidence paths); no real-device/provider/UAT acceptance,,,WS-19 ADDENDUM-002,parent-web/src/pages/billing/CheckoutReturn.tsx; parent-web/src/pages/billing/CheckoutReturn.tsx | backend/src/billing/webhook/WebhookService.ts,,NONE (source complete),NONE (automated evidence recorded),NONE,SOURCE_COMPLETE
PCA-ADD-BILL-036,PCA-BILL-3,Addendum 002 billing,Normative text in docs/implementation/addenda/PCA_ADDENDUM_002_PLATFORM_ADMINISTRATION_BILLING.md,SOURCE_COMPLETE,AUTOMATED (1 evidence path); no real-device/provider/UAT acceptance,SETTLEMENT_BANK_CONFIGURATION; SUPPORTED_SETTLEMENT_CURRENCIES,,WS-19 ADDENDUM-002,backend/migrations/0015_settlement_reconciliation.sql; backend/src/billing/settlement/types.ts,SETTLEMENT_BANK_CONFIGURATION; SUPPORTED_SETTLEMENT_CURRENCIES,NONE (source complete),NONE (automated evidence recorded),NONE,SOURCE_COMPLETE
PCA-ADD-BILL-037,PCA-BILL-3,Addendum 002 billing,Normative text in docs/implementation/addenda/PCA_ADDENDUM_002_PLATFORM_ADMINISTRATION_BILLING.md,SOURCE_COMPLETE,AUTOMATED (2 evidence paths); no real-device/provider/UAT acceptance,SETTLEMENT_BANK_CONFIGURATION; SUPPORTED_SETTLEMENT_CURRENCIES,,WS-19 ADDENDUM-002,backend/migrations/0015_settlement_reconciliation.sql; backend/src/billing/settlement/types.ts; backend/src/billing/settlement/SettlementService.ts,SETTLEMENT_BANK_CONFIGURATION; SUPPORTED_SETTLEMENT_CURRENCIES,NONE (source complete),NONE (automated evidence recorded),NONE,SOURCE_COMPLETE
PCA-ADD-BILL-038,PCA-BILL-3,Addendum 002 billing,Normative text in docs/implementation/addenda/PCA_ADDENDUM_002_PLATFORM_ADMINISTRATION_BILLING.md,SOURCE_COMPLETE,AUTOMATED (2 evidence paths); no real-device/provider/UAT acceptance,SETTLEMENT_BANK_CONFIGURATION; SUPPORTED_SETTLEMENT_CURRENCIES,,WS-19 ADDENDUM-002,backend/migrations/0015_settlement_reconciliation.sql; backend/src/billing/settlement/types.ts; backend/src/billing/settlement/SettlementService.ts; backend/src/platformadmin/settlement/PlatformAdminSettlementService.ts,SETTLEMENT_BANK_CONFIGURATION; SUPPORTED_SETTLEMENT_CURRENCIES,NONE (source complete),NONE (automated evidence recorded),NONE,SOURCE_COMPLETE
PCA-ADD-BILL-039,PCA-MYKIDS-BILL-1,Addendum 002 billing,Normative text in docs/implementation/addenda/PCA_ADDENDUM_002_PLATFORM_ADMINISTRATION_BILLING.md,SOURCE_COMPLETE,AUTOMATED (4 evidence paths); no real-device/provider/UAT acceptance,,,WS-19 ADDENDUM-002,backend/src/auth/fastifyAuthPlugin.ts; backend/src/http/routes/parentAccountRoutes.ts; parent-web/src/api/real/realBillingClient.ts; parent-web/src/api/real/realCommercialNotificationClient.ts; parent-web/src/api/client.ts,,NONE (source complete),NONE (automated evidence recorded),NONE,SOURCE_COMPLETE
PCA-ADD-BILL-040,PCA-MYKIDS-BILL-1,Addendum 002 billing,Normative text in docs/implementation/addenda/PCA_ADDENDUM_002_PLATFORM_ADMINISTRATION_BILLING.md,SOURCE_COMPLETE,AUTOMATED (1 evidence path); no real-device/provider/UAT acceptance,,,WS-19 ADDENDUM-002,backend/src/http/routes/familyCommercialRoutes.ts | backend/src/main.ts,,NONE (source complete),NONE (automated evidence recorded),NONE,SOURCE_COMPLETE
PCA-ADD-BILL-041,PCA-PA-1,Addendum 002 billing,Normative text in docs/implementation/addenda/PCA_ADDENDUM_002_PLATFORM_ADMINISTRATION_BILLING.md,SOURCE_COMPLETE_EXTERNAL_GATE,AUTOMATED (4 evidence paths); no real-device/provider/UAT acceptance,PAYMENT_PROVIDER_SELECTION; PAYMENT_PRODUCTION_CERTIFICATION,,WS-19 ADDENDUM-002,backend/src/billing/provider/providerRegistry.ts | backend/src/billing/provider/secretResolver.ts; backend/src/billing/provider/providerRegistry.ts; backend/src/billing/provider/secretResolver.ts,PAYMENT_PROVIDER_SELECTION; PAYMENT_PRODUCTION_CERTIFICATION,NONE (source complete),NONE (automated evidence recorded),NONE,SOURCE_COMPLETE_EXTERNAL_GATE
PCA-ADD-BILL-043,PCA-BILL-1,Addendum 002 billing,Normative text in docs/implementation/addenda/PCA_ADDENDUM_002_PLATFORM_ADMINISTRATION_BILLING.md,SOURCE_COMPLETE,AUTOMATED (1 evidence path); no real-device/provider/UAT acceptance,,,WS-19 ADDENDUM-002,backend/src/billing/payment.ts | backend/src/billing/checkout/quoteBridge.ts,,NONE (source complete),NONE (automated evidence recorded),NONE,SOURCE_COMPLETE
PCA-ADD-BILL-044,PCA-BILL-1,Addendum 002 billing,Normative text in docs/implementation/addenda/PCA_ADDENDUM_002_PLATFORM_ADMINISTRATION_BILLING.md,SOURCE_COMPLETE,AUTOMATED (1 evidence path); no real-device/provider/UAT acceptance,,,WS-19 ADDENDUM-002,backend/src/billing/rbac.ts | backend/src/http/routes/platformadmin/priceBookRoutes.ts,,NONE (source complete),NONE (automated evidence recorded),NONE,SOURCE_COMPLETE
PCA-ADD-BILL-045,PCA-BILL-1,Addendum 002 billing,Normative text in docs/implementation/addenda/PCA_ADDENDUM_002_PLATFORM_ADMINISTRATION_BILLING.md,SOURCE_COMPLETE,AUTOMATED (1 evidence path); no real-device/provider/UAT acceptance,,,WS-19 ADDENDUM-002,backend/src/billing/market.ts,,NONE (source complete),NONE (automated evidence recorded),NONE,SOURCE_COMPLETE
PCA-ADD-BILL-046,PCA-PA-2; PCA-BILL-2,Addendum 002 billing,Normative text in docs/implementation/addenda/PCA_ADDENDUM_002_PLATFORM_ADMINISTRATION_BILLING.md,SOURCE_COMPLETE,AUTOMATED (1 evidence path); no real-device/provider/UAT acceptance,,,WS-19 ADDENDUM-002,backend/src/billing/webhook/WebhookService.ts | backend/src/entitlements/payment/PaymentConfirmationService.ts,,NONE (source complete),NONE (automated evidence recorded),NONE,SOURCE_COMPLETE
PCA-ADD-BILL-047,PCA-PA-2; PCA-BILL-2,Addendum 002 billing,Normative text in docs/implementation/addenda/PCA_ADDENDUM_002_PLATFORM_ADMINISTRATION_BILLING.md,SOURCE_COMPLETE,NONE recorded,,,WS-19 ADDENDUM-002,backend/src/entitlements/EntitlementRepository.ts,,NONE (source complete),EXTERNAL (device/provider/UAT),NONE,SOURCE_COMPLETE
PCA-ADD-COMP-001,PCA-COMPLIMENTARY-ENTITLEMENTS-1,Addendum 004 complimentary entitlements,Normative text in docs/implementation/addenda/PCA_ADDENDUM_004_COMPLIMENTARY_ENTITLEMENTS.md,SOURCE_COMPLETE,AUTOMATED (2 evidence paths); no real-device/provider/UAT acceptance,,,WS-19 ADDENDUM-002/003/004,backend/src/entitlements/complimentary/ComplimentaryEntitlementService.ts; backend/src/entitlements/complimentary/**,,NONE (source complete),NONE (automated evidence recorded),NONE,SOURCE_COMPLETE
PCA-ADD-COMP-002,PCA-COMPLIMENTARY-ENTITLEMENTS-1,Addendum 004 complimentary entitlements,Normative text in docs/implementation/addenda/PCA_ADDENDUM_004_COMPLIMENTARY_ENTITLEMENTS.md,SOURCE_COMPLETE,AUTOMATED (1 evidence path); no real-device/provider/UAT acceptance,,,WS-19 ADDENDUM-002/003/004,backend/migrations/0014_complimentary_entitlement_grants.sql,,NONE (source complete),NONE (automated evidence recorded),NONE,SOURCE_COMPLETE
PCA-ADD-COMP-003,PCA-COMPLIMENTARY-ENTITLEMENTS-1,Addendum 004 complimentary entitlements,Normative text in docs/implementation/addenda/PCA_ADDENDUM_004_COMPLIMENTARY_ENTITLEMENTS.md,SOURCE_COMPLETE,AUTOMATED (2 evidence paths); no real-device/provider/UAT acceptance,,,WS-19 ADDENDUM-002/003/004,backend/src/entitlements/complimentary/types.ts,,NONE (source complete),NONE (automated evidence recorded),NONE,SOURCE_COMPLETE
PCA-ADD-COMP-004,PCA-COMPLIMENTARY-ENTITLEMENTS-1,Addendum 004 complimentary entitlements,Normative text in docs/implementation/addenda/PCA_ADDENDUM_004_COMPLIMENTARY_ENTITLEMENTS.md,SOURCE_COMPLETE,AUTOMATED (2 evidence paths); no real-device/provider/UAT acceptance,,,WS-19 ADDENDUM-002/003/004,backend/src/entitlements/complimentary/types.ts,,NONE (source complete),NONE (automated evidence recorded),NONE,SOURCE_COMPLETE
PCA-ADD-COMP-005,PCA-COMPLIMENTARY-ENTITLEMENTS-1,Addendum 004 complimentary entitlements,Normative text in docs/implementation/addenda/PCA_ADDENDUM_004_COMPLIMENTARY_ENTITLEMENTS.md,SOURCE_COMPLETE,AUTOMATED (1 evidence path); no real-device/provider/UAT acceptance,,,WS-19 ADDENDUM-002/003/004,backend/src/entitlements/complimentary/MySqlComplimentaryGrantRepository.ts | backend/src/entitlements/complimentary/ComplimentaryEntitlementService.ts,,NONE (source complete),NONE (automated evidence recorded),NONE,SOURCE_COMPLETE
PCA-ADD-COMP-006,PCA-COMPLIMENTARY-ENTITLEMENTS-1,Addendum 004 complimentary entitlements,Normative text in docs/implementation/addenda/PCA_ADDENDUM_004_COMPLIMENTARY_ENTITLEMENTS.md,SOURCE_COMPLETE,AUTOMATED (1 evidence path); no real-device/provider/UAT acceptance,,,WS-19 ADDENDUM-002/003/004,backend/src/entitlements/complimentary/MySqlComplimentaryGrantRepository.ts,,NONE (source complete),NONE (automated evidence recorded),NONE,SOURCE_COMPLETE
PCA-ADD-COMP-007,PCA-COMPLIMENTARY-ENTITLEMENTS-1,Addendum 004 complimentary entitlements,Normative text in docs/implementation/addenda/PCA_ADDENDUM_004_COMPLIMENTARY_ENTITLEMENTS.md,SOURCE_COMPLETE,AUTOMATED (1 evidence path); no real-device/provider/UAT acceptance,,,WS-19 ADDENDUM-002/003/004,backend/src/entitlements/complimentary/types.ts,,NONE (source complete),NONE (automated evidence recorded),NONE,SOURCE_COMPLETE
PCA-ADD-COMP-008,PCA-COMPLIMENTARY-ENTITLEMENTS-1,Addendum 004 complimentary entitlements,Normative text in docs/implementation/addenda/PCA_ADDENDUM_004_COMPLIMENTARY_ENTITLEMENTS.md,SOURCE_COMPLETE,AUTOMATED (2 evidence paths); no real-device/provider/UAT acceptance,,,WS-19 ADDENDUM-002/003/004,backend/src/entitlements/complimentary/types.ts; backend/src/platformadmin/complimentary/PlatformAdminComplimentaryGrantService.ts; backend/migrations/0014_complimentary_entitlement_grants.sql,,NONE (source complete),NONE (automated evidence recorded),NONE,SOURCE_COMPLETE
PCA-ADD-COMP-009,PCA-COMPLIMENTARY-ENTITLEMENTS-1,Addendum 004 complimentary entitlements,Normative text in docs/implementation/addenda/PCA_ADDENDUM_004_COMPLIMENTARY_ENTITLEMENTS.md,SOURCE_COMPLETE,AUTOMATED (2 evidence paths); no real-device/provider/UAT acceptance,,,WS-19 ADDENDUM-002/003/004,backend/src/entitlements/complimentary/ComplimentaryEntitlementService.ts,,NONE (source complete),NONE (automated evidence recorded),NONE,SOURCE_COMPLETE
PCA-ADD-COMP-010,PCA-COMPLIMENTARY-ENTITLEMENTS-1,Addendum 004 complimentary entitlements,Normative text in docs/implementation/addenda/PCA_ADDENDUM_004_COMPLIMENTARY_ENTITLEMENTS.md,SOURCE_COMPLETE,AUTOMATED (1 evidence path); no real-device/provider/UAT acceptance,,,WS-19 ADDENDUM-002/003/004,backend/src/entitlements/complimentary/EffectiveEntitlementCapacity.ts; backend/src/entitlements/requests/ChangeRequestService.ts,,NONE (source complete),NONE (automated evidence recorded),NONE,SOURCE_COMPLETE
PCA-ADD-COMP-011,PCA-COMPLIMENTARY-ENTITLEMENTS-1,Addendum 004 complimentary entitlements,Normative text in docs/implementation/addenda/PCA_ADDENDUM_004_COMPLIMENTARY_ENTITLEMENTS.md,SOURCE_COMPLETE,AUTOMATED (1 evidence path); no real-device/provider/UAT acceptance,,,WS-19 ADDENDUM-002/003/004,backend/src/entitlements/complimentary/MySqlComplimentaryGrantRepository.ts,,NONE (source complete),NONE (automated evidence recorded),NONE,SOURCE_COMPLETE
PCA-ADD-COMP-012,PCA-COMPLIMENTARY-ENTITLEMENTS-1,Addendum 004 complimentary entitlements,Normative text in docs/implementation/addenda/PCA_ADDENDUM_004_COMPLIMENTARY_ENTITLEMENTS.md,SOURCE_COMPLETE,AUTOMATED (1 evidence path); no real-device/provider/UAT acceptance,,,WS-19 ADDENDUM-002/003/004,backend/src/entitlements/complimentary/MySqlComplimentaryGrantRepository.ts,,NONE (source complete),NONE (automated evidence recorded),NONE,SOURCE_COMPLETE
PCA-ADD-COMP-013,PCA-COMPLIMENTARY-ENTITLEMENTS-1,Addendum 004 complimentary entitlements,Normative text in docs/implementation/addenda/PCA_ADDENDUM_004_COMPLIMENTARY_ENTITLEMENTS.md,SOURCE_COMPLETE,AUTOMATED (3 evidence paths); no real-device/provider/UAT acceptance,,,WS-19 ADDENDUM-002/003/004,backend/src/http/routes/platformadmin/complimentaryGrantRoutes.ts,,NONE (source complete),NONE (automated evidence recorded),NONE,SOURCE_COMPLETE
PCA-ADD-COMP-014,PCA-COMPLIMENTARY-ENTITLEMENTS-1,Addendum 004 complimentary entitlements,Normative text in docs/implementation/addenda/PCA_ADDENDUM_004_COMPLIMENTARY_ENTITLEMENTS.md,SOURCE_COMPLETE,AUTOMATED (2 evidence paths); no real-device/provider/UAT acceptance,,,WS-19 ADDENDUM-002/003/004,backend/src/platformadmin/auth/rbacPolicy.ts,,NONE (source complete),NONE (automated evidence recorded),NONE,SOURCE_COMPLETE
PCA-ADD-COMP-015,PCA-COMPLIMENTARY-ENTITLEMENTS-1,Addendum 004 complimentary entitlements,Normative text in docs/implementation/addenda/PCA_ADDENDUM_004_COMPLIMENTARY_ENTITLEMENTS.md,SOURCE_COMPLETE,AUTOMATED (1 evidence path); no real-device/provider/UAT acceptance,,,WS-19 ADDENDUM-002/003/004,backend/src/platformadmin/complimentary/PlatformAdminComplimentaryGrantService.ts,,NONE (source complete),NONE (automated evidence recorded),NONE,SOURCE_COMPLETE
PCA-ADD-COMP-016,PCA-COMPLIMENTARY-ENTITLEMENTS-1,Addendum 004 complimentary entitlements,Normative text in docs/implementation/addenda/PCA_ADDENDUM_004_COMPLIMENTARY_ENTITLEMENTS.md,SOURCE_COMPLETE,AUTOMATED (1 evidence path); no real-device/provider/UAT acceptance,,,WS-19 ADDENDUM-002/003/004,backend/src/platformadmin/audit/types.ts,,NONE (source complete),NONE (automated evidence recorded),NONE,SOURCE_COMPLETE
PCA-ADD-COMP-017,PCA-COMPLIMENTARY-ENTITLEMENTS-1,Addendum 004 complimentary entitlements,Normative text in docs/implementation/addenda/PCA_ADDENDUM_004_COMPLIMENTARY_ENTITLEMENTS.md,SOURCE_COMPLETE,NONE recorded,,,WS-19 ADDENDUM-002/003/004,platform-admin-web/src/pages/entitlements/ComplimentaryCapacity.tsx,,NONE (source complete),EXTERNAL (device/provider/UAT),NONE,SOURCE_COMPLETE
PCA-ADD-COMP-018,PCA-COMPLIMENTARY-ENTITLEMENTS-1,Addendum 004 complimentary entitlements,Normative text in docs/implementation/addenda/PCA_ADDENDUM_004_COMPLIMENTARY_ENTITLEMENTS.md,SOURCE_COMPLETE,AUTOMATED (1 evidence path); no real-device/provider/UAT acceptance,,,WS-19 ADDENDUM-002/003/004,backend/src/entitlements/complimentary/MyKidsComplimentaryReadModel.ts,,NONE (source complete),NONE (automated evidence recorded),NONE,SOURCE_COMPLETE
PCA-ADD-COMP-019,PCA-COMPLIMENTARY-ENTITLEMENTS-1,Addendum 004 complimentary entitlements,Normative text in docs/implementation/addenda/PCA_ADDENDUM_004_COMPLIMENTARY_ENTITLEMENTS.md,SOURCE_COMPLETE,AUTOMATED (1 evidence path); no real-device/provider/UAT acceptance,,,WS-19 ADDENDUM-002/003/004,backend/src/entitlements/complimentary/MyKidsComplimentaryReadModel.ts,,NONE (source complete),NONE (automated evidence recorded),NONE,SOURCE_COMPLETE
PCA-ADD-COMP-020,PCA-COMPLIMENTARY-ENTITLEMENTS-1,Addendum 004 complimentary entitlements,Normative text in docs/implementation/addenda/PCA_ADDENDUM_004_COMPLIMENTARY_ENTITLEMENTS.md,SOURCE_COMPLETE,AUTOMATED (1 evidence path); no real-device/provider/UAT acceptance,,,WS-19 ADDENDUM-002/003/004,backend/src/http/routes/familyCommercialRoutes.ts; backend/src/entitlements/complimentary/MyKidsComplimentaryReadModel.ts,,NONE (source complete),NONE (automated evidence recorded),NONE,SOURCE_COMPLETE
PCA-ADD-COMP-021,PCA-COMPLIMENTARY-ENTITLEMENTS-1,Addendum 004 complimentary entitlements,Normative text in docs/implementation/addenda/PCA_ADDENDUM_004_COMPLIMENTARY_ENTITLEMENTS.md,SOURCE_COMPLETE,AUTOMATED (1 evidence path); no real-device/provider/UAT acceptance,,,WS-19 ADDENDUM-002/003/004,backend/test/db/complimentaryGrants.mysql.test.mjs,,NONE (source complete),NONE (automated evidence recorded),NONE,SOURCE_COMPLETE
PCA-ADD-COMP-022,PCA-COMPLIMENTARY-ENTITLEMENTS-1,Addendum 004 complimentary entitlements,Normative text in docs/implementation/addenda/PCA_ADDENDUM_004_COMPLIMENTARY_ENTITLEMENTS.md,SOURCE_COMPLETE,AUTOMATED (1 evidence path); no real-device/provider/UAT acceptance,,,WS-19 ADDENDUM-002/003/004,backend/src/entitlements/complimentary/MySqlComplimentaryGrantRepository.ts,,NONE (source complete),NONE (automated evidence recorded),NONE,SOURCE_COMPLETE
PCA-ADD-COMP-023,PCA-COMPLIMENTARY-ENTITLEMENTS-1,Addendum 004 complimentary entitlements,Normative text in docs/implementation/addenda/PCA_ADDENDUM_004_COMPLIMENTARY_ENTITLEMENTS.md,SOURCE_COMPLETE,AUTOMATED (1 evidence path); no real-device/provider/UAT acceptance,,,WS-19 ADDENDUM-002/003/004,backend/migrations/0014_complimentary_entitlement_grants.sql,,NONE (source complete),NONE (automated evidence recorded),NONE,SOURCE_COMPLETE
PCA-ADD-COMP-024,PCA-COMPLIMENTARY-ENTITLEMENTS-1,Addendum 004 complimentary entitlements,Normative text in docs/implementation/addenda/PCA_ADDENDUM_004_COMPLIMENTARY_ENTITLEMENTS.md,SOURCE_COMPLETE,AUTOMATED (1 evidence path); no real-device/provider/UAT acceptance,,,WS-19 ADDENDUM-002/003/004,backend/migrations/0014_complimentary_entitlement_grants.sql,,NONE (source complete),NONE (automated evidence recorded),NONE,SOURCE_COMPLETE
PCA-ADD-COMP-025,PCA-COMPLIMENTARY-ENTITLEMENTS-1,Addendum 004 complimentary entitlements,Normative text in docs/implementation/addenda/PCA_ADDENDUM_004_COMPLIMENTARY_ENTITLEMENTS.md,SOURCE_COMPLETE,AUTOMATED (1 evidence path); no real-device/provider/UAT acceptance,,,WS-19 ADDENDUM-002/003/004,backend/migrations/0014_complimentary_entitlement_grants.sql,,NONE (source complete),NONE (automated evidence recorded),NONE,SOURCE_COMPLETE
PCA-ADD-ENR-001,PCA-10,Addendum 001 enrollment,Normative text in docs/implementation/addenda/PCA_ADDENDUM_001_SECURE_INVITE_PROTECTED_ENROLLMENT.md,SOURCE_COMPLETE,AUTOMATED (3 evidence paths); no real-device/provider/UAT acceptance,,,WS-10 PCA-10,parent-web/src/pages/family/DeviceEnrollmentPanel.tsx; backend/src/http/routes/invitationRoutes.ts; backend/src/invitation/InvitationService.ts; backend/migrations/0019_enrollment_profile_contract.sql; android/app/src/main/java/org/pca/app/enrollment/EnrollmentApiClient.kt; ios/PCA/Enrollment/ChildEnrollmentCoordinator.swift,,NONE (source complete),NONE (automated evidence recorded),NONE,SOURCE_COMPLETE
PCA-ADD-ENR-002,PCA-1; PCA-10,Addendum 001 enrollment,Normative text in docs/implementation/addenda/PCA_ADDENDUM_001_SECURE_INVITE_PROTECTED_ENROLLMENT.md,SOURCE_COMPLETE,AUTOMATED (1 evidence path); no real-device/provider/UAT acceptance,,,WS-01 PCA-1,"backend/src/invitation/token.ts (generateInvitationToken, 256-bit CSPRNG) | parent-web/src/pages/family/InvitationQrCode.tsx (local QR rendering) | parent-web/src/pages/family/invitationFallbackCode.ts (SHA-256-derived 12-character display-only identifier) | parent-web/src/pages/family/DeviceEnrollmentPanel.tsx (one-time link, QR, raw token, and fallback reveal)",,NONE (source complete),NONE (automated evidence recorded),NONE,SOURCE_COMPLETE
PCA-ADD-ENR-003,PCA-1; PCA-10,Addendum 001 enrollment,Normative text in docs/implementation/addenda/PCA_ADDENDUM_001_SECURE_INVITE_PROTECTED_ENROLLMENT.md,SOURCE_COMPLETE,AUTOMATED (1 evidence path); no real-device/provider/UAT acceptance,,,WS-01 PCA-1,backend/src/invitation/token.ts | parent-web/src/pages/family/invitationFallbackCode.ts | parent-web/src/pages/family/DeviceEnrollmentPanel.tsx | parent-web/src/i18n/locales/en.json | parent-web/src/i18n/locales/ar.json,,NONE (source complete),NONE (automated evidence recorded),NONE,SOURCE_COMPLETE
PCA-ADD-ENR-004,PCA-1,Addendum 001 enrollment,Normative text in docs/implementation/addenda/PCA_ADDENDUM_001_SECURE_INVITE_PROTECTED_ENROLLMENT.md,SOURCE_COMPLETE,AUTOMATED (2 evidence paths); no real-device/provider/UAT acceptance,,,WS-01 PCA-1,"backend/src/invitation/token.ts; backend/src/invitation/token.ts (randomBytes(32), hashInvitationToken SHA-256) | backend/src/invitation/policy.ts (resolveInvitationTtlMs, computeExpiryInstant) | backend/src/invitation/InvitationService.ts (revokeInvitation, revokeInvitationForFamily) | backend/migrations/0001_mysql_baseline.sql (enrollment_invitations.token_hash UNIQUE, hash-only storage)",,NONE (source complete),NONE (automated evidence recorded),NONE,SOURCE_COMPLETE
PCA-ADD-ENR-005,PCA-1,Addendum 001 enrollment,Normative text in docs/implementation/addenda/PCA_ADDENDUM_001_SECURE_INVITE_PROTECTED_ENROLLMENT.md,SOURCE_COMPLETE,AUTOMATED (2 evidence paths); no real-device/provider/UAT acceptance,,,WS-01 PCA-1,backend/migrations/0016_invitation_lifecycle_states.sql | backend/src/invitation/types.ts | backend/src/invitation/InvitationService.ts | backend/src/invitation/MySqlInvitationRepository.ts,,NONE (source complete),NONE (automated evidence recorded),NONE,SOURCE_COMPLETE
PCA-ADD-ENR-006,PCA-1,Addendum 001 enrollment,Normative text in docs/implementation/addenda/PCA_ADDENDUM_001_SECURE_INVITE_PROTECTED_ENROLLMENT.md,SOURCE_COMPLETE,AUTOMATED (2 evidence paths); no real-device/provider/UAT acceptance,,,WS-01 PCA-1,"backend/src/invitation/InvitationService.ts (loadRedeemable, applyForwardTransition, persistExpiryIfDue) | backend/src/invitation/InvitationRepository.ts",,NONE (source complete),NONE (automated evidence recorded),NONE,SOURCE_COMPLETE
PCA-ADD-ENR-007,PCA-10,Addendum 001 enrollment,Normative text in docs/implementation/addenda/PCA_ADDENDUM_001_SECURE_INVITE_PROTECTED_ENROLLMENT.md,SOURCE_COMPLETE,AUTOMATED (2 evidence paths); no real-device/provider/UAT acceptance,,,WS-10 PCA-10,"backend/src/invitation/InvitationService.ts; backend/src/http/routes/invitationRoutes.ts; backend/src/invitation/InvitationService.ts (listInvitationsForFamily, getInvitationForFamily, revokeInvitationForFamily) | backend/src/http/routes/invitationRoutes.ts | parent-web/src/pages/family/DeviceEnrollmentPanel.tsx (status table + revoke button gated by PermissionGate action=REVOKE_DEVICE_INVITATION, no token shown in list view)",,NONE (source complete),NONE (automated evidence recorded),NONE,SOURCE_COMPLETE
PCA-ADD-ENR-008,PCA-1; PCA-2,Addendum 001 enrollment,Normative text in docs/implementation/addenda/PCA_ADDENDUM_001_SECURE_INVITE_PROTECTED_ENROLLMENT.md,PARTIAL,AUTOMATED (2 evidence paths); no real-device/provider/UAT acceptance,ANDROID_APP_LINK_ASSETLINKS_HOSTING; ANDROID_PHYSICAL_INSTALL_CONTINUATION,"Gated: ANDROID_APP_LINK_ASSETLINKS_HOSTING, ANDROID_PHYSICAL_INSTALL_CONTINUATION",WS-01 PCA-1,android/app/src/main/AndroidManifest.xml (https autoVerify App Link intent-filter); android/app/src/main/java/org/pca/app/enrollment/EnrollmentDeepLinkConfig.kt; android/app/src/main/java/org/pca/app/enrollment/EnrollmentLinkParser.kt; android/app/src/main/java/org/pca/app/enrollment/EnrollmentCoordinator.kt,ANDROID_APP_LINK_ASSETLINKS_HOSTING; ANDROID_PHYSICAL_INSTALL_CONTINUATION,DEFERRED_EXTERNAL_GATE (ANDROID_APP_LINK_ASSETLINKS_HOSTING; ANDROID_PHYSICAL_INSTALL_CONTINUATION),NONE (automated evidence recorded),NONE,PARTIAL
PCA-ADD-ENR-009,PCA-2,Addendum 001 enrollment,Normative text in docs/implementation/addenda/PCA_ADDENDUM_001_SECURE_INVITE_PROTECTED_ENROLLMENT.md,SOURCE_COMPLETE_EXTERNAL_GATE,AUTOMATED (3 evidence paths); no real-device/provider/UAT acceptance,PENDING_OWNER_DECISION,,WS-02 PCA-2,android/app/src/main/java/org/pca/app/platform/DevicePolicyCapabilitySource.kt; android/app/src/main/java/org/pca/app/platform/StandardDevicePolicyCapabilitySource.kt; android/app/src/main/java/org/pca/app/platform/ProtectedModeProvisioningGate.kt,PENDING_OWNER_DECISION,NONE (source complete),NONE (automated evidence recorded),NONE,SOURCE_COMPLETE_EXTERNAL_GATE
PCA-ADD-ENR-010,PCA-15,Addendum 001 enrollment,Normative text in docs/implementation/addenda/PCA_ADDENDUM_001_SECURE_INVITE_PROTECTED_ENROLLMENT.md,SOURCE_COMPLETE,AUTOMATED (2 evidence paths); no real-device/provider/UAT acceptance,IOS_FAMILY_CONTROLS_ENTITLEMENT; IOS_MAC_XCODE; IOS_PHYSICAL_DEVICE,,WS-15 PCA-15,ios/PCA/Enrollment/ChildEnrollmentCoordinator.swift; ios/PCATests/EnrollmentProfileTests.swift; android/app/src/main/java/org/pca/app/enrollment/EnrollmentProfile.kt; android/app/src/test/java/org/pca/app/enrollment/EnrollmentProfileContractTest.kt,IOS_FAMILY_CONTROLS_ENTITLEMENT; IOS_MAC_XCODE; IOS_PHYSICAL_DEVICE,NONE (source complete),NONE (automated evidence recorded),NONE,SOURCE_COMPLETE
PCA-ADD-ENR-011,PCA-10; PCA-16,Addendum 001 enrollment,Normative text in docs/implementation/addenda/PCA_ADDENDUM_001_SECURE_INVITE_PROTECTED_ENROLLMENT.md,SOURCE_COMPLETE,AUTOMATED (2 evidence paths); no real-device/provider/UAT acceptance,,,WS-10 PCA-10,android/app/src/main/java/org/pca/app/MainActivity.kt; android/app/src/main/java/org/pca/app/runtime/ui/ChildHomeScreen.kt; android/app/src/main/res/values/runtime_strings.xml; android/app/src/main/res/values-ar/runtime_strings.xml,,NONE (source complete),NONE (automated evidence recorded),NONE,SOURCE_COMPLETE
PCA-ADD-ENR-012,PCA-10; PCA-13,Addendum 001 enrollment,Normative text in docs/implementation/addenda/PCA_ADDENDUM_001_SECURE_INVITE_PROTECTED_ENROLLMENT.md,SOURCE_COMPLETE,AUTOMATED (3 evidence paths); no real-device/provider/UAT acceptance,,,WS-10 PCA-10,backend/src/enrollment/AdministrationPinService.ts; backend/src/enrollment/MySqlAdministrationPinRepository.ts; backend/migrations/0022_enrollment_administration_persistence.sql; backend/src/http/routes/removalDecisionRoutes.ts; backend/src/http/buildServer.ts; backend/src/main.ts; parent-web/src/pages/family/ProtectionAdministrationPanel.tsx; parent-web/src/pages/family/Devices.tsx; parent-web/src/api/real/realProtectionAdministrationActions.ts,,NONE (source complete),NONE (automated evidence recorded),NONE,SOURCE_COMPLETE
PCA-ADD-ENR-013,PCA-10; PCA-11; PCA-13,Addendum 001 enrollment,Normative text in docs/implementation/addenda/PCA_ADDENDUM_001_SECURE_INVITE_PROTECTED_ENROLLMENT.md,SOURCE_COMPLETE,AUTOMATED (1 evidence path); no real-device/provider/UAT acceptance,CRYPTO_SECURITY_REVIEW,,WS-10 PCA-10,android/app/src/main/java/org/pca/app/security/Pbkdf2AdminPinVerifier.kt; android/app/src/main/java/org/pca/app/security/PinAttemptThrottle.kt; android/app/src/main/java/org/pca/app/security/ThrottledAdminPinVerifier.kt; android/app/src/main/java/org/pca/app/security/ui/AdminPinScreen.kt; android/app/src/main/java/org/pca/app/security/BiometricAuthGate.kt; android/app/src/main/java/org/pca/app/security/RealBiometricAuthGate.kt; android/app/src/main/java/org/pca/app/feature/removaldecision/ui/RemovalDecisionScreen.kt; backend/src/enrollment/AdministrationPinService.ts; backend/src/http/routes/removalDecisionRoutes.ts; backend/src/deviceauth/DeviceAuthService.ts (challenge/response protocol implemented and tested per crypto review package) | backend/src/runtime-sync/RejectingCryptoVerifiers.ts (RejectingDeviceSignatureVerifier wired in production),CRYPTO_SECURITY_REVIEW,NONE (source complete),NONE (automated evidence recorded),NONE,SOURCE_COMPLETE
PCA-ADD-ENR-014,PCA-13,Addendum 001 enrollment,Normative text in docs/implementation/addenda/PCA_ADDENDUM_001_SECURE_INVITE_PROTECTED_ENROLLMENT.md,SOURCE_COMPLETE,AUTOMATED (4 evidence paths); no real-device/provider/UAT acceptance,,,WS-13 PCA-13,android/app/src/main/java/org/pca/app/security/Pbkdf2AdminPinVerifier.kt; android/app/src/main/java/org/pca/app/security/PinAttemptThrottle.kt; android/app/src/main/java/org/pca/app/security/ThrottledAdminPinVerifier.kt; android/app/src/main/java/org/pca/app/security/ui/AdminPinScreen.kt; android/app/src/main/java/org/pca/app/security/ui/AdminSecurityActivity.kt,,NONE (source complete),NONE (automated evidence recorded),NONE,SOURCE_COMPLETE
PCA-ADD-ENR-015,PCA-13; PCA-17,Addendum 001 enrollment,Normative text in docs/implementation/addenda/PCA_ADDENDUM_001_SECURE_INVITE_PROTECTED_ENROLLMENT.md,SOURCE_COMPLETE,AUTOMATED (1 evidence path); no real-device/provider/UAT acceptance,,,WS-13 PCA-13,"android/app/src/main/java/org/pca/app/security/Pbkdf2AdminPinVerifier.kt (stores only a salted hash, never the raw PIN)",,NONE (source complete),NONE (automated evidence recorded),NONE,SOURCE_COMPLETE
PCA-ADD-ENR-016,PCA-10; PCA-11; PCA-13,Addendum 001 enrollment,Normative text in docs/implementation/addenda/PCA_ADDENDUM_001_SECURE_INVITE_PROTECTED_ENROLLMENT.md,SOURCE_COMPLETE,AUTOMATED (4 evidence paths); no real-device/provider/UAT acceptance,,,WS-10 PCA-10,backend/src/familyrbac/RemovalDecisionAuthority.ts; backend/src/familyrbac/MySqlRemovalDecisionRepository.ts; backend/migrations/0023_removal_decision_authority_persistence.sql; backend/src/http/routes/removalDecisionRoutes.ts; backend/src/http/buildServer.ts; parent-web/src/pages/family/ProtectionAdministrationPanel.tsx; parent-web/src/pages/family/Devices.tsx; parent-web/src/api/real/realProtectionAdministrationActions.ts,,NONE (source complete),NONE (automated evidence recorded),NONE,SOURCE_COMPLETE
PCA-ADD-ENR-017,PCA-10; PCA-11,Addendum 001 enrollment,Normative text in docs/implementation/addenda/PCA_ADDENDUM_001_SECURE_INVITE_PROTECTED_ENROLLMENT.md,SOURCE_COMPLETE,AUTOMATED (3 evidence paths); no real-device/provider/UAT acceptance,,,WS-10 PCA-10,backend/src/familyrbac/RemovalDecisionAuthority.ts; backend/src/familyrbac/MySqlRemovalDecisionRepository.ts; backend/migrations/0023_removal_decision_authority_persistence.sql; backend/src/http/routes/removalDecisionRoutes.ts; backend/src/http/buildServer.ts; parent-web/src/pages/family/ProtectionAdministrationPanel.tsx; parent-web/src/pages/family/Devices.tsx; parent-web/src/api/real/realProtectionAdministrationActions.ts,,NONE (source complete),NONE (automated evidence recorded),NONE,SOURCE_COMPLETE
PCA-ADD-ENR-018,PCA-11; PCA-13,Addendum 001 enrollment,Normative text in docs/implementation/addenda/PCA_ADDENDUM_001_SECURE_INVITE_PROTECTED_ENROLLMENT.md,SOURCE_COMPLETE_EXTERNAL_GATE,AUTOMATED (1 evidence path); no real-device/provider/UAT acceptance,CRYPTO_SECURITY_REVIEW,,WS-11 PCA-11,backend/src/familyrbac/RemovalDecisionAuthority.ts; backend/src/familyrbac/MySqlRemovalDecisionRepository.ts; backend/migrations/0023_removal_decision_authority_persistence.sql; backend/src/http/routes/removalDecisionRoutes.ts; backend/src/main.ts; backend/src/http/buildServer.ts; backend/src/familyrbac/UnavailableRemovalDecisionSigningKeyResolver.ts,CRYPTO_SECURITY_REVIEW,NONE (source complete),NONE (automated evidence recorded),NONE,SOURCE_COMPLETE_EXTERNAL_GATE
PCA-ADD-ENR-019,PCA-2; PCA-10; PCA-13; PCA-15,Addendum 001 enrollment,Normative text in docs/implementation/addenda/PCA_ADDENDUM_001_SECURE_INVITE_PROTECTED_ENROLLMENT.md,SOURCE_COMPLETE_EXTERNAL_GATE,NONE recorded,PRODUCTION_CRYPTO_SUITE,,WS-02 PCA-2,android/app/src/main/java/org/pca/app/platform/PlatformProtectionCapabilities.kt; android/app/src/main/java/org/pca/app/runtime/PcaRuntime.kt; android/app/src/main/java/org/pca/app/runtime/ui/ChildHomeScreen.kt; parent-web/src/domain/types.ts; parent-web/src/api/dev/fixtures.ts; parent-web/src/components/common/StatusBadge.tsx; parent-web/src/styles/global.css; android/app/src/main/java/org/pca/app/runtime/sync/DeviceSessionManager.kt; backend/src/http/routes/runtimeSyncRoutes.ts,PRODUCTION_CRYPTO_SUITE,NONE (source complete),EXTERNAL (device/provider/UAT),NONE,SOURCE_COMPLETE_EXTERNAL_GATE
PCA-ADD-ENR-020,PCA-11; PCA-13,Addendum 001 enrollment,Normative text in docs/implementation/addenda/PCA_ADDENDUM_001_SECURE_INVITE_PROTECTED_ENROLLMENT.md,SOURCE_COMPLETE_EXTERNAL_GATE,AUTOMATED (8 evidence paths); no real-device/provider/UAT acceptance,PRODUCTION_CRYPTO_SUITE,,WS-11 PCA-11,backend/src/alerts/types.ts; backend/src/alerts/policy.ts; backend/src/alerts/ProtectionAlertGenerator.ts; backend/src/alerts/ProtectionAlertLedger.ts; backend/src/alerts/MySqlProtectionAlertLedger.ts; backend/src/alerts/ProtectionAlertProducer.ts; backend/src/alerts/RejectingOpaqueProtectionAlertComposer.ts; backend/src/alerts/MySqlOwnerParentDeviceResolver.ts; backend/migrations/0025_protection_alerts.sql; backend/src/familyrbac/RemovalDecisionAuthority.ts; backend/src/invitation/InvitationService.ts; backend/src/http/routes/runtimeSyncRoutes.ts; backend/src/http/buildServer.ts; backend/src/main.ts; ios/PCA/Alerts/ProtectionAlert.swift; parent-web/src/pages/security/ProtectionAlertPanel.tsx; parent-web/src/pages/security/ProtectionStatus.tsx,PRODUCTION_CRYPTO_SUITE,NONE (source complete),NONE (automated evidence recorded),NONE,SOURCE_COMPLETE_EXTERNAL_GATE
PCA-ADD-ENR-021,PCA-10; PCA-13; PCA-15,Addendum 001 enrollment,Normative text in docs/implementation/addenda/PCA_ADDENDUM_001_SECURE_INVITE_PROTECTED_ENROLLMENT.md,SOURCE_COMPLETE,AUTOMATED (1 evidence path); no real-device/provider/UAT acceptance,OEM_DEVICE_DIVERSITY_VALIDATION,,WS-10 PCA-10,android/app/src/main/java/org/pca/app/runtime/schedule/EmergencyAccessFloor.kt; android/app/src/main/java/org/pca/app/runtime/schedule/AndroidCommunicationSurfaceResolver.kt; android/app/src/main/java/org/pca/app/runtime/schedule/ScheduleRuntime.kt; android/app/src/main/java/org/pca/app/runtime/schedule/ScheduleEnforcementConsumer.kt,OEM_DEVICE_DIVERSITY_VALIDATION,NONE (source complete),NONE (automated evidence recorded),NONE,SOURCE_COMPLETE
PCA-ADD-ENR-022,PCA-1; PCA-11,Addendum 001 enrollment,Normative text in docs/implementation/addenda/PCA_ADDENDUM_001_SECURE_INVITE_PROTECTED_ENROLLMENT.md,SOURCE_COMPLETE,AUTOMATED (1 evidence path); no real-device/provider/UAT acceptance,,,WS-01 PCA-1,"backend/migrations/0001_mysql_baseline.sql (enrollment_invitations stores only token_hash/platform/requested_protection_mode/status/timestamps) | backend/test/db/schema-privacy.mysql.test.mjs (schema-wide regression guard against prohibited plaintext column/table names, plus key-column allowlist)",,NONE (source complete),NONE (automated evidence recorded),NONE,SOURCE_COMPLETE
PCA-ADD-ENR-023,PCA-1,Addendum 001 enrollment,Normative text in docs/implementation/addenda/PCA_ADDENDUM_001_SECURE_INVITE_PROTECTED_ENROLLMENT.md,SOURCE_COMPLETE,AUTOMATED (2 evidence paths); no real-device/provider/UAT acceptance,,,WS-01 PCA-1,backend/src/invitation/MySqlInvitationRepository.ts | backend/migrations/0016_invitation_lifecycle_states.sql | backend/src/invitation/InvitationService.ts | backend/src/invitation/InvitationRepository.ts,,NONE (source complete),NONE (automated evidence recorded),NONE,SOURCE_COMPLETE
PCA-ADD-ENR-024,PCA-1; PCA-11; PCA-13,Addendum 001 enrollment,Normative text in docs/implementation/addenda/PCA_ADDENDUM_001_SECURE_INVITE_PROTECTED_ENROLLMENT.md,SOURCE_COMPLETE_EXTERNAL_GATE,AUTOMATED (5 evidence paths); no real-device/provider/UAT acceptance,PRODUCTION_CRYPTO_SUITE,,WS-01 PCA-1,backend/src/invitation/InvitationService.ts (loadRedeemable/findByToken reject with fixed generic InvitationError codes) | backend/test/db/authz.mysql.test.mjs:59 (wrong-family IDOR check against real MySQL); backend/src/familyrbac/RemovalDecisionAuthority.ts; backend/src/familyrbac/UnavailableRemovalDecisionSigningKeyResolver.ts; backend/src/http/routes/removalDecisionRoutes.ts; backend/src/main.ts; backend/src/http/buildServer.ts; backend/src/invitation/InvitationService.ts,PRODUCTION_CRYPTO_SUITE,NONE (source complete),NONE (automated evidence recorded),NONE,SOURCE_COMPLETE_EXTERNAL_GATE
PCA-ADD-ENR-025,PCA-1; PCA-2; PCA-10; PCA-11; PCA-13; PCA-15,Addendum 001 enrollment,Normative text in docs/implementation/addenda/PCA_ADDENDUM_001_SECURE_INVITE_PROTECTED_ENROLLMENT.md,SOURCE_COMPLETE_EXTERNAL_GATE,AUTOMATED (7 evidence paths); no real-device/provider/UAT acceptance,PRODUCTION_CRYPTO_SUITE,,WS-01 PCA-1,android/app/src/main/java/org/pca/app/persistence/retention/RetentionEngine.kt; android/app/src/main/java/org/pca/app/persistence/retention/DeleteNowCoordinator.kt; android/app/src/main/java/org/pca/app/persistence/export/LocalRoomFamilyExportDataSource.kt; backend/src/retention/**; backend/src/export/**; backend/src/familyrbac/RemovalDecisionAuthority.ts; backend/src/familyrbac/MySqlRemovalDecisionRepository.ts; backend/src/http/routes/removalDecisionRoutes.ts; backend/src/alerts/ProtectionAlertProducer.ts; backend/src/alerts/MySqlProtectionAlertLedger.ts,PRODUCTION_CRYPTO_SUITE,NONE (source complete),NONE (automated evidence recorded),NONE,SOURCE_COMPLETE_EXTERNAL_GATE
PCA-ADD-IDENT-001,PCA-AUTH-SESSION-1,Addendum 003 parent identity,Normative text in docs/implementation/addenda/PCA_ADDENDUM_003_PARENT_IDENTITY_REGISTRATION_FREE_ACCESS.md,SOURCE_COMPLETE,AUTOMATED (3 evidence paths); no real-device/provider/UAT acceptance,,,WS-19 ADDENDUM-002/003/004,backend/src/parentaccount/ParentAccountService.ts; backend/src/parentaccount/**,,NONE (source complete),NONE (automated evidence recorded),NONE,SOURCE_COMPLETE
PCA-ADD-IDENT-002,PCA-AUTH-SESSION-1,Addendum 003 parent identity,Normative text in docs/implementation/addenda/PCA_ADDENDUM_003_PARENT_IDENTITY_REGISTRATION_FREE_ACCESS.md,SOURCE_COMPLETE,AUTOMATED (1 evidence path); no real-device/provider/UAT acceptance,,,WS-19 ADDENDUM-002/003/004,backend/src/parentaccount/ParentAccountService.ts,,NONE (source complete),NONE (automated evidence recorded),NONE,SOURCE_COMPLETE
PCA-ADD-IDENT-003,PCA-AUTH-SESSION-1,Addendum 003 parent identity,Normative text in docs/implementation/addenda/PCA_ADDENDUM_003_PARENT_IDENTITY_REGISTRATION_FREE_ACCESS.md,SOURCE_COMPLETE,AUTOMATED (2 evidence paths); no real-device/provider/UAT acceptance,,,WS-19 ADDENDUM-002/003/004,backend/src/parentaccount/emailHash.ts,,NONE (source complete),NONE (automated evidence recorded),NONE,SOURCE_COMPLETE
PCA-ADD-IDENT-004,PCA-AUTH-SESSION-1,Addendum 003 parent identity,Normative text in docs/implementation/addenda/PCA_ADDENDUM_003_PARENT_IDENTITY_REGISTRATION_FREE_ACCESS.md,SOURCE_COMPLETE,AUTOMATED (1 evidence path); no real-device/provider/UAT acceptance,,,WS-19 ADDENDUM-002/003/004,backend/src/parentaccount/ParentAccountService.ts | backend/src/http/routes/parentAccountRoutes.ts,,NONE (source complete),NONE (automated evidence recorded),NONE,SOURCE_COMPLETE
PCA-ADD-IDENT-005,PCA-AUTH-SESSION-1,Addendum 003 parent identity,Normative text in docs/implementation/addenda/PCA_ADDENDUM_003_PARENT_IDENTITY_REGISTRATION_FREE_ACCESS.md,SOURCE_COMPLETE,AUTOMATED (1 evidence path); no real-device/provider/UAT acceptance,PRODUCTION_EMAIL_DELIVERY; PRODUCTION_EMAIL_CREDENTIAL_ROTATION,,WS-19 ADDENDUM-002/003/004,backend/src/parentaccount/verificationCode.ts | backend/src/parentaccount/TestSandboxEmailSender.ts,PRODUCTION_EMAIL_DELIVERY; PRODUCTION_EMAIL_CREDENTIAL_ROTATION,NONE (source complete),NONE (automated evidence recorded),NONE,SOURCE_COMPLETE
PCA-ADD-IDENT-006,PCA-AUTH-SESSION-1,Addendum 003 parent identity,Normative text in docs/implementation/addenda/PCA_ADDENDUM_003_PARENT_IDENTITY_REGISTRATION_FREE_ACCESS.md,SOURCE_COMPLETE,AUTOMATED (1 evidence path); no real-device/provider/UAT acceptance,,,WS-19 ADDENDUM-002/003/004,backend/src/parentaccount/ParentAccountService.ts,,NONE (source complete),NONE (automated evidence recorded),NONE,SOURCE_COMPLETE
PCA-ADD-IDENT-007,PCA-AUTH-SESSION-1,Addendum 003 parent identity,Normative text in docs/implementation/addenda/PCA_ADDENDUM_003_PARENT_IDENTITY_REGISTRATION_FREE_ACCESS.md,SOURCE_COMPLETE,AUTOMATED (1 evidence path); no real-device/provider/UAT acceptance,,,WS-19 ADDENDUM-002/003/004,backend/src/parentaccount/rateLimiter.ts | backend/src/parentaccount/policy.ts,,NONE (source complete),NONE (automated evidence recorded),NONE,SOURCE_COMPLETE
PCA-ADD-IDENT-008,PCA-AUTH-SESSION-1,Addendum 003 parent identity,Normative text in docs/implementation/addenda/PCA_ADDENDUM_003_PARENT_IDENTITY_REGISTRATION_FREE_ACCESS.md,SOURCE_COMPLETE,AUTOMATED (1 evidence path); no real-device/provider/UAT acceptance,,,WS-19 ADDENDUM-002/003/004,backend/src/parentaccount/ParentAccountService.ts,,NONE (source complete),NONE (automated evidence recorded),NONE,SOURCE_COMPLETE
PCA-ADD-IDENT-009,PCA-AUTH-SESSION-1,Addendum 003 parent identity,Normative text in docs/implementation/addenda/PCA_ADDENDUM_003_PARENT_IDENTITY_REGISTRATION_FREE_ACCESS.md,SOURCE_COMPLETE_EXTERNAL_GATE,AUTOMATED (2 evidence paths); no real-device/provider/UAT acceptance,PRODUCTION_CRYPTO_SUITE,,WS-19 ADDENDUM-002/003/004,backend/src/parentaccount/genesisDeviceSigner.ts | backend/src/parentaccount/ParentAccountService.ts; backend/src/parentaccount/genesisDeviceSigner.ts; backend/src/parentaccount/ParentAccountService.ts; backend/src/familycommercial/authority/GenesisAnchorStore.ts; backend/src/familycommercial/authority/FamilyOwnerAttestationChainEngine.ts; backend/src/familycommercial/authority/MySqlGenesisAnchorStore.ts,PRODUCTION_CRYPTO_SUITE,NONE (source complete),NONE (automated evidence recorded),NONE,SOURCE_COMPLETE_EXTERNAL_GATE
PCA-ADD-IDENT-010,PCA-AUTH-SESSION-1,Addendum 003 parent identity,Normative text in docs/implementation/addenda/PCA_ADDENDUM_003_PARENT_IDENTITY_REGISTRATION_FREE_ACCESS.md,SOURCE_COMPLETE,AUTOMATED (2 evidence paths); no real-device/provider/UAT acceptance,,,WS-19 ADDENDUM-002/003/004,backend/src/parentaccount/genesisDeviceSigner.ts,,NONE (source complete),NONE (automated evidence recorded),NONE,SOURCE_COMPLETE
PCA-ADD-IDENT-011,PCA-AUTH-SESSION-1,Addendum 003 parent identity,Normative text in docs/implementation/addenda/PCA_ADDENDUM_003_PARENT_IDENTITY_REGISTRATION_FREE_ACCESS.md,SOURCE_COMPLETE,NONE recorded,,,WS-19 ADDENDUM-002/003/004,,,NONE (source complete),EXTERNAL (device/provider/UAT),NONE,SOURCE_COMPLETE
PCA-ADD-IDENT-012,PCA-AUTH-SESSION-1,Addendum 003 parent identity,Normative text in docs/implementation/addenda/PCA_ADDENDUM_003_PARENT_IDENTITY_REGISTRATION_FREE_ACCESS.md,SOURCE_COMPLETE,AUTOMATED (1 evidence path); no real-device/provider/UAT acceptance,,,WS-19 ADDENDUM-002/003/004,backend/src/parentaccount/cookies.ts | backend/src/http/routes/parentAccountRoutes.ts,,NONE (source complete),NONE (automated evidence recorded),NONE,SOURCE_COMPLETE
PCA-ADD-IDENT-013,PCA-AUTH-SESSION-1,Addendum 003 parent identity,Normative text in docs/implementation/addenda/PCA_ADDENDUM_003_PARENT_IDENTITY_REGISTRATION_FREE_ACCESS.md,SOURCE_COMPLETE,AUTOMATED (1 evidence path); no real-device/provider/UAT acceptance,,,WS-19 ADDENDUM-002/003/004,backend/src/parentaccount/ParentAccountService.ts,,NONE (source complete),NONE (automated evidence recorded),NONE,SOURCE_COMPLETE
PCA-ADD-IDENT-014,PCA-AUTH-SESSION-1,Addendum 003 parent identity,Normative text in docs/implementation/addenda/PCA_ADDENDUM_003_PARENT_IDENTITY_REGISTRATION_FREE_ACCESS.md,SOURCE_COMPLETE,AUTOMATED (1 evidence path); no real-device/provider/UAT acceptance,,,WS-19 ADDENDUM-002/003/004,backend/src/parentaccount/ParentAccountService.ts,,NONE (source complete),NONE (automated evidence recorded),NONE,SOURCE_COMPLETE
PCA-ADD-IDENT-015,PCA-AUTH-SESSION-1,Addendum 003 parent identity,Normative text in docs/implementation/addenda/PCA_ADDENDUM_003_PARENT_IDENTITY_REGISTRATION_FREE_ACCESS.md,SOURCE_COMPLETE,AUTOMATED (1 evidence path); no real-device/provider/UAT acceptance,,,WS-19 ADDENDUM-002/003/004,backend/src/parentaccount/ParentAccountRepository.ts,,NONE (source complete),NONE (automated evidence recorded),NONE,SOURCE_COMPLETE
PCA-ADD-IDENT-016,PCA-AUTH-SESSION-1,Addendum 003 parent identity,Normative text in docs/implementation/addenda/PCA_ADDENDUM_003_PARENT_IDENTITY_REGISTRATION_FREE_ACCESS.md,SOURCE_COMPLETE,AUTOMATED (2 evidence paths); no real-device/provider/UAT acceptance,,,WS-19 ADDENDUM-002/003/004,backend/src/parentaccount/genesisDeviceSigner.ts,,NONE (source complete),NONE (automated evidence recorded),NONE,SOURCE_COMPLETE
PCA-ADD-IDENT-017,PCA-AUTH-SESSION-1,Addendum 003 parent identity,Normative text in docs/implementation/addenda/PCA_ADDENDUM_003_PARENT_IDENTITY_REGISTRATION_FREE_ACCESS.md,SOURCE_COMPLETE,AUTOMATED (1 evidence path); no real-device/provider/UAT acceptance,,,WS-19 ADDENDUM-002/003/004,backend/src/parentaccount/policy.ts,,NONE (source complete),NONE (automated evidence recorded),NONE,SOURCE_COMPLETE
PCA-ADD-IDENT-018,PCA-AUTH-SESSION-1,Addendum 003 parent identity,Normative text in docs/implementation/addenda/PCA_ADDENDUM_003_PARENT_IDENTITY_REGISTRATION_FREE_ACCESS.md,SOURCE_COMPLETE,AUTOMATED (2 evidence paths); no real-device/provider/UAT acceptance,,,WS-19 ADDENDUM-002/003/004,backend/src/parentaccount/ParentAccountService.ts; backend/src/parentaccount/ParentAccountService.ts | backend/src/parentaccount/types.ts,,NONE (source complete),NONE (automated evidence recorded),NONE,SOURCE_COMPLETE
PCA-ADD-IDENT-019,PCA-AUTH-SESSION-1,Addendum 003 parent identity,Normative text in docs/implementation/addenda/PCA_ADDENDUM_003_PARENT_IDENTITY_REGISTRATION_FREE_ACCESS.md,SOURCE_COMPLETE,AUTOMATED (1 evidence path); no real-device/provider/UAT acceptance,,,WS-19 ADDENDUM-002/003/004,backend/src/parentaccount/freeaccess/FreeAccessAdminService.ts; backend/src/parentaccount/freeaccess/adjustment.ts; backend/src/http/routes/platformadmin/freeAccessAdminRoutes.ts,,NONE (source complete),NONE (automated evidence recorded),NONE,SOURCE_COMPLETE
PCA-ADD-IDENT-020,PCA-AUTH-SESSION-1,Addendum 003 parent identity,Normative text in docs/implementation/addenda/PCA_ADDENDUM_003_PARENT_IDENTITY_REGISTRATION_FREE_ACCESS.md,SOURCE_COMPLETE,AUTOMATED (3 evidence paths); no real-device/provider/UAT acceptance,,,WS-19 ADDENDUM-002/003/004,parent-web/src/components/freeaccess/FreeAccessReminderBannerView.tsx; parent-web/src/components/freeaccess/FreeAccessReminderBanner.tsx; parent-web/src/components/freeaccess/freeAccessDismissal.ts,,NONE (source complete),NONE (automated evidence recorded),NONE,SOURCE_COMPLETE
PCA-ADD-IDENT-021,PCA-AUTH-SESSION-1,Addendum 003 parent identity,Normative text in docs/implementation/addenda/PCA_ADDENDUM_003_PARENT_IDENTITY_REGISTRATION_FREE_ACCESS.md,SOURCE_COMPLETE,AUTOMATED (2 evidence paths); no real-device/provider/UAT acceptance,,,WS-19 ADDENDUM-002/003/004,backend/src/parentaccount/freeaccess/FreeAccessAcquisitionPolicy.ts; backend/src/parentaccount/freeaccess/MySqlFreeAccessAccountRepository.ts; backend/src/entitlements/slots/SlotReservationService.ts; backend/src/entitlements/requests/ChangeRequestService.ts; backend/src/invitation/InvitationService.ts; backend/src/familycommercial/FamilyCommercialService.ts; backend/src/main.ts,,NONE (source complete),NONE (automated evidence recorded),NONE,SOURCE_COMPLETE
PCA-ADD-IDENT-022,PCA-AUTH-SESSION-1,Addendum 003 parent identity,Normative text in docs/implementation/addenda/PCA_ADDENDUM_003_PARENT_IDENTITY_REGISTRATION_FREE_ACCESS.md,SOURCE_COMPLETE,AUTOMATED (2 evidence paths); no real-device/provider/UAT acceptance,,,WS-19 ADDENDUM-002/003/004,backend/src/parentaccount/freeaccess/FreeAccessAcquisitionPolicy.ts; backend/src/parentaccount/freeaccess/types.ts,,NONE (source complete),NONE (automated evidence recorded),NONE,SOURCE_COMPLETE
PCA-ADD-IDENT-023,PCA-AUTH-SESSION-1,Addendum 003 parent identity,Normative text in docs/implementation/addenda/PCA_ADDENDUM_003_PARENT_IDENTITY_REGISTRATION_FREE_ACCESS.md,SOURCE_COMPLETE,AUTOMATED (1 evidence path); no real-device/provider/UAT acceptance,,,WS-19 ADDENDUM-002/003/004,backend/src/parentaccount/policy.ts,,NONE (source complete),NONE (automated evidence recorded),NONE,SOURCE_COMPLETE
PCA-ADD-IDENT-024,PCA-AUTH-SESSION-1,Addendum 003 parent identity,Normative text in docs/implementation/addenda/PCA_ADDENDUM_003_PARENT_IDENTITY_REGISTRATION_FREE_ACCESS.md,SOURCE_COMPLETE,AUTOMATED (1 evidence path); no real-device/provider/UAT acceptance,,,WS-19 ADDENDUM-002/003/004,backend/src/parentaccount/policy.ts,,NONE (source complete),NONE (automated evidence recorded),NONE,SOURCE_COMPLETE
PCA-ADD-PA-001,PCA-PA-1,Addendum 002 platform administration,Normative text in docs/implementation/addenda/PCA_ADDENDUM_002_PLATFORM_ADMINISTRATION_BILLING.md,SOURCE_COMPLETE,AUTOMATED (1 evidence path); no real-device/provider/UAT acceptance,,,WS-19 ADDENDUM-002,backend/src/platformadmin/** | backend/migrations/0005_platform_admin_identity_rbac_audit.sql | backend/src/http/routes/platformAdminAuthRoutes.ts,,NONE (source complete),NONE (automated evidence recorded),NONE,SOURCE_COMPLETE
PCA-ADD-PA-002,PCA-PA-1,Addendum 002 platform administration,Normative text in docs/implementation/addenda/PCA_ADDENDUM_002_PLATFORM_ADMINISTRATION_BILLING.md,SOURCE_COMPLETE,AUTOMATED (1 evidence path); no real-device/provider/UAT acceptance,,,WS-19 ADDENDUM-002,backend/src/platformadmin/auth/token.ts | backend/src/platformadmin/auth/fastifyPlatformAdminAuthPlugin.ts,,NONE (source complete),NONE (automated evidence recorded),NONE,SOURCE_COMPLETE
PCA-ADD-PA-003,PCA-PA-1,Addendum 002 platform administration,Normative text in docs/implementation/addenda/PCA_ADDENDUM_002_PLATFORM_ADMINISTRATION_BILLING.md,SOURCE_COMPLETE,AUTOMATED (1 evidence path); no real-device/provider/UAT acceptance,,,WS-19 ADDENDUM-002,backend/src/http/routes/platformAdminAuthRoutes.ts,,NONE (source complete),NONE (automated evidence recorded),NONE,SOURCE_COMPLETE
PCA-ADD-PA-004,PCA-PA-1,Addendum 002 platform administration,Normative text in docs/implementation/addenda/PCA_ADDENDUM_002_PLATFORM_ADMINISTRATION_BILLING.md,SOURCE_COMPLETE,AUTOMATED (3 evidence paths); no real-device/provider/UAT acceptance,,,WS-19 ADDENDUM-002,backend/src/platformadmin/auth/PlatformAdminAuthService.ts; backend/src/platformadmin/**,,NONE (source complete),NONE (automated evidence recorded),NONE,SOURCE_COMPLETE
PCA-ADD-PA-005,PCA-PA-1,Addendum 002 platform administration,Normative text in docs/implementation/addenda/PCA_ADDENDUM_002_PLATFORM_ADMINISTRATION_BILLING.md,SOURCE_COMPLETE,AUTOMATED (1 evidence path); no real-device/provider/UAT acceptance,,,WS-19 ADDENDUM-002,backend/migrations/0005_platform_admin_identity_rbac_audit.sql,,NONE (source complete),NONE (automated evidence recorded),NONE,SOURCE_COMPLETE
PCA-ADD-PA-006,PCA-PA-1,Addendum 002 platform administration,Normative text in docs/implementation/addenda/PCA_ADDENDUM_002_PLATFORM_ADMINISTRATION_BILLING.md,SOURCE_COMPLETE,AUTOMATED (1 evidence path); no real-device/provider/UAT acceptance,,,WS-19 ADDENDUM-002,docs/implementation/addenda/PCA_ADDENDUM_002_PLATFORM_ADMINISTRATION_BILLING.md; tooling/release/ValidateCanonicalTrustBoundary.mjs; tooling/release/Invoke-ReleaseGateCheck.ps1,,NONE (source complete),NONE (automated evidence recorded),NONE,SOURCE_COMPLETE
PCA-ADD-PA-007,PCA-PA-1,Addendum 002 platform administration,Normative text in docs/implementation/addenda/PCA_ADDENDUM_002_PLATFORM_ADMINISTRATION_BILLING.md,SOURCE_COMPLETE,AUTOMATED (1 evidence path); no real-device/provider/UAT acceptance,,,WS-19 ADDENDUM-002,backend/src/http/routes/platformadmin/adminUserRoutes.ts,,NONE (source complete),NONE (automated evidence recorded),NONE,SOURCE_COMPLETE
PCA-ADD-PA-008,PCA-PA-1,Addendum 002 platform administration,Normative text in docs/implementation/addenda/PCA_ADDENDUM_002_PLATFORM_ADMINISTRATION_BILLING.md,SOURCE_COMPLETE,AUTOMATED (1 evidence path); no real-device/provider/UAT acceptance,,,WS-19 ADDENDUM-002,backend/src/platformadmin/auth/rbacPolicy.ts,,NONE (source complete),NONE (automated evidence recorded),NONE,SOURCE_COMPLETE
PCA-ADD-PA-009,PCA-PA-1,Addendum 002 platform administration,Normative text in docs/implementation/addenda/PCA_ADDENDUM_002_PLATFORM_ADMINISTRATION_BILLING.md,SOURCE_COMPLETE,AUTOMATED (1 evidence path); no real-device/provider/UAT acceptance,,,WS-19 ADDENDUM-002,backend/migrations/0005_platform_admin_identity_rbac_audit.sql,,NONE (source complete),NONE (automated evidence recorded),NONE,SOURCE_COMPLETE
PCA-ADD-PA-010,PCA-PA-1,Addendum 002 platform administration,Normative text in docs/implementation/addenda/PCA_ADDENDUM_002_PLATFORM_ADMINISTRATION_BILLING.md,SOURCE_COMPLETE,AUTOMATED (1 evidence path); no real-device/provider/UAT acceptance,,,WS-19 ADDENDUM-002,backend/src/platformadmin/auth/fastifyPlatformAdminAuthPlugin.ts,,NONE (source complete),NONE (automated evidence recorded),NONE,SOURCE_COMPLETE
PCA-ADD-PA-011,PCA-PA-1,Addendum 002 platform administration,Normative text in docs/implementation/addenda/PCA_ADDENDUM_002_PLATFORM_ADMINISTRATION_BILLING.md,SOURCE_COMPLETE,AUTOMATED (2 evidence paths); no real-device/provider/UAT acceptance,,,WS-19 ADDENDUM-002,backend/src/platformadmin/auth/rbacPolicy.ts; backend/src/platformadmin/**,,NONE (source complete),NONE (automated evidence recorded),NONE,SOURCE_COMPLETE
PCA-ADD-PA-012,PCA-PA-1,Addendum 002 platform administration,Normative text in docs/implementation/addenda/PCA_ADDENDUM_002_PLATFORM_ADMINISTRATION_BILLING.md,SOURCE_COMPLETE,AUTOMATED (7 evidence paths); no real-device/provider/UAT acceptance,,,WS-19 ADDENDUM-002,backend/src/platformadmin/auth/PlatformAdminAccountService.ts; backend/src/platformadmin/auth/token.ts; backend/src/platformadmin/auth/rbacPolicy.ts; backend/src/platformadmin/auth/PlatformAdminAuthService.ts; backend/src/parentaccount/ParentAccountService.ts; backend/migrations/0005_platform_admin_identity_rbac_audit.sql,,NONE (source complete),NONE (automated evidence recorded),NONE,SOURCE_COMPLETE
PCA-ADD-PA-013,PCA-PA-1,Addendum 002 platform administration,Normative text in docs/implementation/addenda/PCA_ADDENDUM_002_PLATFORM_ADMINISTRATION_BILLING.md,SOURCE_COMPLETE,AUTOMATED (1 evidence path); no real-device/provider/UAT acceptance,,,WS-19 ADDENDUM-002,backend/migrations/0005_platform_admin_identity_rbac_audit.sql,,NONE (source complete),NONE (automated evidence recorded),NONE,SOURCE_COMPLETE
PCA-ADD-PA-014,PCA-PA-1,Addendum 002 platform administration,Normative text in docs/implementation/addenda/PCA_ADDENDUM_002_PLATFORM_ADMINISTRATION_BILLING.md,SOURCE_COMPLETE,AUTOMATED (2 evidence paths); no real-device/provider/UAT acceptance,,,WS-19 ADDENDUM-002,backend/src/platformadmin/auth/token.ts,,NONE (source complete),NONE (automated evidence recorded),NONE,SOURCE_COMPLETE
PCA-ADD-PA-015,PCA-PA-1,Addendum 002 platform administration,Normative text in docs/implementation/addenda/PCA_ADDENDUM_002_PLATFORM_ADMINISTRATION_BILLING.md,SOURCE_COMPLETE,AUTOMATED (1 evidence path); no real-device/provider/UAT acceptance,,,WS-19 ADDENDUM-002,backend/src/platformadmin/auth/rbacPolicy.ts,,NONE (source complete),NONE (automated evidence recorded),NONE,SOURCE_COMPLETE
PCA-ADD-PA-016,PCA-PA-1,Addendum 002 platform administration,Normative text in docs/implementation/addenda/PCA_ADDENDUM_002_PLATFORM_ADMINISTRATION_BILLING.md,SOURCE_COMPLETE,AUTOMATED (2 evidence paths); no real-device/provider/UAT acceptance,,,WS-19 ADDENDUM-002,backend/src/platformadmin/auth/PlatformAdminAuthService.ts,,NONE (source complete),NONE (automated evidence recorded),NONE,SOURCE_COMPLETE
PCA-ADD-PA-017,PCA-PA-1,Addendum 002 platform administration,Normative text in docs/implementation/addenda/PCA_ADDENDUM_002_PLATFORM_ADMINISTRATION_BILLING.md,SOURCE_COMPLETE,AUTOMATED (2 evidence paths); no real-device/provider/UAT acceptance,,,WS-19 ADDENDUM-002,backend/src/parentaccount/ParentAccountService.ts login() (Writer73); backend/src/platformadmin/accounts/FamilyAccountStatusService.ts,,NONE (source complete),NONE (automated evidence recorded),NONE,SOURCE_COMPLETE
PCA-ADD-PA-018,PCA-PA-1,Addendum 002 platform administration,Normative text in docs/implementation/addenda/PCA_ADDENDUM_002_PLATFORM_ADMINISTRATION_BILLING.md,SOURCE_COMPLETE,AUTOMATED (1 evidence path); no real-device/provider/UAT acceptance,,,WS-19 ADDENDUM-002,backend/migrations/0005_platform_admin_identity_rbac_audit.sql,,NONE (source complete),NONE (automated evidence recorded),NONE,SOURCE_COMPLETE
PCA-ADD-PA-019,PCA-PA-1,Addendum 002 platform administration,Normative text in docs/implementation/addenda/PCA_ADDENDUM_002_PLATFORM_ADMINISTRATION_BILLING.md,SOURCE_COMPLETE,AUTOMATED (2 evidence paths); no real-device/provider/UAT acceptance,,,WS-19 ADDENDUM-002,backend/src/platformadmin/auth/PlatformAdminAccountService.ts,,NONE (source complete),NONE (automated evidence recorded),NONE,SOURCE_COMPLETE
PCA-ADD-PA-020,PCA-PA-1,Addendum 002 platform administration,Normative text in docs/implementation/addenda/PCA_ADDENDUM_002_PLATFORM_ADMINISTRATION_BILLING.md,SOURCE_COMPLETE,AUTOMATED (3 evidence paths); no real-device/provider/UAT acceptance,PLATFORM_ADMIN_ALERT_DELIVERY,,WS-19 ADDENDUM-002,backend/src/platformadmin/auth/PlatformAdminAuthService.ts; backend/src/platformadmin/auth/MySqlPlatformAdminAlertAdapter.ts; backend/migrations/0021_platform_admin_security_alerts.sql; backend/src/main.ts,PLATFORM_ADMIN_ALERT_DELIVERY,NONE (source complete),NONE (automated evidence recorded),NONE,SOURCE_COMPLETE
PCA-ADD-PA-021,PCA-PA-2,Addendum 002 platform administration,Normative text in docs/implementation/addenda/PCA_ADDENDUM_002_PLATFORM_ADMINISTRATION_BILLING.md,SOURCE_COMPLETE,AUTOMATED (1 evidence path); no real-device/provider/UAT acceptance,,,WS-19 ADDENDUM-002,backend/migrations/0006_platform_entitlements_enrollment_limits.sql | backend/src/entitlements/EntitlementService.ts,,NONE (source complete),NONE (automated evidence recorded),NONE,SOURCE_COMPLETE
PCA-ADD-PA-022,PCA-PA-2,Addendum 002 platform administration,Normative text in docs/implementation/addenda/PCA_ADDENDUM_002_PLATFORM_ADMINISTRATION_BILLING.md,SOURCE_COMPLETE,AUTOMATED (1 evidence path); no real-device/provider/UAT acceptance,,,WS-19 ADDENDUM-002,backend/src/entitlements/slots/SlotReservationService.ts | backend/src/entitlements/slots/MySqlSlotReservationRepository.ts,,NONE (source complete),NONE (automated evidence recorded),NONE,SOURCE_COMPLETE
PCA-ADD-PA-023,PCA-PA-2,Addendum 002 platform administration,Normative text in docs/implementation/addenda/PCA_ADDENDUM_002_PLATFORM_ADMINISTRATION_BILLING.md,SOURCE_COMPLETE,AUTOMATED (1 evidence path); no real-device/provider/UAT acceptance,,,WS-19 ADDENDUM-002,backend/src/entitlements/MySqlEntitlementRepository.ts,,NONE (source complete),NONE (automated evidence recorded),NONE,SOURCE_COMPLETE
PCA-ADD-PA-024,PCA-PA-2,Addendum 002 platform administration,Normative text in docs/implementation/addenda/PCA_ADDENDUM_002_PLATFORM_ADMINISTRATION_BILLING.md,SOURCE_COMPLETE,AUTOMATED (1 evidence path); no real-device/provider/UAT acceptance,,,WS-19 ADDENDUM-002,backend/migrations/0006_platform_entitlements_enrollment_limits.sql | backend/src/platformadmin/entitlements/PlatformAdminEntitlementService.ts,,NONE (source complete),NONE (automated evidence recorded),NONE,SOURCE_COMPLETE
PCA-ADD-PA-025,PCA-PA-2,Addendum 002 platform administration,Normative text in docs/implementation/addenda/PCA_ADDENDUM_002_PLATFORM_ADMINISTRATION_BILLING.md,SOURCE_COMPLETE,AUTOMATED (1 evidence path); no real-device/provider/UAT acceptance,,,WS-19 ADDENDUM-002,backend/migrations/0006_platform_entitlements_enrollment_limits.sql,,NONE (source complete),NONE (automated evidence recorded),NONE,SOURCE_COMPLETE
PCA-ADD-PA-026,PCA-PA-2,Addendum 002 platform administration,Normative text in docs/implementation/addenda/PCA_ADDENDUM_002_PLATFORM_ADMINISTRATION_BILLING.md,SOURCE_COMPLETE,AUTOMATED (1 evidence path); no real-device/provider/UAT acceptance,,,WS-19 ADDENDUM-002,backend/src/platformadmin/entitlements/PlatformAdminEntitlementService.ts,,NONE (source complete),NONE (automated evidence recorded),NONE,SOURCE_COMPLETE
PCA-ADD-PA-027,PCA-PA-2,Addendum 002 platform administration,Normative text in docs/implementation/addenda/PCA_ADDENDUM_002_PLATFORM_ADMINISTRATION_BILLING.md,SOURCE_COMPLETE,AUTOMATED (3 evidence paths); no real-device/provider/UAT acceptance,,,WS-19 ADDENDUM-002,backend/src/entitlements/slots/MySqlSlotReservationRepository.ts; backend/src/entitlements/slots/SlotReservationService.ts; backend/src/entitlements/slots/MySqlSlotReservationRepository.ts; backend/src/invitation/InvitationService.ts; backend/src/enrollment/EnrollmentCoordinator.ts; backend/src/http/routes/invitationRoutes.ts; backend/src/main.ts,,NONE (source complete),NONE (automated evidence recorded),NONE,SOURCE_COMPLETE
PCA-ADD-PA-028,PCA-PA-2,Addendum 002 platform administration,Normative text in docs/implementation/addenda/PCA_ADDENDUM_002_PLATFORM_ADMINISTRATION_BILLING.md,SOURCE_COMPLETE,AUTOMATED (1 evidence path); no real-device/provider/UAT acceptance,,,WS-19 ADDENDUM-002,backend/migrations/0006_platform_entitlements_enrollment_limits.sql,,NONE (source complete),NONE (automated evidence recorded),NONE,SOURCE_COMPLETE
PCA-ADD-PA-029,PCA-PA-2,Addendum 002 platform administration,Normative text in docs/implementation/addenda/PCA_ADDENDUM_002_PLATFORM_ADMINISTRATION_BILLING.md,SOURCE_COMPLETE,AUTOMATED (2 evidence paths); no real-device/provider/UAT acceptance,,,WS-19 ADDENDUM-002,backend/src/familycommercial/FamilyCommercialService.ts; backend/src/entitlements/types.ts | backend/src/familycommercial/FamilyCommercialService.ts,,NONE (source complete),NONE (automated evidence recorded),NONE,SOURCE_COMPLETE
PCA-ADD-PA-030,PCA-PA-2,Addendum 002 platform administration,Normative text in docs/implementation/addenda/PCA_ADDENDUM_002_PLATFORM_ADMINISTRATION_BILLING.md,SOURCE_COMPLETE,AUTOMATED (1 evidence path); no real-device/provider/UAT acceptance,,,WS-19 ADDENDUM-002,backend/migrations/0006_platform_entitlements_enrollment_limits.sql | backend/src/entitlements/requests/ChangeRequestService.ts,,NONE (source complete),NONE (automated evidence recorded),NONE,SOURCE_COMPLETE
PCA-ADD-PA-031,PCA-PA-2,Addendum 002 platform administration,Normative text in docs/implementation/addenda/PCA_ADDENDUM_002_PLATFORM_ADMINISTRATION_BILLING.md,SOURCE_COMPLETE,AUTOMATED (2 evidence paths); no real-device/provider/UAT acceptance,,,WS-19 ADDENDUM-002,backend/migrations/0006_platform_entitlements_enrollment_limits.sql,,NONE (source complete),NONE (automated evidence recorded),NONE,SOURCE_COMPLETE
PCA-ADD-PA-032,PCA-PA-2,Addendum 002 platform administration,Normative text in docs/implementation/addenda/PCA_ADDENDUM_002_PLATFORM_ADMINISTRATION_BILLING.md,SOURCE_COMPLETE,AUTOMATED (1 evidence path); no real-device/provider/UAT acceptance,,,WS-19 ADDENDUM-002,backend/src/entitlements/requests/ChangeRequestService.ts,,NONE (source complete),NONE (automated evidence recorded),NONE,SOURCE_COMPLETE
PCA-ADD-PA-033,PCA-PA-2,Addendum 002 platform administration,Normative text in docs/implementation/addenda/PCA_ADDENDUM_002_PLATFORM_ADMINISTRATION_BILLING.md,SOURCE_COMPLETE,AUTOMATED (1 evidence path); no real-device/provider/UAT acceptance,,,WS-19 ADDENDUM-002,backend/src/entitlements/requests/ChangeRequestService.ts,,NONE (source complete),NONE (automated evidence recorded),NONE,SOURCE_COMPLETE
PCA-ADD-PA-034,PCA-PA-2,Addendum 002 platform administration,Normative text in docs/implementation/addenda/PCA_ADDENDUM_002_PLATFORM_ADMINISTRATION_BILLING.md,SOURCE_COMPLETE,AUTOMATED (1 evidence path); no real-device/provider/UAT acceptance,,,WS-19 ADDENDUM-002,backend/src/entitlements/EntitlementRepository.ts,,NONE (source complete),NONE (automated evidence recorded),NONE,SOURCE_COMPLETE
PCA-ADD-PA-035,PCA-PA-2,Addendum 002 platform administration,Normative text in docs/implementation/addenda/PCA_ADDENDUM_002_PLATFORM_ADMINISTRATION_BILLING.md,SOURCE_COMPLETE,AUTOMATED (1 evidence path); no real-device/provider/UAT acceptance,,,WS-19 ADDENDUM-002,backend/migrations/0006_platform_entitlements_enrollment_limits.sql,,NONE (source complete),NONE (automated evidence recorded),NONE,SOURCE_COMPLETE
PCA-ADD-PA-036,PCA-PA-2; PCA-BILL-2,Addendum 002 platform administration,Normative text in docs/implementation/addenda/PCA_ADDENDUM_002_PLATFORM_ADMINISTRATION_BILLING.md,SOURCE_COMPLETE,AUTOMATED (3 evidence paths); no real-device/provider/UAT acceptance,,,WS-19 ADDENDUM-002,backend/src/entitlements/slots/SlotReservationService.ts; backend/src/enrollment/EnrollmentCoordinator.ts; backend/src/main.ts,,NONE (source complete),NONE (automated evidence recorded),NONE,SOURCE_COMPLETE
PCA-ADD-PA-037,PCA-PA-2; PCA-BILL-2,Addendum 002 platform administration,Normative text in docs/implementation/addenda/PCA_ADDENDUM_002_PLATFORM_ADMINISTRATION_BILLING.md,SOURCE_COMPLETE,AUTOMATED (1 evidence path); no real-device/provider/UAT acceptance,,,WS-19 ADDENDUM-002,backend/src/entitlements/slots/MySqlSlotReservationRepository.ts,,NONE (source complete),NONE (automated evidence recorded),NONE,SOURCE_COMPLETE
PCA-ADD-PA-038,PCA-PA-2; PCA-BILL-2,Addendum 002 platform administration,Normative text in docs/implementation/addenda/PCA_ADDENDUM_002_PLATFORM_ADMINISTRATION_BILLING.md,SOURCE_COMPLETE,AUTOMATED (1 evidence path); no real-device/provider/UAT acceptance,,,WS-19 ADDENDUM-002,backend/src/entitlements/slots/MySqlSlotReservationRepository.ts,,NONE (source complete),NONE (automated evidence recorded),NONE,SOURCE_COMPLETE
PCA-ADD-PA-039,PCA-PA-2; PCA-BILL-2,Addendum 002 platform administration,Normative text in docs/implementation/addenda/PCA_ADDENDUM_002_PLATFORM_ADMINISTRATION_BILLING.md,SOURCE_COMPLETE,AUTOMATED (1 evidence path); no real-device/provider/UAT acceptance,,,WS-19 ADDENDUM-002,backend/src/entitlements/slots/MySqlSlotReservationRepository.ts,,NONE (source complete),NONE (automated evidence recorded),NONE,SOURCE_COMPLETE
PCA-ADD-PA-040,PCA-PA-2; PCA-BILL-2,Addendum 002 platform administration,Normative text in docs/implementation/addenda/PCA_ADDENDUM_002_PLATFORM_ADMINISTRATION_BILLING.md,SOURCE_COMPLETE,AUTOMATED (1 evidence path); no real-device/provider/UAT acceptance,,,WS-19 ADDENDUM-002,backend/migrations/0006_platform_entitlements_enrollment_limits.sql,,NONE (source complete),NONE (automated evidence recorded),NONE,SOURCE_COMPLETE
PCA-ADD-PA-041,PCA-PA-4,Addendum 002 platform administration,Normative text in docs/implementation/addenda/PCA_ADDENDUM_002_PLATFORM_ADMINISTRATION_BILLING.md,SOURCE_COMPLETE_EXTERNAL_GATE,AUTOMATED (2 evidence paths); no real-device/provider/UAT acceptance,OBSERVABILITY_PIPELINE,,WS-19 ADDENDUM-002,backend/src/platformadmin/readmodels/DashboardReadModel.ts; backend/src/http/routes/platformadmin/dashboardRoutes.ts,OBSERVABILITY_PIPELINE,NONE (source complete),NONE (automated evidence recorded),NONE,SOURCE_COMPLETE_EXTERNAL_GATE
PCA-ADD-PA-042,PCA-PA-4,Addendum 002 platform administration,Normative text in docs/implementation/addenda/PCA_ADDENDUM_002_PLATFORM_ADMINISTRATION_BILLING.md,SOURCE_COMPLETE,AUTOMATED (2 evidence paths); no real-device/provider/UAT acceptance,,,WS-19 ADDENDUM-002,backend/src/platformadmin/readmodels/DashboardReadModel.ts,,NONE (source complete),NONE (automated evidence recorded),NONE,SOURCE_COMPLETE
PCA-ADD-PA-043,PCA-PA-3,Addendum 002 platform administration,Normative text in docs/implementation/addenda/PCA_ADDENDUM_002_PLATFORM_ADMINISTRATION_BILLING.md,SOURCE_COMPLETE,AUTOMATED (5 evidence paths); no real-device/provider/UAT acceptance,,,WS-19 ADDENDUM-002,backend/src/http/routes/platformadmin/settingsRoutes.ts; backend/src/platformadmin/settings/PlatformAdminSettingsService.ts; backend/src/platformadmin/settings/PlatformAdminSettingsRepository.ts; backend/src/platformadmin/settlement/PlatformAdminSettlementService.ts; backend/src/entitlements/EntitlementRepository.ts; backend/src/billing/currency.ts; backend/src/billing/market.ts,,NONE (source complete),NONE (automated evidence recorded),NONE,SOURCE_COMPLETE
PCA-ADD-PA-044,PCA-PA-3,Addendum 002 platform administration,Normative text in docs/implementation/addenda/PCA_ADDENDUM_002_PLATFORM_ADMINISTRATION_BILLING.md,SOURCE_COMPLETE,AUTOMATED (1 evidence path); no real-device/provider/UAT acceptance,,,WS-19 ADDENDUM-002,backend/src/http/routes/platformadmin/settlementRoutes.ts; backend/src/platformadmin/settlement/PlatformAdminSettlementService.ts,,NONE (source complete),NONE (automated evidence recorded),NONE,SOURCE_COMPLETE
PCA-ADD-PA-045,PCA-PA-1,Addendum 002 platform administration,Normative text in docs/implementation/addenda/PCA_ADDENDUM_002_PLATFORM_ADMINISTRATION_BILLING.md,SOURCE_COMPLETE,AUTOMATED (2 evidence paths); no real-device/provider/UAT acceptance,,,WS-19 ADDENDUM-002,backend/src/platformadmin/audit/types.ts,,NONE (source complete),NONE (automated evidence recorded),NONE,SOURCE_COMPLETE
PCA-ADD-PA-046,PCA-PA-1,Addendum 002 platform administration,Normative text in docs/implementation/addenda/PCA_ADDENDUM_002_PLATFORM_ADMINISTRATION_BILLING.md,SOURCE_COMPLETE,AUTOMATED (2 evidence paths); no real-device/provider/UAT acceptance,,,WS-19 ADDENDUM-002,backend/src/platformadmin/audit/types.ts; backend/src/platformadmin/audit/MySqlPlatformAdminAuditRepository.ts,,NONE (source complete),NONE (automated evidence recorded),NONE,SOURCE_COMPLETE
PCA-ADD-PA-047,PCA-MYKIDS-BILL-1,Addendum 002 platform administration,Normative text in docs/implementation/addenda/PCA_ADDENDUM_002_PLATFORM_ADMINISTRATION_BILLING.md,SOURCE_COMPLETE,AUTOMATED (2 evidence paths); no real-device/provider/UAT acceptance,,,WS-19 ADDENDUM-002,backend/src/auth/fastifyAuthPlugin.ts; backend/src/http/routes/familyCommercialRoutes.ts; parent-web/src/api/real/realBillingClient.ts; parent-web/src/api/client.ts,,NONE (source complete),NONE (automated evidence recorded),NONE,SOURCE_COMPLETE
PCA-ADD-PA-048,PCA-PA-1,Addendum 002 platform administration,Normative text in docs/implementation/addenda/PCA_ADDENDUM_002_PLATFORM_ADMINISTRATION_BILLING.md,SOURCE_COMPLETE,AUTOMATED (2 evidence paths); no real-device/provider/UAT acceptance,,,WS-19 ADDENDUM-002,tooling/release/ValidateR3EvidenceDiscipline.mjs; tooling/release/ValidateExternalGateParity.mjs; tooling/release/Invoke-ReleaseGateCheck.ps1,,NONE (source complete),NONE (automated evidence recorded),NONE,SOURCE_COMPLETE
PCA-ADD-PA-049,PCA-PA-2,Addendum 002 platform administration,Normative text in docs/implementation/addenda/PCA_ADDENDUM_002_PLATFORM_ADMINISTRATION_BILLING.md,SOURCE_COMPLETE,AUTOMATED (1 evidence path); no real-device/provider/UAT acceptance,,,WS-19 ADDENDUM-002,backend/src/entitlements/payment/PaymentConfirmationPort.ts,,NONE (source complete),NONE (automated evidence recorded),NONE,SOURCE_COMPLETE
PCA-ADD-PA-050,PCA-PA-2,Addendum 002 platform administration,Normative text in docs/implementation/addenda/PCA_ADDENDUM_002_PLATFORM_ADMINISTRATION_BILLING.md,SOURCE_COMPLETE,AUTOMATED (1 evidence path); no real-device/provider/UAT acceptance,,,WS-19 ADDENDUM-002,backend/src/entitlements/requests/ChangeRequestService.ts,,NONE (source complete),NONE (automated evidence recorded),NONE,SOURCE_COMPLETE
PCA-ADD-PA-054,PCA-PA-2,Addendum 002 platform administration,Normative text in docs/implementation/addenda/PCA_ADDENDUM_002_PLATFORM_ADMINISTRATION_BILLING.md,SOURCE_COMPLETE,AUTOMATED (1 evidence path); no real-device/provider/UAT acceptance,,,WS-19 ADDENDUM-002,backend/migrations/0006_platform_entitlements_enrollment_limits.sql | backend/src/entitlements/requests/ChangeRequestService.ts,,NONE (source complete),NONE (automated evidence recorded),NONE,SOURCE_COMPLETE
PCA-AI-001,PCA-14,AI,Normative text in docs/architecture/03_FUNCTIONAL_REQUIREMENTS.md,PARTIAL,AUTOMATED (2 evidence paths); no real-device/provider/UAT acceptance,CLOUD_AI_OWNER_DECISION,Gated: CLOUD_AI_OWNER_DECISION,WS-14 PCA-14,"ios/PCA/AI/ClassifierRuntimeBoundary.swift (ClassifierRuntime protocol; CoreMLClassifierRuntime.classify(inputDigest:) now `throws ClassifierRuntimeError` instead of the prior round's fatalError -- ClassifierRuntimeError.modelSchemaNotWired carries a real, honest error description at line ~62 rather than crashing the process)",CLOUD_AI_OWNER_DECISION,DEFERRED_EXTERNAL_GATE (CLOUD_AI_OWNER_DECISION),NONE (automated evidence recorded),NONE,PARTIAL
PCA-AND-001,PCA-2,Android,Normative text in docs/architecture/06_ANDROID_ARCHITECTURE.md,SOURCE_COMPLETE,AUTOMATED (1 evidence path); no real-device/provider/UAT acceptance,,,WS-02 PCA-2,android/app/src/main/java/org/pca/app/platform/StandardDevicePolicyCapabilitySource.kt:17-18 (dpm.isDeviceOwnerApp/isProfileOwnerApp queried live not cached),,NONE (source complete),NONE (automated evidence recorded),NONE,SOURCE_COMPLETE
PCA-AND-002,PCA-2,Android,Normative text in docs/architecture/06_ANDROID_ARCHITECTURE.md,SOURCE_COMPLETE,AUTOMATED (2 evidence paths); no real-device/provider/UAT acceptance,,,WS-02 PCA-2,android/app/src/main/java/org/pca/app/runtime/background/UsageIngestionWorker.kt; android/app/src/main/java/org/pca/app/runtime/background/BackgroundExecutionScheduler.kt; android/app/src/main/java/org/pca/app/runtime/graph/PcaAppGraph.kt:179,,NONE (source complete),NONE (automated evidence recorded),NONE,SOURCE_COMPLETE
PCA-AND-003,PCA-2,Android,Normative text in docs/architecture/06_ANDROID_ARCHITECTURE.md,SOURCE_COMPLETE,AUTOMATED (1 evidence path); no real-device/provider/UAT acceptance,,,WS-02 PCA-2,"android/app/src/main/java/org/pca/app/runtime/schedule/EmergencyAccessFloor.kt (new: unconditional, first-line, signature/validity-independent floor for the telephony system package) + ScheduleEvaluator.kt:31-36 (checked before any policy field is read)",,NONE (source complete),NONE (automated evidence recorded),NONE,SOURCE_COMPLETE
PCA-AND-003A,PCA-3,Android,Normative text in docs/architecture (see doc 32),SOURCE_COMPLETE,AUTOMATED (3 evidence paths); no real-device/provider/UAT acceptance,ANDROID_REAL_DEVICE_UAT; DEVICE_OWNER_REAL_DEVICE_AUTHORIZATION; REAL_DEVICE_TELEPHONY_SMS_UAT,,WS-03 PCA-3,android/app/src/main/java/org/pca/app/runtime/schedule/SchedulePolicy.kt; android/app/src/main/java/org/pca/app/runtime/schedule/EmergencyAccessFloor.kt; android/app/src/main/java/org/pca/app/runtime/schedule/AndroidCommunicationSurfaceResolver.kt; android/app/src/main/java/org/pca/app/runtime/communication/AndroidTelephonyCallStateObserver.kt; android/app/src/main/java/org/pca/app/runtime/schedule/ScheduleEnforcementConsumer.kt; android/app/src/main/java/org/pca/app/runtime/schedule/AndroidDevicePolicyPackageSuspensionExecutor.kt,ANDROID_REAL_DEVICE_UAT; DEVICE_OWNER_REAL_DEVICE_AUTHORIZATION; REAL_DEVICE_TELEPHONY_SMS_UAT,NONE (source complete),NONE (automated evidence recorded),NONE,SOURCE_COMPLETE
PCA-DATA-001,PCA-12,Data/retention,Normative text in docs/architecture/03_FUNCTIONAL_REQUIREMENTS.md,SOURCE_COMPLETE_EXTERNAL_GATE,AUTOMATED (5 evidence paths); no real-device/provider/UAT acceptance,PRODUCTION_CRYPTO_SUITE,,WS-12 PCA-12,"backend/src/retention/deleteNow.ts; backend/src/retention/DeleteNowLedger.ts, InMemoryDeleteNowLedger.ts; backend/src/http/routes/retentionRoutes.ts (idempotent delete-now intake + audit); android/app/src/main/java/org/pca/app/persistence/retention/DeleteNowCoordinator.kt; backend/src/retention/deleteNow.ts; backend/src/retention/DeleteNowLedger.ts; backend/src/retention/InMemoryDeleteNowLedger.ts; backend/src/http/routes/retentionRoutes.ts",PRODUCTION_CRYPTO_SUITE,NONE (source complete),NONE (automated evidence recorded),NONE,SOURCE_COMPLETE_EXTERNAL_GATE
PCA-DATA-002,PCA-12,Data/retention,Normative text in docs/architecture/03_FUNCTIONAL_REQUIREMENTS.md,NOT_APPLICABLE,N/A,,See matrix notes,WS-12 PCA-12,,,NONE (not applicable),NONE,NONE,NOT_APPLICABLE
PCA-DATA-010,PCA-17,Data/retention,Normative text in docs/architecture/10_DATA_MODEL_LOCAL_STORAGE.md,SOURCE_COMPLETE,AUTOMATED (1 evidence path); no real-device/provider/UAT acceptance,,,WS-17 PCA-17,"backend/migrations/0001_mysql_baseline.sql through 0015 (central-service schema contains only opaque/config/commercial entities, no activity tables); backend/test/db/schema-privacy.mysql.test.mjs enforces this as a regression guard",,NONE (source complete),NONE (automated evidence recorded),NONE,SOURCE_COMPLETE
PCA-DATA-011,PCA-17,Data/retention,Normative text in docs/architecture/10_DATA_MODEL_LOCAL_STORAGE.md,SOURCE_COMPLETE,AUTOMATED (1 evidence path); no real-device/provider/UAT acceptance,,,WS-17 PCA-17,backend/test/db/schema-privacy.mysql.test.mjs; backend/test/schema-privacy.test.mjs; backend/test/db/billingCoreSchemaPrivacy.mysql.test.mjs,,NONE (source complete),NONE (automated evidence recorded),NONE,SOURCE_COMPLETE
PCA-DATA-012,PCA-17,Data/retention,Normative text in docs/architecture/10_DATA_MODEL_LOCAL_STORAGE.md,SOURCE_COMPLETE,AUTOMATED (1 evidence path); no real-device/provider/UAT acceptance,,,WS-17 PCA-17,"backend/migrations/0001_mysql_baseline.sql:56 (family_id CHAR(36), opaque UUID, no name/PII column); enrollment_invitations/device tables use UUID-style opaque IDs throughout",,NONE (source complete),NONE (automated evidence recorded),NONE,SOURCE_COMPLETE
PCA-DATA-013,PCA-12,Data/retention,Normative text in docs/architecture/10_DATA_MODEL_LOCAL_STORAGE.md,SOURCE_COMPLETE,AUTOMATED (1 evidence path); no real-device/provider/UAT acceptance,,,WS-12 PCA-12,"backend/src/retention/policy.ts (AUDIT_RETENTION_FLOOR_MONTHS = 12); backend/src/retention/engine.ts (auditRetentionFloor = max(generalMonths, 12))",,NONE (source complete),NONE (automated evidence recorded),NONE,SOURCE_COMPLETE
PCA-DATA-014,PCA-0,Data/retention,Normative text in docs/architecture/10_DATA_MODEL_LOCAL_STORAGE.md,NOT_APPLICABLE,N/A,,See matrix notes,WS-01 PCA-0,,,NONE (not applicable),NONE,NONE,NOT_APPLICABLE
PCA-DATA-020,PCA-12,Data/retention,Normative text in docs/architecture/11_DATA_RETENTION_DELETION.md,SOURCE_COMPLETE,AUTOMATED (4 evidence paths); no real-device/provider/UAT acceptance,,,WS-12 PCA-12,backend/src/retention/deletionStateMachine.ts; backend/src/retention/engine.ts; android/app/src/main/java/org/pca/app/persistence/retention/RetentionEngine.kt; backend/src/retention/types.ts; backend/src/retention/engine.ts,,NONE (source complete),NONE (automated evidence recorded),NONE,SOURCE_COMPLETE
PCA-DATA-021,PCA-12; PCA-13,Data/retention,Normative text in docs/architecture/11_DATA_RETENTION_DELETION.md,SOURCE_COMPLETE,AUTOMATED (1 evidence path); no real-device/provider/UAT acceptance,,,WS-12 PCA-12,android/app/src/main/java/org/pca/app/persistence/entity/ParentActionAuditEntity.kt; android/app/src/main/java/org/pca/app/persistence/entity/TamperEventEntity.kt; android/app/src/main/java/org/pca/app/persistence/dao/ParentActionAuditDao.kt; android/app/src/main/java/org/pca/app/persistence/dao/TamperEventDao.kt; android/app/src/main/java/org/pca/app/persistence/retention/RetentionEngine.kt,,NONE (source complete),NONE (automated evidence recorded),NONE,SOURCE_COMPLETE
PCA-DATA-022,PCA-12; PCA-11,Data/retention,Normative text in docs/architecture/11_DATA_RETENTION_DELETION.md,SOURCE_COMPLETE_EXTERNAL_GATE,AUTOMATED (3 evidence paths); no real-device/provider/UAT acceptance,PRODUCTION_CRYPTO_SUITE,,WS-12 PCA-12,backend/src/familyenvelope/policy.ts; backend/src/retention/policy.ts (validateRetentionPolicy rejects out-of-bounds location retention); android/app/src/main/java/org/pca/app/persistence/retention/RetentionCutoffCalculator.kt; android/app/src/main/java/org/pca/app/persistence/retention/RetentionEngine.kt; android/app/src/main/java/org/pca/app/persistence/export/AuditRecordExportService.kt; android/app/src/main/java/org/pca/app/persistence/export/LocalRoomFamilyExportDataSource.kt,PRODUCTION_CRYPTO_SUITE,NONE (source complete),NONE (automated evidence recorded),NONE,SOURCE_COMPLETE_EXTERNAL_GATE
PCA-DATA-023,PCA-12,Data/retention,Normative text in docs/architecture/11_DATA_RETENTION_DELETION.md,SOURCE_COMPLETE,AUTOMATED (1 evidence path); no real-device/provider/UAT acceptance,,,WS-12 PCA-12,"backend/src/retention/calendar.ts (calendar-accurate month/day arithmetic, not naive 30*86400s)",,NONE (source complete),NONE (automated evidence recorded),NONE,SOURCE_COMPLETE
PCA-DATA-024,PCA-12; PCA-11,Data/retention,Normative text in docs/architecture/11_DATA_RETENTION_DELETION.md,SOURCE_COMPLETE,AUTOMATED (6 evidence paths); no real-device/provider/UAT acceptance,,,WS-12 PCA-12,android/app/src/main/java/org/pca/app/persistence/retention/RetentionEngine.kt; android/app/src/main/java/org/pca/app/persistence/retention/RetentionMaintenanceCycle.kt; android/app/src/main/java/org/pca/app/runtime/background/RetentionMaintenanceWorker.kt; android/app/src/main/java/org/pca/app/runtime/background/BackgroundExecutionScheduler.kt; android/app/src/main/java/org/pca/app/runtime/graph/PcaAppGraph.kt; android/app/src/main/java/org/pca/app/persistence/PcaLocalPersistence.kt,,Local retention for an enrolled-but-unpaired device + trusted-time floor clamp,"RetentionMaintenanceCycleTest (+4), RetentionEngineTest (+2), WallClockRollbackMonitorTest (+1)",matrix notes/evidence updated this pass,SOURCE_COMPLETE
PCA-DATA-025,PCA-12; PCA-11,Data/retention,Normative text in docs/architecture/11_DATA_RETENTION_DELETION.md,PARTIAL,AUTOMATED (5 evidence paths); no real-device/provider/UAT acceptance,PRODUCTION_CRYPTO_SECURITY_REVIEW,Gated: PRODUCTION_CRYPTO_SECURITY_REVIEW,WS-12 PCA-12,android/app/src/main/java/org/pca/app/persistence/retention/RetentionEngine.kt; android/app/src/main/java/org/pca/app/persistence/retention/RetentionMaintenanceCycle.kt,PRODUCTION_CRYPTO_SECURITY_REVIEW,same as PCA-DATA-024,same,matrix notes/evidence updated this pass,PARTIAL
PCA-DATA-026,PCA-12,Data/retention,Normative text in docs/architecture/11_DATA_RETENTION_DELETION.md,SOURCE_COMPLETE,AUTOMATED (1 evidence path); no real-device/provider/UAT acceptance,,,WS-12 PCA-12,"android/app/src/main/java/org/pca/app/persistence/entity/TombstoneRecordEntity.kt + dao/TombstoneRecordDao.kt (new) + retention/DeleteNowCoordinator.kt:35,49,108,113-121 (writes ONE tombstone row -- id + deletion timestamp only -- per deleted top-level identity) + retention/RetentionCutoffCalculator.kt:41-50 (fixed, family-policy-independent 6-month bounded lifetime) + retention/RetentionEngine.kt:50-58 (pruneTombstones, deletes past that cutoff)",,NONE (source complete),NONE (automated evidence recorded),NONE,SOURCE_COMPLETE
PCA-DATA-027,PCA-12; PCA-11,Data/retention,Normative text in docs/architecture/11_DATA_RETENTION_DELETION.md,PARTIAL,AUTOMATED (2 evidence paths); no real-device/provider/UAT acceptance,CRYPTO_ACTIVATION,Gated: CRYPTO_ACTIVATION,WS-12 PCA-12,backend/src/retention/deleteNow.ts; backend/src/familyenvelope/types.ts (envelope message types include deletion-instruction alongside policy); backend/src/http/routes/retentionRoutes.ts,CRYPTO_ACTIVATION,DEFERRED_EXTERNAL_GATE (CRYPTO_ACTIVATION),NONE (automated evidence recorded),NONE,PARTIAL
PCA-DATA-028,PCA-12,Data/retention,Normative text in docs/architecture/11_DATA_RETENTION_DELETION.md,NOT_APPLICABLE,N/A,,See matrix notes,WS-12 PCA-12,,,NONE (not applicable),NONE,NONE,NOT_APPLICABLE
PCA-DATA-029,PCA-12,Data/retention,Normative text in docs/architecture/11_DATA_RETENTION_DELETION.md,SOURCE_COMPLETE,AUTOMATED (1 evidence path); no real-device/provider/UAT acceptance,CRYPTO_ACTIVATION,,WS-12 PCA-12,backend/src/http/routes/retentionRoutes.ts (DELETE_NOW_DISCLOSED_STATE = 'DELETE_PENDING_REMOTE_DEVICE'; EXPORT_CREATION_DISCLOSURE payload on 202/PENDING responses),CRYPTO_ACTIVATION,NONE (source complete),NONE (automated evidence recorded),NONE,SOURCE_COMPLETE
PCA-FR-000,PCA-0,Functional,Normative text in docs/architecture/00_DOCUMENT_CONTROL.md,NOT_APPLICABLE,N/A,,See matrix notes,WS-01 PCA-0,"docs/architecture/00_DOCUMENT_CONTROL.md:83,87",,NONE (not applicable),NONE,NONE,NOT_APPLICABLE
PCA-FR-000A,PCA-2; PCA-10,Functional,Normative text in docs/architecture/01_PRODUCT_VISION_SCOPE.md,SOURCE_COMPLETE,AUTOMATED (3 evidence paths); no real-device/provider/UAT acceptance,,,WS-02 PCA-2,android/app/src/main/java/org/pca/app/runtime/schedule/ScheduleRuntime.kt; android/app/src/main/java/org/pca/app/runtime/schedule/ProductionScheduleRuntimePort.kt; android/app/src/main/java/org/pca/app/runtime/graph/PcaAppGraph.kt; parent-web/src/domain/types.ts; parent-web/src/pages/Dashboard.tsx; parent-web/src/pages/security/ProtectionStatus.tsx,,NONE (source complete),NONE (automated evidence recorded),NONE,SOURCE_COMPLETE
PCA-FR-001,PCA-1,Functional,Normative text in docs/architecture/03_FUNCTIONAL_REQUIREMENTS.md,SOURCE_COMPLETE,AUTOMATED (2 evidence paths); no real-device/provider/UAT acceptance,,,WS-01 PCA-1,backend/src/parentaccount/ParentAccountService.ts; backend/src/parentaccount/genesisDeviceSigner.ts,,NONE (source complete),NONE (automated evidence recorded),NONE,SOURCE_COMPLETE
PCA-FR-002,PCA-1,Functional,Normative text in docs/architecture/03_FUNCTIONAL_REQUIREMENTS.md,SOURCE_COMPLETE,AUTOMATED (1 evidence path); no real-device/provider/UAT acceptance,,,WS-01 PCA-1,parent-web/src/pages/family/DeviceEnrollmentPanel.tsx | parent-web/src/pages/family/InvitationQrCode.tsx | backend/src/invitation/InvitationService.ts | backend/src/invitation/MySqlInvitationRepository.ts | android/app/src/main/java/org/pca/app/enrollment/EnrollmentLinkParser.kt,,NONE (source complete),NONE (automated evidence recorded),NONE,SOURCE_COMPLETE
PCA-FR-002A,PCA-1,Functional,Normative text in docs/architecture/02_STAKEHOLDERS_PERSONAS_ROLES.md,SOURCE_COMPLETE,AUTOMATED (1 evidence path); no real-device/provider/UAT acceptance,,,WS-01 PCA-1,backend/src/familytrustset/FamilyTrustSetEngine.ts:87 (NOT_EXACTLY_ONE_ACTIVE_OWNER check); backend/src/familytrustset/types.ts:5,,NONE (source complete),NONE (automated evidence recorded),NONE,SOURCE_COMPLETE
PCA-FR-003,PCA-1,Functional,Normative text in docs/architecture/03_FUNCTIONAL_REQUIREMENTS.md,SOURCE_COMPLETE,AUTOMATED (1 evidence path); no real-device/provider/UAT acceptance,,,WS-01 PCA-1,android/app/src/main/java/org/pca/app/security/DeviceKeyPairGenerator.kt + SecureKeyStore.kt + EncryptedBlobSecureKeyStore.kt (public-key device identity not password pairing),,NONE (source complete),NONE (automated evidence recorded),NONE,SOURCE_COMPLETE
PCA-FR-004,PCA-10,Functional,Normative text in docs/architecture/03_FUNCTIONAL_REQUIREMENTS.md,SOURCE_COMPLETE,AUTOMATED (3 evidence paths); no real-device/provider/UAT acceptance,,,WS-10 PCA-10,backend/src/familyrbac/policy.ts; backend/src/familyrbac/ParentActionAuthorizationService.ts; backend/src/familyrbac/TrustSetRoleResolver.ts; parent-web/src/pages/family/RolesMatrix.tsx; parent-web/src/pages/family/Members.tsx,,NONE (source complete),NONE (automated evidence recorded),NONE,SOURCE_COMPLETE
PCA-FR-004A,PCA-PA-2,Functional,Normative text in docs/architecture/02_STAKEHOLDERS_PERSONAS_ROLES.md,SOURCE_COMPLETE,AUTOMATED (1 evidence path); no real-device/provider/UAT acceptance,,,WS-19 ADDENDUM-002,"backend/migrations/0006_platform_entitlements_enrollment_limits.sql:64-65 (FREE_STARTER seeds parent_member_limit=1, managed_device_limit=1)",,NONE (source complete),NONE (automated evidence recorded),NONE,SOURCE_COMPLETE
PCA-FR-005,PCA-1,Functional,Normative text in docs/architecture/03_FUNCTIONAL_REQUIREMENTS.md,PARTIAL,AUTOMATED (2 evidence paths); no real-device/provider/UAT acceptance,CRYPTO_ACTIVATION,Gated: CRYPTO_ACTIVATION,WS-01 PCA-1,"backend/src/device/DeviceDirectoryService.ts, DeviceRepository.ts (device lifecycle incl. removal); backend/src/familytrustset/FamilyTrustSetEngine.ts (revocation)",CRYPTO_ACTIVATION,DEFERRED_EXTERNAL_GATE (CRYPTO_ACTIVATION),NONE (automated evidence recorded),NONE,PARTIAL
PCA-FR-006,PCA-1,Functional,Normative text in docs/architecture/03_FUNCTIONAL_REQUIREMENTS.md,PARTIAL,AUTOMATED (3 evidence paths); no real-device/provider/UAT acceptance,CRYPTO_ACTIVATION,Gated: CRYPTO_ACTIVATION,WS-01 PCA-1,backend/src/recovery/RecoveryService.ts; backend/src/recoverytransaction/RecoveryTransactionCoordinator.ts; backend/src/familytrustset/FamilyTrustSetRecoveryEngine.ts,CRYPTO_ACTIVATION,DEFERRED_EXTERNAL_GATE (CRYPTO_ACTIVATION),NONE (automated evidence recorded),NONE,PARTIAL
PCA-FR-007,PCA-1,Functional,Normative text in docs/architecture/03_FUNCTIONAL_REQUIREMENTS.md,SOURCE_COMPLETE,AUTOMATED (2 evidence paths); no real-device/provider/UAT acceptance,,,WS-01 PCA-1,android/app/src/main/java/org/pca/app/enrollment/ui/EnrollmentScreen.kt; android/app/src/main/res/values/strings.xml; android/app/src/main/res/values-ar/strings.xml,,NONE (source complete),NONE (automated evidence recorded),NONE,SOURCE_COMPLETE
PCA-FR-008,PCA-1,Functional,Normative text in docs/architecture/03_FUNCTIONAL_REQUIREMENTS.md,SOURCE_COMPLETE_EXTERNAL_GATE,AUTOMATED (6 evidence paths); no real-device/provider/UAT acceptance,IOS_MAC_XCODE,,WS-01 PCA-1,parent-web/src/pages/family/DeviceEnrollmentPanel.tsx; backend/src/invitation/InvitationService.ts; android/app/src/main/java/org/pca/app/enrollment/EnrollmentProfile.kt; android/app/src/main/java/org/pca/app/enrollment/EnrollmentState.kt; android/app/src/main/java/org/pca/app/enrollment/EnrollmentCoordinator.kt; android/app/src/main/java/org/pca/app/enrollment/ui/EnrollmentScreen.kt; android/app/src/main/java/org/pca/app/runtime/graph/PcaAppGraph.kt; ios/PCA/Enrollment/ChildEnrollmentCoordinator.swift,IOS_MAC_XCODE,NONE (source complete),NONE (automated evidence recorded),NONE,SOURCE_COMPLETE_EXTERNAL_GATE
PCA-FR-010,PCA-3,Functional,Normative text in docs/architecture/03_FUNCTIONAL_REQUIREMENTS.md,SOURCE_COMPLETE,AUTOMATED (1 evidence path); no real-device/provider/UAT acceptance,,,WS-03 PCA-3,android/app/src/main/java/org/pca/app/feature/screentime/engine/ScreenTimeEngine.kt + platform/StandardUsageObservationSource.kt (UsageStatsManager),,NONE (source complete),NONE (automated evidence recorded),NONE,SOURCE_COMPLETE
PCA-FR-011,PCA-3,Functional,Normative text in docs/architecture/03_FUNCTIONAL_REQUIREMENTS.md,SOURCE_COMPLETE,AUTOMATED (1 evidence path); no real-device/provider/UAT acceptance,,,WS-03 PCA-3,android/app/src/main/java/org/pca/app/feature/screentime/policy/ScreenTimeBaselinePolicy.kt (60-min default),,NONE (source complete),NONE (automated evidence recorded),NONE,SOURCE_COMPLETE
PCA-FR-011A,PCA-3,Functional,Normative text in docs/architecture/03_FUNCTIONAL_REQUIREMENTS.md,SOURCE_COMPLETE,AUTOMATED (1 evidence path); no real-device/provider/UAT acceptance,,,WS-03 PCA-3,android/app/src/main/java/org/pca/app/feature/screentime/policy/ScreenTimeBaselinePolicy.kt (15-180 min / 5-min increment validation),,NONE (source complete),NONE (automated evidence recorded),NONE,SOURCE_COMPLETE
PCA-FR-012,PCA-3,Functional,Normative text in docs/architecture/03_FUNCTIONAL_REQUIREMENTS.md,SOURCE_COMPLETE,AUTOMATED (1 evidence path); no real-device/provider/UAT acceptance,,,WS-03 PCA-3,android/app/src/main/java/org/pca/app/feature/screentime/policy/ScreenTimeBaselinePolicy.kt (30-min default break),,NONE (source complete),NONE (automated evidence recorded),NONE,SOURCE_COMPLETE
PCA-FR-012A,PCA-3,Functional,Normative text in docs/architecture/03_FUNCTIONAL_REQUIREMENTS.md,SOURCE_COMPLETE,AUTOMATED (1 evidence path); no real-device/provider/UAT acceptance,,,WS-03 PCA-3,android/app/src/main/java/org/pca/app/feature/screentime/policy/ScreenTimeBaselinePolicy.kt (5-60 min / 1-min increment validation),,NONE (source complete),NONE (automated evidence recorded),NONE,SOURCE_COMPLETE
PCA-FR-013,PCA-3,Functional,Normative text in docs/architecture/03_FUNCTIONAL_REQUIREMENTS.md,SOURCE_COMPLETE,AUTOMATED (1 evidence path); no real-device/provider/UAT acceptance,,,WS-03 PCA-3,android/app/src/main/java/org/pca/app/feature/breakshield/BreakShieldScreen.kt + BreakShieldViewState.kt,,NONE (source complete),NONE (automated evidence recorded),NONE,SOURCE_COMPLETE
PCA-FR-014,PCA-3,Functional,Normative text in docs/architecture/03_FUNCTIONAL_REQUIREMENTS.md,SOURCE_COMPLETE,AUTOMATED (1 evidence path); no real-device/provider/UAT acceptance,,,WS-03 PCA-3,android/app/src/main/java/org/pca/app/feature/breakshield/BreakShieldScreen.kt (dhikr/counter interaction),,NONE (source complete),NONE (automated evidence recorded),NONE,SOURCE_COMPLETE
PCA-FR-014A,PCA-3,Functional,Normative text in docs/architecture/03_FUNCTIONAL_REQUIREMENTS.md,SOURCE_COMPLETE,AUTOMATED (1 evidence path); no real-device/provider/UAT acceptance,,,WS-03 PCA-3,android/app/src/main/java/org/pca/app/feature/breakshield/BreakShieldScreen.kt | android/app/src/main/res/values/strings.xml | android/app/src/main/res/values-ar/strings.xml,,NONE (source complete),NONE (automated evidence recorded),NONE,SOURCE_COMPLETE
PCA-FR-015,PCA-2; PCA-3,Functional,Normative text in docs/architecture/03_FUNCTIONAL_REQUIREMENTS.md,SOURCE_COMPLETE,AUTOMATED (1 evidence path); no real-device/provider/UAT acceptance,,,WS-02 PCA-2,android/app/src/main/java/org/pca/app/feature/breakshield/BreakShieldScreen.kt (emergency button always visible regardless of state per canRequestEmergencyException),,NONE (source complete),NONE (automated evidence recorded),NONE,SOURCE_COMPLETE
PCA-FR-015A,PCA-3,Functional,Normative text in docs/architecture (see doc 32),SOURCE_COMPLETE,AUTOMATED (6 evidence paths); no real-device/provider/UAT acceptance,ANDROID_REAL_DEVICE_UAT; REAL_DEVICE_TELEPHONY_SMS_UAT; IOS_MAC_XCODE; IOS_FAMILY_CONTROLS_ENTITLEMENT; IOS_PHYSICAL_DEVICE,,WS-03 PCA-3,android/app/src/main/java/org/pca/app/feature/screentime/engine/ScreenTimeEngine.kt; android/app/src/main/java/org/pca/app/runtime/communication/CommunicationExceptionCoordinator.kt; android/app/src/main/java/org/pca/app/runtime/communication/AndroidTelephonyCallStateObserver.kt; android/app/src/main/java/org/pca/app/runtime/communication/CommunicationCallStateObserver.kt; android/app/src/main/java/org/pca/app/runtime/schedule/ScheduleEnforcementConsumer.kt; android/app/src/main/java/org/pca/app/platform/ForegroundAppPackageSource.kt; android/app/src/main/java/org/pca/app/runtime/ui/CallStatePermissionPromptPolicy.kt; android/app/src/main/java/org/pca/app/runtime/ui/ChildHomeScreen.kt; android/app/src/main/java/org/pca/app/MainActivity.kt; android/app/src/main/java/org/pca/app/runtime/PcaRuntime.kt,ANDROID_REAL_DEVICE_UAT; REAL_DEVICE_TELEPHONY_SMS_UAT; IOS_MAC_XCODE; IOS_FAMILY_CONTROLS_ENTITLEMENT; IOS_PHYSICAL_DEVICE,NONE (source complete),NONE (automated evidence recorded),NONE,SOURCE_COMPLETE
PCA-FR-016,PCA-3,Functional,Normative text in docs/architecture/03_FUNCTIONAL_REQUIREMENTS.md,SOURCE_COMPLETE,AUTOMATED (1 evidence path); no real-device/provider/UAT acceptance,,,WS-03 PCA-3,android/app/src/main/java/org/pca/app/feature/screentime/engine/ParentOverride.kt,,NONE (source complete),NONE (automated evidence recorded),NONE,SOURCE_COMPLETE
PCA-FR-017,PCA-3; PCA-13,Functional,Normative text in docs/architecture/03_FUNCTIONAL_REQUIREMENTS.md,SOURCE_COMPLETE,AUTOMATED (1 evidence path); no real-device/provider/UAT acceptance,,,WS-03 PCA-3,android/app/src/main/java/org/pca/app/feature/screentime/clock/MonotonicClockBridge.kt + Clocks.kt (elapsed-realtime anchor) + foundation/TimeSources.kt,,NONE (source complete),NONE (automated evidence recorded),NONE,SOURCE_COMPLETE
PCA-FR-018,PCA-3,Functional,Normative text in docs/architecture/03_FUNCTIONAL_REQUIREMENTS.md,SOURCE_COMPLETE,AUTOMATED (1 evidence path); no real-device/provider/UAT acceptance,,,WS-03 PCA-3,"android/app/src/main/java/org/pca/app/feature/breakshield/BreakShieldScreen.kt (only duration/occurrence persisted, no interaction content transmitted); android/app/src/main/java/org/pca/app/persistence/entity/BreakSessionEntity.kt",,NONE (source complete),NONE (automated evidence recorded),NONE,SOURCE_COMPLETE
PCA-FR-020,PCA-8,Functional,Normative text in docs/architecture/03_FUNCTIONAL_REQUIREMENTS.md,SOURCE_COMPLETE,AUTOMATED (1 evidence path); no real-device/provider/UAT acceptance,,,WS-08 PCA-8,android/app/src/main/java/org/pca/app/platform/proximity/HardwareProximitySource.kt + PrioritizedProximitySource.kt,,NONE (source complete),NONE (automated evidence recorded),NONE,SOURCE_COMPLETE
PCA-FR-021,PCA-8,Functional,Normative text in docs/architecture/03_FUNCTIONAL_REQUIREMENTS.md,SOURCE_COMPLETE_VALIDATION_PENDING,AUTOMATED (7 evidence paths); no real-device/provider/UAT acceptance,,,WS-08 PCA-8,android/app/src/main/java/org/pca/app/feature/eyedistance/engine/EyeDistanceEngine.kt; android/app/src/main/java/org/pca/app/platform/proximity/FaceProximityClassifier.kt; android/app/src/main/java/org/pca/app/platform/proximity/AndroidFaceGeometryDetector.kt; android/app/src/main/java/org/pca/app/platform/proximity/CameraProximitySource.kt; android/app/src/main/java/org/pca/app/platform/proximity/CameraPermissionLifecycle.kt; android/app/src/main/java/org/pca/app/feature/eyedistance/shield/EyeDistanceShieldViewState.kt; android/app/src/main/java/org/pca/app/feature/eyedistance/shield/EyeRestShieldScreen.kt; android/app/src/main/java/org/pca/app/feature/eyedistance/shield/EyeRestShieldTrigger.kt; android/app/src/main/java/org/pca/app/feature/eyedistance/ui/EyeRestShieldActivity.kt; android/app/src/main/java/org/pca/app/runtime/graph/PcaAppGraph.kt; android/app/src/main/AndroidManifest.xml,,NONE (source complete),NONE (automated evidence recorded),NONE,SOURCE_COMPLETE_VALIDATION_PENDING
PCA-FR-021A,PCA-8,Functional,Normative text in docs/architecture/03_FUNCTIONAL_REQUIREMENTS.md,SOURCE_COMPLETE,AUTOMATED (1 evidence path); no real-device/provider/UAT acceptance,,,WS-08 PCA-8,android/app/src/main/java/org/pca/app/feature/eyedistance/engine/EyeDistanceEngine.kt (configurable threshold/cooldown parameters),,NONE (source complete),NONE (automated evidence recorded),NONE,SOURCE_COMPLETE
PCA-FR-022,PCA-8,Functional,Normative text in docs/architecture/03_FUNCTIONAL_REQUIREMENTS.md,SOURCE_COMPLETE,AUTOMATED (1 evidence path); no real-device/provider/UAT acceptance,,,WS-08 PCA-8,android/app/src/main/java/org/pca/app/platform/proximity/FaceProximityEstimator.kt (interface contract explicitly forbids retaining any frame/landmark/embedding) + persistence/entity/ProximityEventEntity.kt (boolean/duration only),,NONE (source complete),NONE (automated evidence recorded),NONE,SOURCE_COMPLETE
PCA-FR-023,PCA-8,Functional,Normative text in docs/architecture/03_FUNCTIONAL_REQUIREMENTS.md,SOURCE_COMPLETE,AUTOMATED (5 evidence paths); no real-device/provider/UAT acceptance,CAMERA_REAL_DEVICE_VALIDATION,,WS-08 PCA-8,android/app/src/main/java/org/pca/app/platform/proximity/FaceProximityClassifier.kt; android/app/src/main/java/org/pca/app/platform/proximity/AndroidFaceGeometryDetector.kt; android/app/src/main/java/org/pca/app/platform/proximity/CameraProximitySource.kt; android/app/src/main/java/org/pca/app/platform/proximity/CameraXFrameSource.kt; android/app/src/main/java/org/pca/app/platform/proximity/CameraPermissionLifecycle.kt; android/app/src/main/java/org/pca/app/runtime/graph/PcaAppGraph.kt,CAMERA_REAL_DEVICE_VALIDATION,NONE (source complete),NONE (automated evidence recorded),NONE,SOURCE_COMPLETE
PCA-FR-024,PCA-8,Functional,Normative text in docs/architecture/03_FUNCTIONAL_REQUIREMENTS.md,SOURCE_COMPLETE_EXTERNAL_GATE,AUTOMATED (3 evidence paths); no real-device/provider/UAT acceptance,CAMERA_REAL_DEVICE_VALIDATION,,WS-08 PCA-8,android/app/src/main/java/org/pca/app/platform/proximity/CameraXFrameSource.kt; android/app/src/main/java/org/pca/app/platform/proximity/CameraProximitySource.kt; android/app/src/main/java/org/pca/app/runtime/graph/PcaAppGraph.kt; android/app/src/main/java/org/pca/app/platform/proximity/AndroidFaceGeometryDetector.kt; android/app/src/main/java/org/pca/app/platform/proximity/FaceProximityClassifier.kt,CAMERA_REAL_DEVICE_VALIDATION,NONE (source complete),NONE (automated evidence recorded),NONE,SOURCE_COMPLETE_EXTERNAL_GATE
PCA-FR-030,PCA-5,Functional,Normative text in docs/architecture/03_FUNCTIONAL_REQUIREMENTS.md,SOURCE_COMPLETE,AUTOMATED (1 evidence path); no real-device/provider/UAT acceptance,,,WS-05 PCA-5,android/app/src/main/java/org/pca/app/feature/webprotection/engine/WebFilterEngine.kt + WebRuleRepository.kt,,NONE (source complete),NONE (automated evidence recorded),NONE,SOURCE_COMPLETE
PCA-FR-031,PCA-5,Functional,Normative text in docs/architecture/03_FUNCTIONAL_REQUIREMENTS.md,SOURCE_COMPLETE,AUTOMATED (1 evidence path); no real-device/provider/UAT acceptance,,,WS-05 PCA-5,android/app/src/main/java/org/pca/app/feature/webprotection/policy/WebFilterTypes.kt + WebReasonCodes.kt (malware/phishing/adult categories),,NONE (source complete),NONE (automated evidence recorded),NONE,SOURCE_COMPLETE
PCA-FR-031A,PCA-5,Functional,Normative text in docs/architecture/03_FUNCTIONAL_REQUIREMENTS.md,SOURCE_COMPLETE,AUTOMATED (1 evidence path); no real-device/provider/UAT acceptance,,,WS-05 PCA-5,android/app/src/main/java/org/pca/app/feature/webprotection/policy/WebFilterTypes.kt,,NONE (source complete),NONE (automated evidence recorded),NONE,SOURCE_COMPLETE
PCA-FR-032,PCA-5,Functional,Normative text in docs/architecture/03_FUNCTIONAL_REQUIREMENTS.md,SOURCE_COMPLETE,AUTOMATED (1 evidence path); no real-device/provider/UAT acceptance,,,WS-05 PCA-5,android/app/src/main/java/org/pca/app/feature/webprotection/engine/WebRuleRepository.kt (allow/deny override storage),,NONE (source complete),NONE (automated evidence recorded),NONE,SOURCE_COMPLETE
PCA-FR-033,PCA-5,Functional,Normative text in docs/architecture/03_FUNCTIONAL_REQUIREMENTS.md,SOURCE_COMPLETE,AUTOMATED (2 evidence paths); no real-device/provider/UAT acceptance,,,WS-05 PCA-5,android/app/src/main/java/org/pca/app/feature/webprotection/ui/SafeBrowserActivity.kt + SafeBrowserController.kt + SafeBrowserScreen.kt,,NONE (source complete),NONE (automated evidence recorded),NONE,SOURCE_COMPLETE
PCA-FR-034,PCA-5,Functional,Normative text in docs/architecture/03_FUNCTIONAL_REQUIREMENTS.md,SOURCE_COMPLETE,AUTOMATED (1 evidence path); no real-device/provider/UAT acceptance,,,WS-05 PCA-5,"android/app/src/main/java/org/pca/app/feature/webprotection/vpn/WebProtectionVpnService.kt:36-46 (DNS-only tunnel, no TLS/root-CA interception, addRoute never 0.0.0.0/0)",,NONE (source complete),NONE (automated evidence recorded),NONE,SOURCE_COMPLETE
PCA-FR-035,PCA-5,Functional,Normative text in docs/architecture/03_FUNCTIONAL_REQUIREMENTS.md,SOURCE_COMPLETE,AUTOMATED (1 evidence path); no real-device/provider/UAT acceptance,,,WS-05 PCA-5,android/app/src/main/java/org/pca/app/feature/webprotection/engine/WebFilterEngine.kt (deterministic rules only; no on-device classifier wired for browsing decisions),,NONE (source complete),NONE (automated evidence recorded),NONE,SOURCE_COMPLETE
PCA-FR-036,PCA-5,Functional,Normative text in docs/architecture/03_FUNCTIONAL_REQUIREMENTS.md,SOURCE_COMPLETE,AUTOMATED (1 evidence path); no real-device/provider/UAT acceptance,,,WS-05 PCA-5,android/app/src/main/java/org/pca/app/feature/webprotection/policy/WebReasonCodes.kt + persistence/entity/ContentBlockEventEntity.kt,,NONE (source complete),NONE (automated evidence recorded),NONE,SOURCE_COMPLETE
PCA-FR-037,PCA-5,Functional,Normative text in docs/architecture/03_FUNCTIONAL_REQUIREMENTS.md,SOURCE_COMPLETE,AUTOMATED (1 evidence path); no real-device/provider/UAT acceptance,,,WS-05 PCA-5,android/app/src/main/java/org/pca/app/feature/webprotection/ui/SafeBrowserScreen.kt:229-239; android/app/src/main/java/org/pca/app/feature/webprotection/ui/SafeBrowserController.kt:134-167,,NONE (source complete),NONE (automated evidence recorded),NONE,SOURCE_COMPLETE
PCA-FR-040,PCA-2,Functional,Normative text in docs/architecture/03_FUNCTIONAL_REQUIREMENTS.md,SOURCE_COMPLETE,AUTOMATED (3 evidence paths); no real-device/provider/UAT acceptance,,,WS-02 PCA-2,android/app/src/main/java/org/pca/app/runtime/usage/UsageSessionRecorder.kt; android/app/src/main/java/org/pca/app/runtime/graph/PcaAppGraph.kt:468; android/app/src/main/java/org/pca/app/runtime/background/UsageIngestionWorker.kt,,NONE (source complete),NONE (automated evidence recorded),NONE,SOURCE_COMPLETE
PCA-FR-041,PCA-2,Functional,Normative text in docs/architecture/03_FUNCTIONAL_REQUIREMENTS.md,SOURCE_COMPLETE,AUTOMATED (1 evidence path); no real-device/provider/UAT acceptance,,,WS-02 PCA-2,android/app/src/main/java/org/pca/app/runtime/schedule/SchedulePolicyRules.kt + ScheduleEvaluator.kt,,NONE (source complete),NONE (automated evidence recorded),NONE,SOURCE_COMPLETE
PCA-FR-042,PCA-2,Functional,Normative text in docs/architecture/03_FUNCTIONAL_REQUIREMENTS.md,SOURCE_COMPLETE,AUTOMATED (1 evidence path); no real-device/provider/UAT acceptance,,,WS-02 PCA-2,android/app/src/main/java/org/pca/app/runtime/schedule/SchedulePolicy.kt (per-app/category allow/block),,NONE (source complete),NONE (automated evidence recorded),NONE,SOURCE_COMPLETE
PCA-FR-043,PCA-4,Functional,Normative text in docs/architecture/03_FUNCTIONAL_REQUIREMENTS.md,SOURCE_COMPLETE,AUTOMATED (1 evidence path); no real-device/provider/UAT acceptance,,,WS-04 PCA-4,android/app/src/main/java/org/pca/app/runtime/schedule/SchedulePolicyRules.kt (school-mode/bedtime window rules),,NONE (source complete),NONE (automated evidence recorded),NONE,SOURCE_COMPLETE
PCA-FR-043A,PCA-4,Functional,Normative text in docs/architecture/03_FUNCTIONAL_REQUIREMENTS.md,SOURCE_COMPLETE,AUTOMATED (1 evidence path); no real-device/provider/UAT acceptance,,,WS-04 PCA-4,android/app/src/main/java/org/pca/app/runtime/schedule/SchedulePolicyRules.kt (per-day-of-week + override-approval toggle),,NONE (source complete),NONE (automated evidence recorded),NONE,SOURCE_COMPLETE
PCA-FR-043B,PCA-4,Functional,Normative text in docs/architecture (see doc 32),SOURCE_COMPLETE,AUTOMATED (2 evidence paths); no real-device/provider/UAT acceptance,ANDROID_REAL_DEVICE_UAT; DEVICE_OWNER_REAL_DEVICE_AUTHORIZATION,,WS-04 PCA-4,android/app/src/main/java/org/pca/app/runtime/schedule/SchedulePolicy.kt; android/app/src/main/java/org/pca/app/runtime/schedule/ScheduleRuntime.kt; android/app/src/main/java/org/pca/app/runtime/schedule/ProductionScheduleRuntimePort.kt; android/app/src/main/java/org/pca/app/runtime/schedule/ScheduleEnforcementConsumer.kt; android/app/src/main/java/org/pca/app/runtime/schedule/AndroidDevicePolicyPackageSuspensionExecutor.kt; android/app/src/main/java/org/pca/app/platform/ForegroundAppPackageSource.kt; android/app/src/main/java/org/pca/app/runtime/PcaRuntime.kt,ANDROID_REAL_DEVICE_UAT; DEVICE_OWNER_REAL_DEVICE_AUTHORIZATION,NONE (source complete),NONE (automated evidence recorded),NONE,SOURCE_COMPLETE
PCA-FR-043C,PCA-3; PCA-4,Functional,Normative text in docs/architecture (see doc 32),SOURCE_COMPLETE,AUTOMATED (3 evidence paths); no real-device/provider/UAT acceptance,ANDROID_REAL_DEVICE_UAT; REAL_DEVICE_TELEPHONY_UAT; IOS_MAC_XCODE; IOS_FAMILY_CONTROLS_ENTITLEMENT; IOS_PHYSICAL_DEVICE,,WS-03 PCA-3,android/app/src/main/java/org/pca/app/runtime/schedule/AndroidCommunicationSurfaceResolver.kt; android/app/src/main/java/org/pca/app/runtime/communication/AndroidTelephonyCallStateObserver.kt; android/app/src/main/java/org/pca/app/runtime/communication/CommunicationCallLifecycleAdapter.kt; android/app/src/main/java/org/pca/app/runtime/communication/CommunicationExceptionCoordinator.kt; android/app/src/main/java/org/pca/app/runtime/schedule/ScheduleEnforcementConsumer.kt; android/app/src/main/java/org/pca/app/runtime/PcaRuntime.kt,ANDROID_REAL_DEVICE_UAT; REAL_DEVICE_TELEPHONY_UAT; IOS_MAC_XCODE; IOS_FAMILY_CONTROLS_ENTITLEMENT; IOS_PHYSICAL_DEVICE,NONE (source complete),NONE (automated evidence recorded),NONE,SOURCE_COMPLETE
PCA-FR-044,PCA-2,Functional,Normative text in docs/architecture/03_FUNCTIONAL_REQUIREMENTS.md,SOURCE_COMPLETE,AUTOMATED (1 evidence path); no real-device/provider/UAT acceptance,,,WS-02 PCA-2,android/app/src/main/java/org/pca/app/platform/PlatformProtectionCapabilities.kt; android/app/src/main/java/org/pca/app/runtime/ui/ChildHomeScreen.kt; android/app/src/main/java/org/pca/app/feature/youtube/ui/YouTubeModeScreen.kt,,NONE (source complete),NONE (automated evidence recorded),NONE,SOURCE_COMPLETE
PCA-FR-045,PCA-2,Functional,Normative text in docs/architecture/03_FUNCTIONAL_REQUIREMENTS.md,SOURCE_COMPLETE,AUTOMATED (1 evidence path); no real-device/provider/UAT acceptance,,,WS-02 PCA-2,android/app/src/main/java/org/pca/app/runtime/installobserver/InstalledAppEventReceiver.kt; android/app/src/main/AndroidManifest.xml:141-148,,NONE (source complete),NONE (automated evidence recorded),NONE,SOURCE_COMPLETE
PCA-FR-050,PCA-6,Functional,Normative text in docs/architecture/03_FUNCTIONAL_REQUIREMENTS.md,SOURCE_COMPLETE,AUTOMATED (1 evidence path); no real-device/provider/UAT acceptance,,,WS-06 PCA-6,android/app/src/main/java/org/pca/app/feature/youtube/engine/ModeAAndroidUsageAdapter.kt + ModeAUsageReportBuilder.kt,,NONE (source complete),NONE (automated evidence recorded),NONE,SOURCE_COMPLETE
PCA-FR-051,PCA-6,Functional,Normative text in docs/architecture/03_FUNCTIONAL_REQUIREMENTS.md,SOURCE_COMPLETE,AUTOMATED (1 evidence path); no real-device/provider/UAT acceptance,,,WS-06 PCA-6,android/app/src/main/java/org/pca/app/feature/youtube/policy/YouTubePolicy.kt + YouTubeTypes.kt (Mode A never queries per-video watch history by construction - only duration),,NONE (source complete),NONE (automated evidence recorded),NONE,SOURCE_COMPLETE
PCA-FR-052,PCA-6,Functional,Normative text in docs/architecture/03_FUNCTIONAL_REQUIREMENTS.md,NOT_STARTED,NONE recorded,YOUTUBE_MODE_B_POLICY_REVIEW,Gated: YOUTUBE_MODE_B_POLICY_REVIEW,WS-06 PCA-6,android/app/src/main/java/org/pca/app/feature/youtube/policy/ModeBFeatureFlagLocalStore.kt (read-only mirror of BLOCKED_EXTERNAL_POLICY_REVIEW default; no mutator exists anywhere),YOUTUBE_MODE_B_POLICY_REVIEW,DEFERRED_EXTERNAL_GATE (YOUTUBE_MODE_B_POLICY_REVIEW),EXTERNAL (device/provider/UAT),NONE,NOT_STARTED
PCA-FR-053,PCA-6,Functional,Normative text in docs/architecture/03_FUNCTIONAL_REQUIREMENTS.md,SOURCE_COMPLETE,AUTOMATED (2 evidence paths); no real-device/provider/UAT acceptance,YOUTUBE_PLATFORM_API_PARTNERSHIP,,WS-06 PCA-6,backend/src/youtube/types.ts; backend/src/youtube/policy.ts; backend/src/youtube/ModeBFeatureFlagStore.ts,YOUTUBE_PLATFORM_API_PARTNERSHIP,NONE (source complete),NONE (automated evidence recorded),NONE,SOURCE_COMPLETE
PCA-FR-054,PCA-6,Functional,Normative text in docs/architecture/03_FUNCTIONAL_REQUIREMENTS.md,SOURCE_COMPLETE,AUTOMATED (1 evidence path); no real-device/provider/UAT acceptance,,,WS-06 PCA-6,"android/app/src/main/java/org/pca/app/feature/youtube/ui/YouTubeModeActivity.kt, YouTubeModeLoader.kt (Writer73); ChildHomeScreen.kt YouTubeModeEntryCard; MainActivity.kt wiring; AndroidManifest.xml registration",,NONE (source complete),NONE (automated evidence recorded),NONE,SOURCE_COMPLETE
PCA-FR-060,PCA-7,Functional,Normative text in docs/architecture/03_FUNCTIONAL_REQUIREMENTS.md,SOURCE_COMPLETE,AUTOMATED (1 evidence path); no real-device/provider/UAT acceptance,,,WS-07 PCA-7,android/app/src/main/java/org/pca/app/runtime/location/LocationSampleRecorder.kt + platform/StandardLocationCapabilitySource.kt,,NONE (source complete),NONE (automated evidence recorded),NONE,SOURCE_COMPLETE
PCA-FR-061,PCA-7,Functional,Normative text in docs/architecture/03_FUNCTIONAL_REQUIREMENTS.md,SOURCE_COMPLETE,AUTOMATED (1 evidence path); no real-device/provider/UAT acceptance,,,WS-07 PCA-7,android/app/src/main/java/org/pca/app/runtime/location/LocationSampleStatus.kt (accuracy class/staleness modeled),,NONE (source complete),NONE (automated evidence recorded),NONE,SOURCE_COMPLETE
PCA-FR-062,PCA-7,Functional,Normative text in docs/architecture/03_FUNCTIONAL_REQUIREMENTS.md,PARTIAL,AUTOMATED (2 evidence paths); no real-device/provider/UAT acceptance,PRODUCTION_CRYPTO_SECURITY_REVIEW,Gated: PRODUCTION_CRYPTO_SECURITY_REVIEW,WS-07 PCA-7,android/app/src/main/java/org/pca/app/runtime/sync/DeviceSessionManager.kt (heartbeat/session concept exists),PRODUCTION_CRYPTO_SECURITY_REVIEW,DEFERRED_EXTERNAL_GATE (PRODUCTION_CRYPTO_SECURITY_REVIEW),NONE (automated evidence recorded),NONE,PARTIAL
PCA-FR-063,PCA-7,Functional,Normative text in docs/architecture/03_FUNCTIONAL_REQUIREMENTS.md,PARTIAL,AUTOMATED (15 evidence paths); no real-device/provider/UAT acceptance,CRYPTO_ACTIVATION,Gated: CRYPTO_ACTIVATION,WS-07 PCA-7,android/app/src/main/java/org/pca/app/runtime/location/geofence/GeofenceEngine.kt; android/app/src/main/java/org/pca/app/runtime/location/geofence/GeofenceMonitor.kt; backend/src/location/SafeZoneRepository.ts; backend/src/location/MySqlSafeZoneRepository.ts; backend/test/location/safeZoneRepository.test.mjs; backend/src/http/routes/parentAccountRoutes.ts; backend/src/location/SafeZonePolicyAuthorization.ts; backend/src/familyrbac/ParentActionAuthorizationService.ts; backend/src/familyrbac/UnavailableTrustSetRoleResolver.ts; backend/src/http/buildServer.ts; backend/src/main.ts; parent-web/src/pages/children/LocationPage.tsx; parent-web/src/api/real/realSafeZoneClient.ts; parent-web/src/api/safeZonePolicyAuthoring.ts; android/app/src/main/java/org/pca/app/runtime/location/geofence/SafeZoneRuntime.kt; android/app/src/main/java/org/pca/app/runtime/location/geofence/GeofenceZoneStateStore.kt; parent-web/tests/unit/realSafeZoneClient.test.ts; parent-web/tests/unit/safeZonePolicyAuthoring.test.ts; android/app/src/main/java/org/pca/app/runtime/location/geofence/SafeZonePolicyReceiver.kt; backend/migrations/0020_parent_preferences_safe_zones.sql; backend/src/runtime-sync/DeviceSessionService.ts; backend/migrations/0026_browser_endpoint_registration.sql; backend/src/device/types.ts; backend/src/device/DeviceRepository.ts; backend/src/device/MySqlDeviceRepository.ts; backend/src/device/BrowserEndpointService.ts; backend/src/http/routes/browserEndpointRoutes.ts; backend/src/pairing/PairingService.ts; backend/src/http/routes/pairingRoutes.ts; backend/src/authz/types.ts; backend/src/authz/policy.ts,CRYPTO_ACTIVATION,DEFERRED_EXTERNAL_GATE (CRYPTO_ACTIVATION),NONE (automated evidence recorded),NONE,PARTIAL
PCA-FR-064,PCA-7,Functional,Normative text in docs/architecture/03_FUNCTIONAL_REQUIREMENTS.md,SOURCE_COMPLETE,AUTOMATED (2 evidence paths); no real-device/provider/UAT acceptance,,,WS-07 PCA-7,android/app/src/main/java/org/pca/app/runtime/location/LocationSampleRecorder.kt; android/app/src/main/java/org/pca/app/runtime/location/LocationSampleRecorder.kt + persistence/entity/LocationPointEntity.kt (no ad/analytics consumer of location data found anywhere in the module),,NONE (source complete),NONE (automated evidence recorded),NONE,SOURCE_COMPLETE
PCA-FR-065,PCA-7,Functional,Normative text in docs/architecture/03_FUNCTIONAL_REQUIREMENTS.md,SOURCE_COMPLETE,AUTOMATED (2 evidence paths); no real-device/provider/UAT acceptance,,,WS-07 PCA-7,android/app/src/main/java/org/pca/app/persistence/retention/RetentionCutoffCalculator.kt (location retention distinct from/bounded by general retention),,NONE (source complete),NONE (automated evidence recorded),NONE,SOURCE_COMPLETE
PCA-FR-070,PCA-9,Functional,Normative text in docs/architecture/03_FUNCTIONAL_REQUIREMENTS.md,SOURCE_COMPLETE,AUTOMATED (1 evidence path); no real-device/provider/UAT acceptance,,,WS-09 PCA-9,"android/app/src/main/java/org/pca/app/feature/prayer/calc/PrayerTimeCalculator.kt + SolarCalculator.kt (fully local calculation, no server dependency)",,NONE (source complete),NONE (automated evidence recorded),NONE,SOURCE_COMPLETE
PCA-FR-071,PCA-9,Functional,Normative text in docs/architecture/03_FUNCTIONAL_REQUIREMENTS.md,SOURCE_COMPLETE,AUTOMATED (1 evidence path); no real-device/provider/UAT acceptance,,,WS-09 PCA-9,android/app/src/main/java/org/pca/app/feature/prayer/model/PrayerName.kt (Fajr/Sunrise/Dhuhr/Asr/Maghrib/Isha),,NONE (source complete),NONE (automated evidence recorded),NONE,SOURCE_COMPLETE
PCA-FR-072,PCA-9,Functional,Normative text in docs/architecture/03_FUNCTIONAL_REQUIREMENTS.md,SOURCE_COMPLETE,AUTOMATED (1 evidence path); no real-device/provider/UAT acceptance,,,WS-09 PCA-9,android/app/src/main/java/org/pca/app/feature/prayer/model/AsrMethod.kt + CalculationMethod.kt,,NONE (source complete),NONE (automated evidence recorded),NONE,SOURCE_COMPLETE
PCA-FR-073,PCA-9,Functional,Normative text in docs/architecture/03_FUNCTIONAL_REQUIREMENTS.md,SOURCE_COMPLETE,AUTOMATED (1 evidence path); no real-device/provider/UAT acceptance,,,WS-09 PCA-9,"android/app/src/main/java/org/pca/app/runtime/prayer/AlarmManagerPrayerScheduler.kt (exact alarm scheduling, unchanged) + PrayerReminderReceiver.kt (new: posts a real NotificationCompat notification, records delivery) + PrayerReminderIntents.kt (shared action-string contract); AndroidManifest.xml:124-130 (receiver registered exported=false with matching intent-filter action org.pca.app.action.PRAYER_REMINDER)",,NONE (source complete),NONE (automated evidence recorded),NONE,SOURCE_COMPLETE
PCA-FR-074,PCA-9,Functional,Normative text in docs/architecture/03_FUNCTIONAL_REQUIREMENTS.md,SOURCE_COMPLETE,AUTOMATED (1 evidence path); no real-device/provider/UAT acceptance,,,WS-09 PCA-9,"android/app/src/main/java/org/pca/app/feature/prayer/calc/PrayerTimeCalculator.kt (uses last known location/timezone, no network call)",,NONE (source complete),NONE (automated evidence recorded),NONE,SOURCE_COMPLETE
PCA-FR-074A,PCA-9,Functional,Normative text in docs/architecture/03_FUNCTIONAL_REQUIREMENTS.md,SOURCE_COMPLETE,AUTOMATED (1 evidence path); no real-device/provider/UAT acceptance,,,WS-09 PCA-9,android/app/src/main/java/org/pca/app/feature/prayer/location/PrayerLocationStalenessDetector.kt; android/app/src/main/java/org/pca/app/runtime/prayer/PrayerLocationStalenessNotificationDelivery.kt; android/app/src/main/java/org/pca/app/runtime/graph/PcaAppGraph.kt; android/app/src/main/res/values/strings.xml; android/app/src/main/res/values-ar/strings.xml,,NONE (source complete),NONE (automated evidence recorded),NONE,SOURCE_COMPLETE
PCA-FR-080,PCA-13,Functional,Normative text in docs/architecture/03_FUNCTIONAL_REQUIREMENTS.md,SOURCE_COMPLETE,AUTOMATED (6 evidence paths); no real-device/provider/UAT acceptance,CAMERA_REAL_DEVICE_VALIDATION,,WS-13 PCA-13,android/app/src/main/java/org/pca/app/platform/UsageAccessStateTracker.kt; android/app/src/main/java/org/pca/app/platform/StandardVpnCapabilitySource.kt; android/app/src/main/java/org/pca/app/platform/VpnCapabilityStateTracker.kt; android/app/src/main/java/org/pca/app/platform/DevicePolicyCapabilitySource.kt; android/app/src/main/java/org/pca/app/platform/CameraPermissionStateTracker.kt; android/app/src/main/java/org/pca/app/platform/proximity/CameraProximitySource.kt; android/app/src/main/java/org/pca/app/runtime/graph/PcaAppGraph.kt; android/app/src/main/java/org/pca/app/runtime/tamper/CameraDegradationMonitor.kt,CAMERA_REAL_DEVICE_VALIDATION,NONE (source complete),NONE (automated evidence recorded),NONE,SOURCE_COMPLETE
PCA-FR-081,PCA-13,Functional,Normative text in docs/architecture/03_FUNCTIONAL_REQUIREMENTS.md,SOURCE_COMPLETE_EXTERNAL_GATE,AUTOMATED (2 evidence paths); no real-device/provider/UAT acceptance,PRODUCTION_CRYPTO_SUITE,,WS-13 PCA-13,"android/app/src/main/java/org/pca/app/runtime/tamper/UsageAccessDegradationMonitor.kt (new: transition-debounced REVOKED/DEGRADED handler) wired in PcaAppGraph.kt:167,173 to org/pca/app/platform/UsageAccessAlertNotificationDelivery.kt (real notification delivery, not the wellbeing pipeline this audit's predecessor flagged as the only wired mechanism); android/app/src/main/java/org/pca/app/runtime/tamper/UsageAccessDegradationMonitor.kt; android/app/src/main/java/org/pca/app/platform/UsageAccessAlertNotificationDelivery.kt; android/app/src/main/java/org/pca/app/runtime/graph/PcaAppGraph.kt",PRODUCTION_CRYPTO_SUITE,NONE (source complete),NONE (automated evidence recorded),NONE,SOURCE_COMPLETE_EXTERNAL_GATE
PCA-FR-082,PCA-13,Functional,Normative text in docs/architecture/03_FUNCTIONAL_REQUIREMENTS.md,PARTIAL,AUTOMATED (3 evidence paths); no real-device/provider/UAT acceptance,PENDING_OWNER_DECISION,Gated: PENDING_OWNER_DECISION,WS-13 PCA-13,android/app/src/main/java/org/pca/app/platform/DevicePolicyCapabilitySource.kt (interface only queries state); android/app/src/main/java/org/pca/app/platform/DevicePolicyCapabilitySource.kt; android/app/src/main/java/org/pca/app/platform/StandardDevicePolicyCapabilitySource.kt; android/app/src/main/java/org/pca/app/platform/ProtectedModeProvisioningGate.kt,PENDING_OWNER_DECISION,DEFERRED_EXTERNAL_GATE (PENDING_OWNER_DECISION),NONE (automated evidence recorded),NONE,PARTIAL
PCA-FR-083,PCA-13,Functional,Normative text in docs/architecture/03_FUNCTIONAL_REQUIREMENTS.md,SOURCE_COMPLETE,AUTOMATED (1 evidence path); no real-device/provider/UAT acceptance,REQUIRES_ENTITLEMENT,,WS-13 PCA-13,ios/PCA/FamilyControls/ChildAuthorizationCenter.swift,REQUIRES_ENTITLEMENT,NONE (source complete),NONE (automated evidence recorded),NONE,SOURCE_COMPLETE
PCA-FR-084,PCA-13,Functional,Normative text in docs/architecture/03_FUNCTIONAL_REQUIREMENTS.md,SOURCE_COMPLETE,AUTOMATED (5 evidence paths); no real-device/provider/UAT acceptance,DEVICE_OWNER_REAL_DEVICE_AUTHORIZATION,,WS-13 PCA-13,android/app/src/main/java/org/pca/app/security/ui/AdminSecurityActivity.kt; android/app/src/main/java/org/pca/app/security/Pbkdf2AdminPinVerifier.kt; android/app/src/main/java/org/pca/app/security/RealBiometricAuthGate.kt; android/app/src/main/java/org/pca/app/feature/removaldecision/ui/RemovalDecisionScreen.kt; android/app/src/main/AndroidManifest.xml; android/app/src/main/java/org/pca/app/MainActivity.kt; android/app/src/main/java/org/pca/app/runtime/ui/ChildHomeScreen.kt,DEVICE_OWNER_REAL_DEVICE_AUTHORIZATION,NONE (source complete),NONE (automated evidence recorded),NONE,SOURCE_COMPLETE
PCA-FR-085,PCA-13,Functional,Normative text in docs/architecture/03_FUNCTIONAL_REQUIREMENTS.md,SOURCE_COMPLETE_EXTERNAL_GATE,AUTOMATED (4 evidence paths); no real-device/provider/UAT acceptance,PRODUCTION_CRYPTO_SUITE,,WS-13 PCA-13,backend/src/tamper/TamperEventLedger.ts; backend/src/tamper/TamperStateEngine.ts; backend/src/tamper/policy.ts; android/app/src/main/java/org/pca/app/runtime/tamper/WallClockRollbackMonitor.kt; android/app/src/main/java/org/pca/app/runtime/tamper/DevicePolicyDegradationMonitor.kt; android/app/src/main/java/org/pca/app/runtime/tamper/UsageAccessDegradationMonitor.kt; android/app/src/main/java/org/pca/app/runtime/tamper/CameraDegradationMonitor.kt; android/app/src/main/java/org/pca/app/runtime/tamper/VpnDegradationMonitor.kt; android/app/src/main/java/org/pca/app/persistence/repository/TamperEventRepository.kt,PRODUCTION_CRYPTO_SUITE,NONE (source complete),NONE (automated evidence recorded),NONE,SOURCE_COMPLETE_EXTERNAL_GATE
PCA-FR-090,PCA-10,Functional,Normative text in docs/architecture/03_FUNCTIONAL_REQUIREMENTS.md,SOURCE_COMPLETE,AUTOMATED (1 evidence path); no real-device/provider/UAT acceptance,,,WS-10 PCA-10,parent-web/src/pages/Dashboard.tsx:47-90; backend/src/parentpanel/DashboardAggregatorService.ts,PRODUCTION_CRYPTO_SUITE (per notes),NONE (source complete),NONE (automated evidence recorded),NONE,SOURCE_COMPLETE
PCA-FR-091,PCA-10,Functional,Normative text in docs/architecture/03_FUNCTIONAL_REQUIREMENTS.md,SOURCE_COMPLETE_EXTERNAL_GATE,AUTOMATED (3 evidence paths); no real-device/provider/UAT acceptance,PRODUCTION_CRYPTO_SUITE,,WS-10 PCA-10,parent-web/src/pages/children/LocationPage.tsx; parent-web/src/api/interfaces.ts; parent-web/src/api/safeZonePolicyAuthoring.ts; parent-web/src/api/client.ts; parent-web/src/api/real/realSafeZoneClient.ts; backend/src/http/routes/parentAccountRoutes.ts; backend/src/location/SafeZonePolicyAuthorization.ts; backend/src/runtime-sync/DeviceSessionService.ts,PRODUCTION_CRYPTO_SUITE,NONE (source complete),NONE (automated evidence recorded),NONE,SOURCE_COMPLETE_EXTERNAL_GATE
PCA-FR-092,PCA-10,Functional,Normative text in docs/architecture/03_FUNCTIONAL_REQUIREMENTS.md,SOURCE_COMPLETE,AUTOMATED (1 evidence path); no real-device/provider/UAT acceptance,,,WS-10 PCA-10,parent-web/src/pages/children/ActivityTimelinePage.tsx; parent-web/src/App.tsx:59-84; parent-web/src/nav/navConfig.ts:76-77,,NONE (source complete),NONE (automated evidence recorded),NONE,SOURCE_COMPLETE
PCA-FR-093,PCA-10,Functional,Normative text in docs/architecture/03_FUNCTIONAL_REQUIREMENTS.md,SOURCE_COMPLETE,AUTOMATED (1 evidence path); no real-device/provider/UAT acceptance,,,WS-10 PCA-10,parent-web/src/pages/privacy/Retention.tsx | parent-web/src/domain/retention.ts | backend/src/http/routes/retentionRoutes.ts | parent-web/src/api/real/realRetentionClient.ts,,NONE (source complete),NONE (automated evidence recorded),NONE,SOURCE_COMPLETE
PCA-FR-094,PCA-10,Functional,Normative text in docs/architecture/03_FUNCTIONAL_REQUIREMENTS.md,SOURCE_COMPLETE,AUTOMATED (1 evidence path); no real-device/provider/UAT acceptance,,,WS-10 PCA-10,backend/src/parentaccount/ParentPreferenceRepository.ts; backend/src/parentaccount/MySqlParentPreferenceRepository.ts; backend/src/http/routes/parentAccountRoutes.ts; backend/migrations/0020_parent_preferences_safe_zones.sql; parent-web/src/pages/Notifications.tsx; parent-web/src/api/real/realParentPreferencesClient.ts,,NONE (source complete),NONE (automated evidence recorded),NONE,SOURCE_COMPLETE
PCA-FR-095,PCA-10,Functional,Normative text in docs/architecture/03_FUNCTIONAL_REQUIREMENTS.md,SOURCE_COMPLETE,AUTOMATED (1 evidence path); no real-device/provider/UAT acceptance,,,WS-10 PCA-10,"backend/src/familyrbac/** (role resolver, permission matrix, ParentActionAuthorizationService); backend/src/http/routes/familyRbacRoutes.ts (if present) / familyCommercialRoutes.ts role gating",,NONE (source complete),NONE (automated evidence recorded),NONE,SOURCE_COMPLETE
PCA-FR-096,PCA-10,Functional,Normative text in docs/architecture/03_FUNCTIONAL_REQUIREMENTS.md,SOURCE_COMPLETE,AUTOMATED (1 evidence path); no real-device/provider/UAT acceptance,,,WS-10 PCA-10,parent-web/src/pages/privacy/Transparency.tsx; parent-web/src/App.tsx:117; parent-web/src/nav/navConfig.ts:42-44,,NONE (source complete),NONE (automated evidence recorded),NONE,SOURCE_COMPLETE
PCA-FR-100,PCA-12,Functional,Normative text in docs/architecture/03_FUNCTIONAL_REQUIREMENTS.md,SOURCE_COMPLETE,AUTOMATED (1 evidence path); no real-device/provider/UAT acceptance,,,WS-12 PCA-12,backend/src/retention/policy.ts (validateRetentionPolicy against 14d/1/3/6/9-month option set),,NONE (source complete),NONE (automated evidence recorded),NONE,SOURCE_COMPLETE
PCA-FR-101,PCA-12,Functional,Normative text in docs/architecture/03_FUNCTIONAL_REQUIREMENTS.md,SOURCE_COMPLETE,AUTOMATED (1 evidence path); no real-device/provider/UAT acceptance,,,WS-12 PCA-12,backend/src/retention/policy.ts | backend/src/http/routes/retentionRoutes.ts | parent-web/src/pages/privacy/Retention.tsx,,NONE (source complete),NONE (automated evidence recorded),NONE,SOURCE_COMPLETE
PCA-FR-102,PCA-12,Functional,Normative text in docs/architecture/03_FUNCTIONAL_REQUIREMENTS.md,SOURCE_COMPLETE,AUTOMATED (1 evidence path); no real-device/provider/UAT acceptance,,,WS-12 PCA-12,backend/src/retention/engine.ts | backend/src/http/routes/retentionRoutes.ts | parent-web/src/pages/privacy/Retention.tsx | parent-web/src/domain/retention.ts,,NONE (source complete),NONE (automated evidence recorded),NONE,SOURCE_COMPLETE
PCA-FR-103,PCA-12,Functional,Normative text in docs/architecture/03_FUNCTIONAL_REQUIREMENTS.md,SOURCE_COMPLETE,AUTOMATED (1 evidence path); no real-device/provider/UAT acceptance,,,WS-12 PCA-12,android/app/src/main/java/org/pca/app/feature/settings/data/DeleteNowUseCase.kt + persistence/retention/DeleteNowCoordinator.kt + feature/settings/ui/DeleteNowScreen.kt,,NONE (source complete),NONE (automated evidence recorded),NONE,SOURCE_COMPLETE
PCA-FR-104,PCA-12,Functional,Normative text in docs/architecture/03_FUNCTIONAL_REQUIREMENTS.md,PARTIAL,AUTOMATED (4 evidence paths); no real-device/provider/UAT acceptance,PRODUCTION_CRYPTO_SECURITY_REVIEW,Gated: PRODUCTION_CRYPTO_SECURITY_REVIEW,WS-12 PCA-12,android/app/src/main/java/org/pca/app/persistence/retention/DeleteNowCoordinator.kt + sync/SyncOutboxRepository.kt; android/app/src/main/java/org/pca/app/persistence/retention/RetentionEngine.kt; android/app/src/main/java/org/pca/app/persistence/retention/RetentionMaintenanceCycle.kt,PRODUCTION_CRYPTO_SECURITY_REVIEW,same as PCA-DATA-024,same,matrix notes/evidence updated this pass,PARTIAL
PCA-FR-105,PCA-12,Functional,Normative text in docs/architecture/03_FUNCTIONAL_REQUIREMENTS.md,SOURCE_COMPLETE,AUTOMATED (2 evidence paths); no real-device/provider/UAT acceptance,,,WS-12 PCA-12,android/app/src/main/java/org/pca/app/persistence/retention/RetentionEngine.kt; android/app/src/main/java/org/pca/app/persistence/retention/RetentionMaintenanceCycle.kt; android/app/src/main/java/org/pca/app/runtime/background/RetentionMaintenanceWorker.kt,,NONE (source complete),NONE (automated evidence recorded),NONE,SOURCE_COMPLETE
PCA-FR-110,PCA-16,Functional,Normative text in docs/architecture/03_FUNCTIONAL_REQUIREMENTS.md,SOURCE_COMPLETE,AUTOMATED (1 evidence path); no real-device/provider/UAT acceptance,,,WS-16 PCA-16,"parent-web/src/i18n/locales/en.json (593 lines / 477 flattened keys) | parent-web/src/i18n/index.ts (fallbackLng: 'en', supportedLngs ['en','ar'], LTR is the non-RTL default via applyDocumentDirection) | platform-admin-web/src/i18n/locales/en.json (499 lines / 417 flattened keys) | platform-admin-web/src/i18n/index.ts (identical pattern)",,NONE (source complete),NONE (automated evidence recorded),NONE,SOURCE_COMPLETE
PCA-FR-111,PCA-16,Functional,Normative text in docs/architecture/03_FUNCTIONAL_REQUIREMENTS.md,SOURCE_COMPLETE,AUTOMATED (3 evidence paths); no real-device/provider/UAT acceptance,,,WS-16 PCA-16,"parent-web/src/i18n/locales/ar.json (480 flattened keys) | parent-web/src/i18n/index.ts applyDocumentDirection() | parent-web/src/styles/global.css:134 mirrored-nav rule | platform-admin-web equivalent i18n files -- unchanged from first audit, PLUS this round: parent-web/tests/i18n/rtl.test.tsx (NEW, real test) asserts document.documentElement dir='rtl'/lang='ar' after i18n.changeLanguage('ar') and that Dashboard actually renders the Arabic string لوحة التحكم -- plus parent-web/tests/i18n/deviceEnrollmentRtl.test.tsx, freeAccessRtl.test.tsx, settingsRtl.test.tsx, subscriptionRtl.test.tsx (4 more RTL-specific test files, all new this round, each rendering a real page in the ar/rtl configuration) and platform-admin-web/tests/i18n/rtl.test.tsx (NEW, real Dashboard render with Arabic direction and label assertion).; platform-admin-web/tests/i18n/rtl.test.tsx; ios/PCA/Localizable.xcstrings; ios/PCA/Localization/PCALocalizedStrings.swift; ios/PCA/ContentView.swift; ios/PCA/Protection/AboutProtectionView.swift; ios/PCA/Enrollment/ChildEnrollmentCoordinator.swift",,NONE (source complete),NONE (automated evidence recorded),NONE,SOURCE_COMPLETE
PCA-FR-112,PCA-16,Functional,Normative text in docs/architecture/03_FUNCTIONAL_REQUIREMENTS.md,SOURCE_COMPLETE,AUTOMATED (1 evidence path); no real-device/provider/UAT acceptance,,,WS-16 PCA-16,backend/src/parentaccount/ParentPreferenceRepository.ts; backend/src/parentaccount/MySqlParentPreferenceRepository.ts; backend/src/http/routes/parentAccountRoutes.ts; parent-web/src/pages/Settings.tsx; parent-web/src/i18n/index.ts; parent-web/src/api/real/realParentPreferencesClient.ts; backend/migrations/0020_parent_preferences_safe_zones.sql,,NONE (source complete),NONE (automated evidence recorded),NONE,SOURCE_COMPLETE
PCA-FR-113,PCA-16,Functional,Normative text in docs/architecture/03_FUNCTIONAL_REQUIREMENTS.md,SOURCE_COMPLETE,AUTOMATED (9 evidence paths); no real-device/provider/UAT acceptance,,,WS-16 PCA-16,backend/src/retention/engine.ts; backend/src/retention/deletionStateMachine.ts; backend/src/retention/deleteNow.ts; backend/src/export/types.ts; backend/src/export/pipeline.ts; backend/src/commercialnotifications/CommercialNotificationService.ts; backend/src/commercialnotifications/CommercialNotificationPublisher.ts; backend/src/i18n/types.ts; backend/src/i18n/messages/en.ts; backend/src/i18n/messages/ar.ts; backend/src/i18n/translate.ts; parent-web/src/pages/privacy/Transparency.tsx; parent-web/src/i18n/locales/en.json; parent-web/src/i18n/locales/ar.json; backend/src/schedule/engine.ts; backend/src/schedule/types.ts; backend/src/youtube/policy.ts,,NONE (source complete),NONE (automated evidence recorded),NONE,SOURCE_COMPLETE
PCA-FR-114,PCA-16,Functional,Normative text in docs/architecture/03_FUNCTIONAL_REQUIREMENTS.md,SOURCE_COMPLETE,AUTOMATED (1 evidence path); no real-device/provider/UAT acceptance,,,WS-16 PCA-16,android/app/src/main/res/values/strings.xml; android/app/src/main/res/values-ar/strings.xml,,NONE (source complete),NONE (automated evidence recorded),NONE,SOURCE_COMPLETE
PCA-FR-120,PCA-2; PCA-10,Functional,Normative text in docs/architecture/03_FUNCTIONAL_REQUIREMENTS.md,SOURCE_COMPLETE,NONE recorded,,,WS-02 PCA-2,android/app/src/main/java/org/pca/app/feature/webprotection/vpn/WebProtectionVpnService.kt:257-276 (persistent non-dismissible foreground-service notification via setOngoing(true); the general 'PCA protection active' indicator for the VPN specifically),,NONE (source complete),EXTERNAL (device/provider/UAT),NONE,SOURCE_COMPLETE
PCA-FR-121,PCA-10,Functional,Normative text in docs/architecture/03_FUNCTIONAL_REQUIREMENTS.md,SOURCE_COMPLETE,AUTOMATED (1 evidence path); no real-device/provider/UAT acceptance,,,WS-10 PCA-10,parent-web/src/pages/privacy/Transparency.tsx | parent-web/src/App.tsx | parent-web/src/i18n/locales/en.json | parent-web/src/i18n/locales/ar.json,,NONE (source complete),NONE (automated evidence recorded),NONE,SOURCE_COMPLETE
PCA-FR-122,PCA-17,Functional,Normative text in docs/architecture/03_FUNCTIONAL_REQUIREMENTS.md,PARTIAL,NONE recorded,PRODUCTION_CRYPTO_SECURITY_REVIEW,Gated: PRODUCTION_CRYPTO_SECURITY_REVIEW,WS-17 PCA-17,android/app/src/main/java/org/pca/app/persistence/PcaLocalDatabase.kt (child device is plaintext system of record),PRODUCTION_CRYPTO_SECURITY_REVIEW,DEFERRED_EXTERNAL_GATE (PRODUCTION_CRYPTO_SECURITY_REVIEW),EXTERNAL (device/provider/UAT),NONE,PARTIAL
PCA-FR-123,PCA-17,Functional,Normative text in docs/architecture/03_FUNCTIONAL_REQUIREMENTS.md,SOURCE_COMPLETE,AUTOMATED (2 evidence paths); no real-device/provider/UAT acceptance,,,WS-17 PCA-17,backend/scripts/checkNoAdTrackingSdks.mjs; backend/src/sdkDisclosure/thirdPartySdks.generated.ts,,NONE (source complete),NONE (automated evidence recorded),NONE,SOURCE_COMPLETE
PCA-FR-124,PCA-12,Functional,Normative text in docs/architecture/03_FUNCTIONAL_REQUIREMENTS.md,SOURCE_COMPLETE,AUTOMATED (3 evidence paths); no real-device/provider/UAT acceptance,,,WS-12 PCA-12,android/app/src/main/java/org/pca/app/persistence/entity/ParentActionAuditEntity.kt; android/app/src/main/java/org/pca/app/persistence/dao/ParentActionAuditDao.kt; android/app/src/main/java/org/pca/app/persistence/entity/TamperEventEntity.kt; android/app/src/main/java/org/pca/app/persistence/dao/TamperEventDao.kt; android/app/src/main/java/org/pca/app/persistence/export/AuditRecordExportService.kt; android/app/src/main/java/org/pca/app/persistence/PcaLocalPersistence.kt,,NONE (source complete),NONE (automated evidence recorded),NONE,SOURCE_COMPLETE
PCA-FR-125,PCA-12,Functional,Normative text in docs/architecture/03_FUNCTIONAL_REQUIREMENTS.md,PARTIAL,AUTOMATED (1 evidence path); no real-device/provider/UAT acceptance,CRYPTO_ACTIVATION,Gated: CRYPTO_ACTIVATION,WS-12 PCA-12,"backend/src/export/pipeline.ts, manifest.ts, types.ts; backend/src/http/routes/retentionRoutes.ts (export intake, 202/PENDING)",CRYPTO_ACTIVATION,DEFERRED_EXTERNAL_GATE (CRYPTO_ACTIVATION),NONE (automated evidence recorded),NONE,PARTIAL
PCA-FR-126,PCA-8; PCA-17,Functional,Normative text in docs/architecture/03_FUNCTIONAL_REQUIREMENTS.md,SOURCE_COMPLETE,NONE recorded,,,WS-08 PCA-8,"android/app/src/main/java/org/pca/app (structural absence verified: no android.media.MediaRecorder/AudioRecord usage anywhere in the module; only camera usage is the gated, unimplemented eye-distance CameraProximitySource scaffold which itself never persists frames)",,NONE (source complete),EXTERNAL (device/provider/UAT),NONE,SOURCE_COMPLETE
PCA-FR-127,PCA-17,Functional,Normative text in docs/architecture/03_FUNCTIONAL_REQUIREMENTS.md,SOURCE_COMPLETE,AUTOMATED (1 evidence path); no real-device/provider/UAT acceptance,,,WS-17 PCA-17,android/app/build.gradle.kts; android/build.gradle.kts; android/gradle/libs.versions.toml,,NONE (source complete),NONE (automated evidence recorded),NONE,SOURCE_COMPLETE
PCA-FR-130,PCA-3; PCA-10,Functional,Normative text in docs/architecture/03_FUNCTIONAL_REQUIREMENTS.md,SOURCE_COMPLETE_EXTERNAL_GATE,AUTOMATED (6 evidence paths); no real-device/provider/UAT acceptance,PRODUCTION_CRYPTO_SUITE,,WS-03 PCA-3,backend/src/childrequests/ChildRequestService.ts; backend/src/childrequests/BonusGrantLedger.ts; backend/src/childrequests/policy.ts; backend/src/childrequests/types.ts; backend/src/childrequests/ChildRequestRepository.ts; backend/src/http/routes/childRequestRoutes.ts; backend/src/http/buildServer.ts; backend/src/familyrbac/policy.ts; android/app/src/main/java/org/pca/app/runtime/schedule/BonusGrantSync.kt; android/app/src/main/java/org/pca/app/runtime/ui/ChildHomeScreen.kt; parent-web/src/pages/Requests.tsx; parent-web/src/domain/bonusTime.ts; parent-web/src/api/real/realRequestClient.ts; parent-web/src/api/dev/devRequestClient.ts,PRODUCTION_CRYPTO_SUITE,NONE (source complete),NONE (automated evidence recorded),NONE,SOURCE_COMPLETE_EXTERNAL_GATE
PCA-FR-131,PCA-2; PCA-10,Functional,Normative text in docs/architecture/03_FUNCTIONAL_REQUIREMENTS.md,SOURCE_COMPLETE_EXTERNAL_GATE,AUTOMATED (8 evidence paths); no real-device/provider/UAT acceptance,PRODUCTION_CRYPTO_SUITE; IOS_MAC_XCODE,,WS-02 PCA-2,backend/src/childrequests/types.ts; backend/src/childrequests/ChildRequestService.ts; backend/src/childrequests/policy.ts; backend/src/familyrbac/policy.ts; backend/src/familyrbac/types.ts; backend/src/http/routes/childRequestRoutes.ts; android/app/src/main/java/org/pca/app/feature/installapproval/InstallApprovalCapabilityState.kt; android/app/src/main/java/org/pca/app/feature/installapproval/InstallApprovalController.kt; android/app/src/main/java/org/pca/app/feature/installapproval/InstallApprovalDecisionApplier.kt; android/app/src/main/java/org/pca/app/runtime/installobserver/InstalledAppEventReceiver.kt; ios/PCA/InstallApproval/InstallApprovalCapability.swift; parent-web/src/pages/Requests.tsx; parent-web/src/domain/types.ts,PRODUCTION_CRYPTO_SUITE; IOS_MAC_XCODE,NONE (source complete),NONE (automated evidence recorded),NONE,SOURCE_COMPLETE_EXTERNAL_GATE
PCA-FR-132,PCA-2; PCA-3,Functional,Normative text in docs/architecture/03_FUNCTIONAL_REQUIREMENTS.md,SOURCE_COMPLETE,AUTOMATED (1 evidence path); no real-device/provider/UAT acceptance,,,WS-02 PCA-2,"android/app/src/main/java/org/pca/app/feature/breakshield/EmergencyDialIntent.kt, EmergencyDialUsageAlertDelivery.kt (Writer73)",,NONE (source complete),NONE (automated evidence recorded),NONE,SOURCE_COMPLETE
PCA-FR-133,PCA-1,Functional,Normative text in docs/architecture/03_FUNCTIONAL_REQUIREMENTS.md,SOURCE_COMPLETE,AUTOMATED (2 evidence paths); no real-device/provider/UAT acceptance,,,WS-01 PCA-1,android/app/src/main/java/org/pca/app/enrollment/ContentFilterDefault.kt; android/app/src/main/java/org/pca/app/enrollment/screenTimeConfigForEnrollmentProfile.kt; android/app/src/main/java/org/pca/app/runtime/graph/PcaAppGraph.kt,,NONE (source complete),NONE (automated evidence recorded),NONE,SOURCE_COMPLETE
PCA-FR-134,PCA-2; PCA-3,Functional,Normative text in docs/architecture/03_FUNCTIONAL_REQUIREMENTS.md,SOURCE_COMPLETE,AUTOMATED (3 evidence paths); no real-device/provider/UAT acceptance,,,WS-02 PCA-2,"backend/src/schedule/engine.ts:68-138; backend/src/schedule/types.ts:91; android SchedulePolicy.kt:121,148,172 (DailyAppLimit); parent-web/src/pages/children/AppsPage.tsx:45 (dailyLimitMinutes)",,NONE (source complete),NONE (automated evidence recorded),NONE,SOURCE_COMPLETE
PCA-FR-135,PCA-7; PCA-10,Functional,Normative text in docs/architecture/03_FUNCTIONAL_REQUIREMENTS.md,SOURCE_COMPLETE_EXTERNAL_GATE,AUTOMATED (5 evidence paths); no real-device/provider/UAT acceptance,PRODUCTION_CRYPTO_SUITE,,WS-07 PCA-7,backend/src/location/safeZone.ts; android/app/src/main/java/org/pca/app/runtime/location/geofence/GeofenceEngine.kt; android/app/src/main/java/org/pca/app/runtime/location/geofence/SafeZonePolicyReceiver.kt; android/app/src/main/java/org/pca/app/runtime/location/geofence/GeofenceZoneStateStore.kt; android/app/src/main/java/org/pca/app/runtime/location/geofence/SafeZoneRuntime.kt; parent-web/src/pages/children/LocationPage.tsx; parent-web/src/api/real/realSafeZoneClient.ts; backend/src/runtime-sync/DeviceSessionService.ts,PRODUCTION_CRYPTO_SUITE,NONE (source complete),NONE (automated evidence recorded),NONE,SOURCE_COMPLETE_EXTERNAL_GATE
PCA-FR-136,PCA-17,Functional,Normative text in docs/architecture/05_SYSTEM_CONTEXT_ARCHITECTURE.md,SOURCE_COMPLETE,AUTOMATED (1 evidence path); no real-device/provider/UAT acceptance,,,WS-17 PCA-17,backend/test/db/schema-privacy.mysql.test.mjs (regression guard: no Enrollment/Licensing Service or Relay schema field capable of holding activity payloads),,NONE (source complete),NONE (automated evidence recorded),NONE,SOURCE_COMPLETE
PCA-FR-137,PCA-17,Functional,Normative text in docs/architecture/05_SYSTEM_CONTEXT_ARCHITECTURE.md,SOURCE_COMPLETE,AUTOMATED (3 evidence paths); no real-device/provider/UAT acceptance,DEPLOYED_LOG_METRICS_PIPELINE_CONFIG,,WS-17 PCA-17,"backend/src/relay/** (routing-metadata only surface, expected)",DEPLOYED_LOG_METRICS_PIPELINE_CONFIG,NONE (source complete),NONE (automated evidence recorded),NONE,SOURCE_COMPLETE
PCA-FR-138,PCA-11,Functional,Normative text in docs/architecture/05_SYSTEM_CONTEXT_ARCHITECTURE.md,PARTIAL,AUTOMATED (1 evidence path); no real-device/provider/UAT acceptance,CRYPTO_ACTIVATION,Gated: CRYPTO_ACTIVATION,WS-11 PCA-11,backend/src/familyenvelope/policy.ts (expiry check as part of ReceiverPipeline),CRYPTO_ACTIVATION,DEFERRED_EXTERNAL_GATE (CRYPTO_ACTIVATION),NONE (automated evidence recorded),NONE,PARTIAL
PCA-FR-139,PCA-10; PCA-11,Functional,Normative text in docs/architecture/05_SYSTEM_CONTEXT_ARCHITECTURE.md,SOURCE_COMPLETE,AUTOMATED (4 evidence paths); no real-device/provider/UAT acceptance,,,WS-10 PCA-10,parent-web/src/pages/children/ScreenTimePage.tsx; parent-web/src/components/common/DeviceOfflineNotice.tsx,,NONE (source complete),NONE (automated evidence recorded),NONE,SOURCE_COMPLETE
PCA-FR-140,PCA-1; PCA-11,Functional,Normative text in docs/architecture/08_ENROLLMENT_DEVICE_LIFECYCLE.md,SOURCE_COMPLETE_EXTERNAL_GATE,AUTOMATED (4 evidence paths); no real-device/provider/UAT acceptance,IOS_MAC_XCODE,,WS-01 PCA-1,ios/PCA/Recovery/EnrollmentLifecycle.swift; android/app/src/main/java/org/pca/app/enrollment/EnrollmentState.kt; android/app/src/main/java/org/pca/app/enrollment/EnrollmentLifecycleAudit.kt; android/app/src/main/java/org/pca/app/enrollment/EnrollmentCoordinator.kt,IOS_MAC_XCODE,NONE (source complete),NONE (automated evidence recorded),NONE,SOURCE_COMPLETE_EXTERNAL_GATE
PCA-FR-141,PCA-1; PCA-11,Functional,Normative text in docs/architecture/08_ENROLLMENT_DEVICE_LIFECYCLE.md,SOURCE_COMPLETE,AUTOMATED (1 evidence path); no real-device/provider/UAT acceptance,,,WS-01 PCA-1,android/app/src/main/java/org/pca/app/enrollment/KeyFingerprint.kt; ui/EnrollmentScreen.kt KeyFingerprintConfirmation composable,,NONE (source complete),NONE (automated evidence recorded),NONE,SOURCE_COMPLETE
PCA-FR-142,PCA-1; PCA-11,Functional,Normative text in docs/architecture/08_ENROLLMENT_DEVICE_LIFECYCLE.md,SOURCE_COMPLETE,AUTOMATED (2 evidence paths); no real-device/provider/UAT acceptance,,,WS-01 PCA-1,parent-web/src/pages/family/DeviceEnrollmentPanel.tsx; parent-web/src/i18n/locales/en.json; parent-web/src/i18n/locales/ar.json,,NONE (source complete),NONE (automated evidence recorded),NONE,SOURCE_COMPLETE
PCA-FR-143,PCA-10; PCA-11,Functional,Normative text in docs/architecture/08_ENROLLMENT_DEVICE_LIFECYCLE.md,PARTIAL,AUTOMATED (2 evidence paths); no real-device/provider/UAT acceptance,CRYPTO_ACTIVATION,Gated: CRYPTO_ACTIVATION,WS-10 PCA-10,backend/src/familyrbac/** (role removal); backend/src/familytrustset/FamilyTrustSetEngine.ts (key drop from trust set),CRYPTO_ACTIVATION,DEFERRED_EXTERNAL_GATE (CRYPTO_ACTIVATION),NONE (automated evidence recorded),NONE,PARTIAL
PCA-FR-144,PCA-11; PCA-13,Functional,Normative text in docs/architecture/08_ENROLLMENT_DEVICE_LIFECYCLE.md,SOURCE_COMPLETE_EXTERNAL_GATE,AUTOMATED (3 evidence paths); no real-device/provider/UAT acceptance,IOS_MAC_XCODE,,WS-11 PCA-11,ios/PCA/Recovery/RecoverySecretDisclosure.swift; parent-web/src/pages/security/RecoverySecretDisclosure.tsx; parent-web/src/pages/security/Recovery.tsx; parent-web/src/i18n/locales/en.json; parent-web/src/i18n/locales/ar.json; backend/src/familytrustset/FamilyTrustSetRecoveryEngine.ts,IOS_MAC_XCODE,NONE (source complete),NONE (automated evidence recorded),NONE,SOURCE_COMPLETE_EXTERNAL_GATE
PCA-FR-145,PCA-13; PCA-15,Functional,Normative text in docs/architecture/08_ENROLLMENT_DEVICE_LIFECYCLE.md,PARTIAL,AUTOMATED (2 evidence paths); no real-device/provider/UAT acceptance,PENDING_OWNER_DECISION; PRODUCTION_CRYPTO_SUITE,"Gated: PENDING_OWNER_DECISION, PRODUCTION_CRYPTO_SUITE",WS-13 PCA-13,android/app/src/main/java/org/pca/app/platform/DevicePolicyCapabilitySource.kt + ProtectedModeProvisioningGate.kt; android/app/src/main/java/org/pca/app/feature/removaldecision/RemovalDecisionAuditRecorder.kt; android/app/src/main/java/org/pca/app/platform/ProtectedModeProvisioningGate.kt; backend/src/familyrbac/RealProtectiveAuthorityResolver.ts,PENDING_OWNER_DECISION; PRODUCTION_CRYPTO_SUITE,DEFERRED_EXTERNAL_GATE (PENDING_OWNER_DECISION; PRODUCTION_CRYPTO_SUITE),NONE (automated evidence recorded),NONE,PARTIAL
PCA-FR-146,PCA-11; PCA-13,Functional,Normative text in docs/architecture/08_ENROLLMENT_DEVICE_LIFECYCLE.md,PARTIAL,AUTOMATED (1 evidence path); no real-device/provider/UAT acceptance,CRYPTO_ACTIVATION,Gated: CRYPTO_ACTIVATION,WS-11 PCA-11,"backend/src/familytrustset/FamilyTrustSetEngine.ts (permanent exclusion, no re-adoption without fresh enrollment)",CRYPTO_ACTIVATION,DEFERRED_EXTERNAL_GATE (CRYPTO_ACTIVATION),NONE (automated evidence recorded),NONE,PARTIAL
PCA-IOS-001,PCA-15,iOS,Normative text in docs/architecture/07_IOS_ARCHITECTURE.md,SOURCE_COMPLETE,AUTOMATED (2 evidence paths); no real-device/provider/UAT acceptance,IOS_MAC_XCODE,,WS-15 PCA-15,"ios/PCA/ManagedSettings/ShieldSafetyValidator.swift (doc comments explicitly reject reverse-engineering tokens via private symbols); ios/PCA/FamilyControls/ChildAuthorizationState.swift:11 (""Controls API. No private API, no runtime introspection.""); ios/PCA/Location/LocationCapabilityAdapter.swift:7 (same pattern); repo-wide grep across ios/PCA, ios/PCADeviceActivityMonitor, ios/PCAShieldAction, ios/PCAShieldConfiguration for dlopen/dlsym/NSClassFromString/perform(Selector) returned zero matches",IOS_MAC_XCODE,NONE (source complete),NONE (automated evidence recorded),NONE,SOURCE_COMPLETE
PCA-IOS-002,PCA-15,iOS,Normative text in docs/architecture/07_IOS_ARCHITECTURE.md,SOURCE_COMPLETE,AUTOMATED (3 evidence paths); no real-device/provider/UAT acceptance,,,WS-15 PCA-15,"ios/PCA/Protection/AntiRemovalClaimCopy.swift (real, scoped anti-removal copy: statusHeadline strings incl. ""Not yet active""/protected-state variants, explicitly avoids unscoped ""cannot be removed"" claims per doc 07 Section 14 discipline) | ios/PCA/Protection/AboutProtectionView.swift (renders the copy, reachable from ContentView.swift via a real NavigationLink at ContentView.swift:27-33) | ios/PCAShieldAction/ShieldActionExtension.swift (pre-existing anti-bypass invariant comments consistent with this copy's scope); ios/PCA/Protection/AntiRemovalClaimCopy.swift; ios/PCA/Protection/AboutProtectionView.swift; ios/PCA/ContentView.swift",,NONE (source complete),NONE (automated evidence recorded),NONE,SOURCE_COMPLETE
PCA-IOS-003,PCA-15,iOS,Normative text in docs/architecture/07_IOS_ARCHITECTURE.md,SOURCE_COMPLETE,AUTOMATED (1 evidence path); no real-device/provider/UAT acceptance,IOS_MAC_XCODE; IOS_FAMILY_CONTROLS_ENTITLEMENT; IOS_PHYSICAL_DEVICE,,WS-15 PCA-15,"ios/PCA/ManagedSettings/ShieldSafetyValidator.swift (ShieldSafetyValidator<Token>, ShieldPolicyValidator<Token>); ios/PCA/ManagedSettings/ManagedSettingsAdapter.swift:47-58 (apply() calls safetyValidator.validate(...) before ever touching ManagedSettingsStore); ios/PCADeviceActivityMonitor/DeviceActivityMonitorExtension.swift applyCurrentDecision(for:) (the REAL production DeviceActivityMonitor extension entry point builds a ShieldPolicyValidator<ApplicationToken> inline from the synced policy's protectedApplicationTokens and guards the managedSettings.shield.applications write on a .accepted outcome)",IOS_MAC_XCODE; IOS_FAMILY_CONTROLS_ENTITLEMENT; IOS_PHYSICAL_DEVICE,NONE (source complete),NONE (automated evidence recorded),NONE,SOURCE_COMPLETE
PCA-NFR-000,PCA-0,Non-functional,Normative text in docs/architecture/00_DOCUMENT_CONTROL.md,NOT_APPLICABLE,N/A,,See matrix notes,WS-01 PCA-0,docs/architecture/00_DOCUMENT_CONTROL.md:159,,NONE (not applicable),NONE,NONE,NOT_APPLICABLE
PCA-NFR-001,PCA-17; PCA-11,Non-functional,Normative text in docs/architecture/04_NON_FUNCTIONAL_REQUIREMENTS.md,NOT_APPLICABLE,N/A,DEPLOYED_TLS_TERMINATION_CONFIG,Gated: DEPLOYED_TLS_TERMINATION_CONFIG,WS-17 PCA-17,,DEPLOYED_TLS_TERMINATION_CONFIG,NONE (not applicable),NONE,NONE,NOT_APPLICABLE
PCA-NFR-002,PCA-17; PCA-11,Non-functional,Normative text in docs/architecture/04_NON_FUNCTIONAL_REQUIREMENTS.md,PARTIAL,AUTOMATED (1 evidence path); no real-device/provider/UAT acceptance,PRODUCTION_CRYPTO_SECURITY_REVIEW,Gated: PRODUCTION_CRYPTO_SECURITY_REVIEW,WS-17 PCA-17,android/app/src/main/java/org/pca/app/runtime/sync/envelope/FamilyEnvelope.kt + EnvelopeSignatureVerifier.kt + EnvelopeWireCodec.kt,PRODUCTION_CRYPTO_SECURITY_REVIEW,DEFERRED_EXTERNAL_GATE (PRODUCTION_CRYPTO_SECURITY_REVIEW),NONE (automated evidence recorded),NONE,PARTIAL
PCA-NFR-003,PCA-17; PCA-11,Non-functional,Normative text in docs/architecture/04_NON_FUNCTIONAL_REQUIREMENTS.md,SOURCE_COMPLETE,NONE recorded,,,WS-17 PCA-17,android/app/src/main/java/org/pca/app/foundation/EncryptedSharedPreferencesStateStore.kt,,NONE (source complete),EXTERNAL (device/provider/UAT),NONE,SOURCE_COMPLETE
PCA-NFR-004,PCA-17; PCA-11,Non-functional,Normative text in docs/architecture/04_NON_FUNCTIONAL_REQUIREMENTS.md,PARTIAL,AUTOMATED (2 evidence paths); no real-device/provider/UAT acceptance,PRODUCTION_CRYPTO_SECURITY_REVIEW,Gated: PRODUCTION_CRYPTO_SECURITY_REVIEW,WS-17 PCA-17,android/app/src/main/java/org/pca/app/runtime/sync/envelope/EnvelopeSignatureVerifier.kt,PRODUCTION_CRYPTO_SECURITY_REVIEW,Static import boundary for the ephemeral genesis Ed25519 signer,3/3,matrix notes/evidence updated this pass,PARTIAL
PCA-NFR-005,PCA-17; PCA-11,Non-functional,Normative text in docs/architecture/04_NON_FUNCTIONAL_REQUIREMENTS.md,SOURCE_COMPLETE,AUTOMATED (2 evidence paths); no real-device/provider/UAT acceptance,,,WS-17 PCA-17,"backend/src/runtime-sync/RejectingCryptoVerifiers.ts; backend/src/runtime-sync/RejectingCryptoVerifiers.ts (explicitly refuses to ship any real/placeholder decryption capability, fails closed instead of a hardcoded bypass key)",,NONE (source complete),NONE (automated evidence recorded),NONE,SOURCE_COMPLETE
PCA-NFR-006,PCA-17; PCA-11,Non-functional,Normative text in docs/architecture/04_NON_FUNCTIONAL_REQUIREMENTS.md,SOURCE_COMPLETE,AUTOMATED (1 evidence path); no real-device/provider/UAT acceptance,,,WS-17 PCA-17,.github/workflows/quality-gates.yml dependency-audit job (Writer73): npm audit --audit-level=high (Writer65) + npx @cyclonedx/cyclonedx-npm SBOM generation (Writer73) for backend+platform-admin-web,,parent-web SBOM generated + validated in CI from the installed tree,CI step validation (641 components locally),matrix notes/evidence updated this pass,SOURCE_COMPLETE
PCA-NFR-007,PCA-17; PCA-11,Non-functional,Normative text in docs/architecture/04_NON_FUNCTIONAL_REQUIREMENTS.md,SOURCE_COMPLETE,AUTOMATED (2 evidence paths); no real-device/provider/UAT acceptance,,,WS-17 PCA-17,backend/src/invitation/InvitationService.ts (redeemAtomically rejects REDEEMED/EXPIRED); backend/src/invitation/policy.ts,,NONE (source complete),NONE (automated evidence recorded),NONE,SOURCE_COMPLETE
PCA-NFR-008,PCA-17; PCA-11,Non-functional,Normative text in docs/architecture/04_NON_FUNCTIONAL_REQUIREMENTS.md,SOURCE_COMPLETE,AUTOMATED (2 evidence paths); no real-device/provider/UAT acceptance,,,WS-17 PCA-17,"backend/src/auth/AuthService.ts, token.ts; backend/src/parentaccount/ParentAccountService.ts, cookies.ts",,NONE (source complete),NONE (automated evidence recorded),NONE,SOURCE_COMPLETE
PCA-NFR-009,PCA-17; PCA-11,Non-functional,Normative text in docs/architecture/04_NON_FUNCTIONAL_REQUIREMENTS.md,SOURCE_COMPLETE,AUTOMATED (1 evidence path); no real-device/provider/UAT acceptance,,,WS-17 PCA-17,backend/src/parentaccount/rateLimiter.ts; backend/src/parentaccount/policy.ts,,NONE (source complete),NONE (automated evidence recorded),NONE,SOURCE_COMPLETE
PCA-NFR-010,PCA-17,Non-functional,Normative text in docs/architecture/04_NON_FUNCTIONAL_REQUIREMENTS.md,SOURCE_COMPLETE,AUTOMATED (1 evidence path); no real-device/provider/UAT acceptance,,,WS-17 PCA-17,android/app/src/main/java/org/pca/app/platform/proximity/FaceProximityClassifier.kt; android/app/src/main/java/org/pca/app/persistence/entity/ProximityEventEntity.kt,,NONE (source complete),NONE (automated evidence recorded),NONE,SOURCE_COMPLETE
PCA-NFR-011,PCA-17,Non-functional,Normative text in docs/architecture/04_NON_FUNCTIONAL_REQUIREMENTS.md,PARTIAL,NONE recorded,PRODUCTION_CRYPTO_SECURITY_REVIEW,Gated: PRODUCTION_CRYPTO_SECURITY_REVIEW,WS-17 PCA-17,android/app/src/main/java/org/pca/app/runtime/sync/envelope/,PRODUCTION_CRYPTO_SECURITY_REVIEW,DEFERRED_EXTERNAL_GATE (PRODUCTION_CRYPTO_SECURITY_REVIEW),EXTERNAL (device/provider/UAT),NONE,PARTIAL
PCA-NFR-012,PCA-17,Non-functional,Normative text in docs/architecture/04_NON_FUNCTIONAL_REQUIREMENTS.md,SOURCE_COMPLETE,AUTOMATED (1 evidence path); no real-device/provider/UAT acceptance,,,WS-17 PCA-17,backend/src/http route registration surface,,NONE (source complete),NONE (automated evidence recorded),NONE,SOURCE_COMPLETE
PCA-NFR-013,PCA-17,Non-functional,Normative text in docs/architecture/04_NON_FUNCTIONAL_REQUIREMENTS.md,SOURCE_COMPLETE,AUTOMATED (2 evidence paths); no real-device/provider/UAT acceptance,,,WS-17 PCA-17,"backend/src/retention/calendar.ts, engine.ts, policy.ts",,NONE (source complete),NONE (automated evidence recorded),NONE,SOURCE_COMPLETE
PCA-NFR-014,PCA-17,Non-functional,Normative text in docs/architecture/04_NON_FUNCTIONAL_REQUIREMENTS.md,SOURCE_COMPLETE,AUTOMATED (3 evidence paths); no real-device/provider/UAT acceptance,TELEMETRY_ACTIVATION_OWNER_SIGNOFF,,WS-17 PCA-17,backend/src/telemetry/consent.ts; backend/src/main.ts,TELEMETRY_ACTIVATION_OWNER_SIGNOFF,NONE (source complete),NONE (automated evidence recorded),NONE,SOURCE_COMPLETE
PCA-NFR-015,PCA-17,Non-functional,Normative text in docs/architecture/04_NON_FUNCTIONAL_REQUIREMENTS.md,SOURCE_COMPLETE,AUTOMATED (1 evidence path); no real-device/provider/UAT acceptance,,,WS-17 PCA-17,"backend/src/platformadmin/audit/**; backend/src/platformadmin/auth/rbacPolicy.ts (support-role scope limited to account metadata, no activity-content query surface exists in schema per PCA-DATA-011)",,NONE (source complete),NONE (automated evidence recorded),NONE,SOURCE_COMPLETE
PCA-NFR-020,PCA-3; PCA-5,Non-functional,Normative text in docs/architecture/04_NON_FUNCTIONAL_REQUIREMENTS.md,SOURCE_COMPLETE,AUTOMATED (1 evidence path); no real-device/provider/UAT acceptance,,,WS-03 PCA-3,"android/app/src/main/java/org/pca/app/runtime/schedule/ScheduleRuntime.kt + feature/screentime/engine/ScreenTimeEngine.kt (both operate on locally persisted policy, no network dependency for enforcement continuation)",,NONE (source complete),NONE (automated evidence recorded),NONE,SOURCE_COMPLETE
PCA-NFR-021,PCA-10,Non-functional,Normative text in docs/architecture/04_NON_FUNCTIONAL_REQUIREMENTS.md,SOURCE_COMPLETE,AUTOMATED (2 evidence paths); no real-device/provider/UAT acceptance,,,WS-10 PCA-10,parent-web/src/domain/types.ts; parent-web/src/pages/Dashboard.tsx; parent-web/src/components/common/DeviceOfflineNotice.tsx,,NONE (source complete),NONE (automated evidence recorded),NONE,SOURCE_COMPLETE
PCA-NFR-022,PCA-5; PCA-17,Non-functional,Normative text in docs/architecture/04_NON_FUNCTIONAL_REQUIREMENTS.md,SOURCE_COMPLETE,AUTOMATED (1 evidence path); no real-device/provider/UAT acceptance,,,WS-05 PCA-5,"android/app/src/main/java/org/pca/app/feature/webprotection/policy/WebRulePolicy.kt (default-uncertain/fail-closed policy referenced in doc, security feed fail-closed per status doc); android/app/src/main/java/org/pca/app/feature/webprotection/securityfeed/SignedRulePackageConsumer.kt",,NONE (source complete),NONE (automated evidence recorded),NONE,SOURCE_COMPLETE
PCA-NFR-023,PCA-2; PCA-3,Non-functional,Normative text in docs/architecture/04_NON_FUNCTIONAL_REQUIREMENTS.md,SOURCE_COMPLETE,AUTOMATED (1 evidence path); no real-device/provider/UAT acceptance,,,WS-02 PCA-2,android/app/src/main/java/org/pca/app/feature/breakshield/BreakShieldScreen.kt (emergency button invokes native dialer independent of PCA cloud),,NONE (source complete),NONE (automated evidence recorded),NONE,SOURCE_COMPLETE
PCA-NFR-024,PCA-11,Non-functional,Normative text in docs/architecture/04_NON_FUNCTIONAL_REQUIREMENTS.md,PARTIAL,AUTOMATED (2 evidence paths); no real-device/provider/UAT acceptance,CRYPTO_ACTIVATION,Gated: CRYPTO_ACTIVATION,WS-11 PCA-11,"backend/src/familyenvelope/DataVersionLedger.ts, MySqlDataVersionLedger.ts; backend/src/familyenvelope/MessageIdempotencyLedger.ts",CRYPTO_ACTIVATION,DEFERRED_EXTERNAL_GATE (CRYPTO_ACTIVATION),NONE (automated evidence recorded),NONE,PARTIAL
PCA-NFR-025,PCA-11,Non-functional,Normative text in docs/architecture/04_NON_FUNCTIONAL_REQUIREMENTS.md,SOURCE_COMPLETE_EXTERNAL_GATE,AUTOMATED (3 evidence paths); no real-device/provider/UAT acceptance,CRYPTO_SECURITY_REVIEW; OFFLINE_DEVICE_INTERRUPTION_RECOVERY_VALIDATION,,WS-11 PCA-11,android/app/src/main/java/org/pca/app/runtime/schedule/ScheduleRuntime.kt; android/app/src/main/java/org/pca/app/runtime/schedule/ScheduleEnforcementConsumer.kt; parent-web/src/api/real/realParentFamilyDataGateway.ts; parent-web/src/security/localFamilyDataStore.ts; android/app/src/main/java/org/pca/app/persistence/retention/RetentionEngine.kt; android/app/src/main/java/org/pca/app/persistence/retention/RetentionMaintenanceCycle.kt; android/app/src/main/java/org/pca/app/runtime/background/RetentionMaintenanceWorker.kt; android/app/src/main/java/org/pca/app/persistence/export/LocalRoomFamilyExportDataSource.kt,CRYPTO_SECURITY_REVIEW; OFFLINE_DEVICE_INTERRUPTION_RECOVERY_VALIDATION,NONE (source complete),NONE (automated evidence recorded),NONE,SOURCE_COMPLETE_EXTERNAL_GATE
PCA-NFR-030,PCA-8,Non-functional,Normative text in docs/architecture/04_NON_FUNCTIONAL_REQUIREMENTS.md,SOURCE_COMPLETE,AUTOMATED (1 evidence path); no real-device/provider/UAT acceptance,,,WS-08 PCA-8,"android/app/src/main/java/org/pca/app/platform/proximity/CameraProximitySource.kt (foreground-only lifecycle, immediate-stop-on-backgrounding per class doc)",,NONE (source complete),NONE (automated evidence recorded),NONE,SOURCE_COMPLETE
PCA-NFR-031,PCA-2,Non-functional,Normative text in docs/architecture/04_NON_FUNCTIONAL_REQUIREMENTS.md,SOURCE_COMPLETE,AUTOMATED (1 evidence path); no real-device/provider/UAT acceptance,,,WS-02 PCA-2,"android/app/src/main/java/org/pca/app/runtime/screenstate/ScreenStateObserver.kt (event-driven BroadcastReceiver, not polling)",,NONE (source complete),NONE (automated evidence recorded),NONE,SOURCE_COMPLETE
PCA-NFR-032,PCA-5,Non-functional,Normative text in docs/architecture/04_NON_FUNCTIONAL_REQUIREMENTS.md,SOURCE_COMPLETE_EXTERNAL_GATE,AUTOMATED (2 evidence paths); no real-device/provider/UAT acceptance,ANDROID_REAL_DEVICE_UAT,,WS-05 PCA-5,android/app/src/main/java/org/pca/app/feature/webprotection/vpn/VpnDnsRequestHandler.kt; android/app/src/main/java/org/pca/app/feature/webprotection/vpn/VpnDnsRequestHandler.kt,ANDROID_REAL_DEVICE_UAT,NONE (source complete),NONE (automated evidence recorded),NONE,SOURCE_COMPLETE_EXTERNAL_GATE
PCA-NFR-033,PCA-2; PCA-15,Non-functional,Normative text in docs/architecture/04_NON_FUNCTIONAL_REQUIREMENTS.md,SOURCE_COMPLETE,AUTOMATED (1 evidence path); no real-device/provider/UAT acceptance,,,WS-02 PCA-2,"android/app/src/main/java/org/pca/app/runtime/background/BackgroundExecutionScheduler.kt (WorkManagerBackgroundExecutionScheduler, real WorkManager usage) + UsageIngestionWorker.kt",,NONE (source complete),NONE (automated evidence recorded),NONE,SOURCE_COMPLETE
PCA-NFR-034,PCA-2; PCA-15,Non-functional,Normative text in docs/architecture/04_NON_FUNCTIONAL_REQUIREMENTS.md,SOURCE_COMPLETE_EXTERNAL_GATE,AUTOMATED (4 evidence paths); no real-device/provider/UAT acceptance,ANDROID_REAL_DEVICE_UAT; IOS_PHYSICAL_DEVICE; PCA_DEC_009_DISCLOSURE_TEXT,,WS-02 PCA-2,android/app/src/main/java/org/pca/app/runtime/background/PcaBatteryBudgetPolicy.kt; android/app/src/main/java/org/pca/app/runtime/background/BatteryBudgetedCycleRunner.kt; android/app/src/main/java/org/pca/app/runtime/background/BackgroundExecutionScheduler.kt; android/app/src/main/java/org/pca/app/platform/PowerSaveModeSource.kt; android/app/src/main/java/org/pca/app/runtime/graph/PcaAppGraph.kt,ANDROID_REAL_DEVICE_UAT; IOS_PHYSICAL_DEVICE; PCA_DEC_009_DISCLOSURE_TEXT,NONE (source complete),NONE (automated evidence recorded),NONE,SOURCE_COMPLETE_EXTERNAL_GATE
PCA-NFR-040,PCA-16,Non-functional,Normative text in docs/architecture/04_NON_FUNCTIONAL_REQUIREMENTS.md,SOURCE_COMPLETE,AUTOMATED (1 evidence path); no real-device/provider/UAT acceptance,,,WS-16 PCA-16,android/app/src/main/java/org/pca/app/accessibility/PcaAccessibilityContent.kt; android/app/src/main/java/org/pca/app/accessibility/AccessibilityPreferences.kt; android/app/src/main/java/org/pca/app/MainActivity.kt; android/app/src/main/java/org/pca/app/enrollment/EnrollmentActivity.kt; android/app/src/main/java/org/pca/app/feature/webprotection/ui/SafeBrowserActivity.kt; android/app/src/main/java/org/pca/app/feature/youtube/ui/YouTubeModeActivity.kt; android/app/src/main/java/org/pca/app/security/ui/AdminSecurityActivity.kt; parent-web/src/styles/global.css; platform-admin-web/src/styles/global.css,,NONE (source complete),NONE (automated evidence recorded),NONE,SOURCE_COMPLETE
PCA-NFR-041,PCA-16,Non-functional,Normative text in docs/architecture/04_NON_FUNCTIONAL_REQUIREMENTS.md,SOURCE_COMPLETE,AUTOMATED (7 evidence paths); no real-device/provider/UAT acceptance,,,WS-16 PCA-16,"parent-web: parent-web/tests/accessibility/axe.test.tsx now imports and renders 23 distinct page components (up from 13), confirmed by direct file read -- cross-referenced against parent-web/src/App.tsx's real route list, all 23 imports correspond to genuinely routed pages. platform-admin-web/tests/accessibility/axe.test.tsx is BRAND NEW this round (previously zero axe test files existed): imports and renders all 19 real routed page components in platform-admin-web/src/App.tsx (Dashboard, AccountsList, AccountDetail, Entitlements x2 variants, EntitlementRequests, ComplimentaryCapacity, FreeAccessPolicy, 5 billing pages, 3 settlement pages, AdminUsers, Audit, Settings) plus NotPermitted and NotFound -- 21 test cases total, verified 1:1 against every non-Login route in App.tsx.; parent-web/tests/accessibility/axe.test.tsx; ios/PCA/Localizable.xcstrings; ios/PCA/Localization/PCALocalizedStrings.swift; android/app/src/main/java/org/pca/app/feature/webprotection/ui/SafeBrowserScreen.kt; android/app/src/main/java/org/pca/app/enrollment/ui/EnrollmentScreen.kt; parent-web/src/styles/global.css; platform-admin-web/src/styles/global.css",,"BidiUtils wired (Safe Browser domain/reason, enrollment fingerprints); forced-colours/prefers-contrast/reduced-motion CSS in both consoles",MixedDirectionIsolationStaticTest 3/3; parent-web e2e/forced-colors.spec.ts 4/4; platform-admin e2e/forced-colors.spec.ts 3/3,matrix notes/evidence updated this pass,SOURCE_COMPLETE
PCA-NFR-042,PCA-16,Non-functional,Normative text in docs/architecture/04_NON_FUNCTIONAL_REQUIREMENTS.md,SOURCE_COMPLETE,AUTOMATED (4 evidence paths); no real-device/provider/UAT acceptance,,,WS-16 PCA-16,android/app/src/main/java/org/pca/app/feature/breakshield/BreakShieldScreen.kt; android/app/src/main/res/values/strings.xml; android/app/src/main/res/values-ar/strings.xml,,NONE (source complete),NONE (automated evidence recorded),NONE,SOURCE_COMPLETE
PCA-NFR-043,PCA-16,Non-functional,Normative text in docs/architecture/04_NON_FUNCTIONAL_REQUIREMENTS.md,SOURCE_COMPLETE,AUTOMATED (6 evidence paths); no real-device/provider/UAT acceptance,,,WS-16 PCA-16,platform-admin-web/src/i18n/index.ts; platform-admin-web/src/i18n/locales/en.json; platform-admin-web/src/i18n/locales/ar.json; platform-admin-web/src/styles/global.css,,NONE (source complete),NONE (automated evidence recorded),NONE,SOURCE_COMPLETE
PCA-NFR-044,PCA-16,Non-functional,Normative text in docs/architecture/04_NON_FUNCTIONAL_REQUIREMENTS.md,SOURCE_COMPLETE_VALIDATION_PENDING,AUTOMATED (6 evidence paths); no real-device/provider/UAT acceptance,,,WS-16 PCA-16,android/app/src/main/java/org/pca/app/enrollment/EnrollmentProfile.kt; android/app/src/main/java/org/pca/app/enrollment/ui/EnrollmentScreen.kt; android/app/src/main/res/values/strings.xml; android/app/src/main/res/values-ar/strings.xml; ios/PCA/Enrollment/ChildEnrollmentCoordinator.swift; android/app/src/main/java/org/pca/app/runtime/ui/ChildHomeScreen.kt; android/app/src/main/java/org/pca/app/feature/breakshield/BreakShieldScreen.kt; android/app/src/main/java/org/pca/app/feature/webprotection/ui/SafeBrowserScreen.kt; android/app/src/main/java/org/pca/app/feature/eyedistance/shield/EyeRestShieldScreen.kt,,None (residual note closed: AdminPinScreen already tier-aware),existing reading-level tests,matrix notes/evidence updated this pass,SOURCE_COMPLETE_VALIDATION_PENDING
PCA-NFR-045,PCA-16,Non-functional,Normative text in docs/architecture/04_NON_FUNCTIONAL_REQUIREMENTS.md,SOURCE_COMPLETE,AUTOMATED (2 evidence paths); no real-device/provider/UAT acceptance,,,WS-16 PCA-16,parent-web/src/styles/global.css; platform-admin-web/src/styles/global.css; parent-web/tests/accessibility/axe.test.tsx; platform-admin-web/tests/accessibility/axe.test.tsx,,NONE (source complete),NONE (automated evidence recorded),NONE,SOURCE_COMPLETE
PCA-NFR-050,PCA-0,Non-functional,Normative text in docs/architecture/04_NON_FUNCTIONAL_REQUIREMENTS.md,SOURCE_COMPLETE,NONE recorded,,,WS-01 PCA-0,"backend/src directory structure itself (auth/authz/billing/entitlements/familyenvelope/familytrustset/recovery/retention/tamper as separate bounded modules, each with its own repository/service/routes layering)",,NONE (source complete),EXTERNAL (device/provider/UAT),NONE,SOURCE_COMPLETE
PCA-NFR-051,PCA-0; PCA-17,Non-functional,Normative text in docs/architecture/04_NON_FUNCTIONAL_REQUIREMENTS.md,SOURCE_COMPLETE,AUTOMATED (2 evidence paths); no real-device/provider/UAT acceptance,,,WS-01 PCA-0,docs/implementation/PCA_COMPLETION_V2_MATRIX.json; docs/architecture/32_TRACEABILITY_ACCEPTANCE_MATRIX.md; docs/implementation/R3_FINAL_CURRENT_GAP_REDERIVATION.csv; tooling/release/RebuildR3DerivedLedgers.mjs; .agent-runtime/manifests/pca-r3-final/R3_SOURCE_BACKLOG.csv,,NONE (source complete),NONE (automated evidence recorded),NONE,SOURCE_COMPLETE
PCA-NFR-052,PCA-0,Non-functional,Normative text in docs/architecture/04_NON_FUNCTIONAL_REQUIREMENTS.md,SOURCE_COMPLETE,NONE recorded,,,WS-01 PCA-0,docs/architecture/00_DOCUMENT_CONTROL.md Section 9 (conflict-entry/change-control process); extensive docs/implementation/addenda/* and PCA_DEC-* decision records referenced throughout architecture docs,,NONE (source complete),EXTERNAL (device/provider/UAT),NONE,SOURCE_COMPLETE
PCA-NFR-053,PCA-5; PCA-14,Non-functional,Normative text in docs/architecture/04_NON_FUNCTIONAL_REQUIREMENTS.md,SOURCE_COMPLETE,AUTOMATED (1 evidence path); no real-device/provider/UAT acceptance,CRYPTO_ACTIVATION,,WS-05 PCA-5,"backend/src/safebrowser/** (filter-list distribution); backend/src/web/SignedRulePackageConsumer.ts (signed rule package consumption, implying versioned/signed content)",CRYPTO_ACTIVATION,NONE (source complete),NONE (automated evidence recorded),NONE,SOURCE_COMPLETE
PCA-NFR-054,PCA-0,Non-functional,Normative text in docs/architecture/04_NON_FUNCTIONAL_REQUIREMENTS.md,SOURCE_COMPLETE,AUTOMATED (2 evidence paths); no real-device/provider/UAT acceptance,,,WS-01 PCA-0,android/app/src/main/java/org/pca/app/feature/screentime/policy/ScreenTimeBaselinePolicy.kt; android/app/src/main/java/org/pca/app/feature/screentime/policy/ScreenTimePolicyApplier.kt; android/app/src/main/java/org/pca/app/feature/screentime/engine/ScreenTimeEngine.kt,,NONE (source complete),NONE (automated evidence recorded),NONE,SOURCE_COMPLETE
PCA-NFR-060,PCA-17; PCA-10,Non-functional,Normative text in docs/architecture/04_NON_FUNCTIONAL_REQUIREMENTS.md,SOURCE_COMPLETE,AUTOMATED (2 evidence paths); no real-device/provider/UAT acceptance,PRODUCER_CATALOGUE_AUDIT_SIGNOFF,,WS-17 PCA-17,parent-web/src/pages/privacy/Transparency.tsx; parent-web/src/i18n/locales/en.json; parent-web/src/i18n/locales/ar.json,PRODUCER_CATALOGUE_AUDIT_SIGNOFF,NONE (source complete),NONE (automated evidence recorded),NONE,SOURCE_COMPLETE
PCA-NFR-061,PCA-17; PCA-10,Non-functional,Normative text in docs/architecture/04_NON_FUNCTIONAL_REQUIREMENTS.md,SOURCE_COMPLETE,AUTOMATED (1 evidence path); no real-device/provider/UAT acceptance,,,WS-17 PCA-17,parent-web/src/pages/privacy/PermissionsPolicy.tsx; parent-web/src/App.tsx; parent-web/src/nav/navConfig.ts; parent-web/src/i18n/locales/en.json; parent-web/src/i18n/locales/ar.json; android/app/src/main/AndroidManifest.xml,,NONE (source complete),NONE (automated evidence recorded),NONE,SOURCE_COMPLETE
PCA-NFR-062,PCA-17; PCA-10,Non-functional,Normative text in docs/architecture/04_NON_FUNCTIONAL_REQUIREMENTS.md,SOURCE_COMPLETE_EXTERNAL_GATE,AUTOMATED (3 evidence paths); no real-device/provider/UAT acceptance,PRODUCTION_CRYPTO_SUITE,,WS-17 PCA-17,backend/src/http/routes/retentionRoutes.ts (delete-now / export intake without contacting support); backend/src/http/routes/retentionRoutes.ts; android/app/src/main/java/org/pca/app/persistence/retention/DeleteNowCoordinator.kt,PRODUCTION_CRYPTO_SUITE,NONE (source complete),NONE (automated evidence recorded),NONE,SOURCE_COMPLETE_EXTERNAL_GATE
PCA-NFR-063,PCA-17; PCA-10,Non-functional,Normative text in docs/architecture/04_NON_FUNCTIONAL_REQUIREMENTS.md,SOURCE_COMPLETE,AUTOMATED (2 evidence paths); no real-device/provider/UAT acceptance,,,WS-17 PCA-17,"backend/test/db/schema-privacy.mysql.test.mjs; backend/src/platformadmin/auth/rbacPolicy.ts (support roles have no activity-content query capability by construction, per PCA-DATA-011 schema)",,NONE (source complete),NONE (automated evidence recorded),NONE,SOURCE_COMPLETE
PCA-NFR-064,PCA-17; PCA-10,Non-functional,Normative text in docs/architecture/04_NON_FUNCTIONAL_REQUIREMENTS.md,SOURCE_COMPLETE,AUTOMATED (1 evidence path); no real-device/provider/UAT acceptance,,,WS-17 PCA-17,backend/src/http/routes/sdkDisclosureRoutes.ts; backend/src/sdkDisclosure/thirdPartySdks.generated.ts; backend/scripts/generateSdkDisclosure.mjs; backend/scripts/sdkDisclosureCompute.mjs,,NONE (source complete),NONE (automated evidence recorded),NONE,SOURCE_COMPLETE
PCA-PRIV-001,PCA-8,Privacy,Normative text in docs/architecture/03_FUNCTIONAL_REQUIREMENTS.md,SOURCE_COMPLETE,AUTOMATED (3 evidence paths); no real-device/provider/UAT acceptance,CAMERA_REAL_DEVICE_VALIDATION,,WS-08 PCA-8,android/app/src/main/java/org/pca/app/feature/eyedistance/ui/EyeDistanceCameraPermissionScreen.kt; android/app/src/main/java/org/pca/app/feature/eyedistance/ui/EyeDistanceCameraPermissionActivity.kt; android/app/src/main/java/org/pca/app/feature/eyedistance/ui/EyeDistanceCameraPermissionUiState.kt; android/app/src/main/java/org/pca/app/platform/proximity/CameraProximitySource.kt; android/app/src/main/java/org/pca/app/platform/proximity/CameraPermissionLifecycle.kt; android/app/src/main/java/org/pca/app/security/ui/AdminSecurityActivity.kt; android/app/src/main/AndroidManifest.xml,CAMERA_REAL_DEVICE_VALIDATION,NONE (source complete),NONE (automated evidence recorded),NONE,SOURCE_COMPLETE
PCA-PRIV-002,PCA-5; PCA-17,Privacy,Normative text in docs/architecture/03_FUNCTIONAL_REQUIREMENTS.md,SOURCE_COMPLETE,AUTOMATED (1 evidence path); no real-device/provider/UAT acceptance,,,WS-05 PCA-5,backend/src/http | android/app/src/main/java/org/pca/app/feature/webprotection/vpn/WebProtectionVpnService.kt | android/app/src/main/java/org/pca/app/feature/webprotection/vpn/VpnMetadataDecisionAdapter.kt,,NONE (source complete),NONE (automated evidence recorded),NONE,SOURCE_COMPLETE
PCA-SEC-001,PCA-1,Security,Normative text in docs/architecture/03_FUNCTIONAL_REQUIREMENTS.md,SOURCE_COMPLETE,AUTOMATED (2 evidence paths); no real-device/provider/UAT acceptance,,,WS-01 PCA-1,"backend/src/invitation/token.ts (generateInvitationToken, 256-bit CSPRNG); backend/src/invitation/policy.ts (resolveInvitationTtlMs default 15min, parent-configurable up to 24h); backend/src/invitation/InvitationService.ts (redeemInvitation single-use via redeemAtomically)",,NONE (source complete),NONE (automated evidence recorded),NONE,SOURCE_COMPLETE
PCA-SEC-002,PCA-2,Security,Normative text in docs/architecture/06_ANDROID_ARCHITECTURE.md,SOURCE_COMPLETE,NONE recorded,,,WS-02 PCA-2,android/app/src/main/java/org/pca/app/feature/webprotection/engine/WebFilterEngine.kt; android/app/src/main/java/org/pca/app/feature/webprotection/vpn/VpnMetadataDecisionAdapter.kt; android/app/src/main/java/org/pca/app/feature/webprotection/vpn/VpnDnsDecisionChannel.kt,,NONE (source complete),EXTERNAL (device/provider/UAT),NONE,SOURCE_COMPLETE
PCA-SEC-010,PCA-11,Security,Normative text in docs/architecture/09_SECURITY_PRIVACY_E2EE.md,PARTIAL,AUTOMATED (2 evidence paths); no real-device/provider/UAT acceptance,CRYPTO_ACTIVATION,Gated: CRYPTO_ACTIVATION,WS-11 PCA-11,backend/src/familyenvelope/ReceiverPipeline.ts (ciphertext-only receipt pipeline); backend/src/familyenvelope/types.ts (envelope carries opaque payload only); backend/test/db/schema-privacy.mysql.test.mjs (regression guard against plaintext columns),CRYPTO_ACTIVATION,DEFERRED_EXTERNAL_GATE (CRYPTO_ACTIVATION),NONE (automated evidence recorded),NONE,PARTIAL
PCA-SEC-011,PCA-11,Security,Normative text in docs/architecture/09_SECURITY_PRIVACY_E2EE.md,PARTIAL,AUTOMATED (2 evidence paths); no real-device/provider/UAT acceptance,CRYPTO_ACTIVATION,Gated: CRYPTO_ACTIVATION,WS-11 PCA-11,backend/src/familyrbac/TrustSetRoleResolver.ts; backend/src/familytrustset/FamilyTrustSetEngine.ts; backend/src/familytrustset/TrustSetSignatureVerifier.ts,CRYPTO_ACTIVATION,DEFERRED_EXTERNAL_GATE (CRYPTO_ACTIVATION),NONE (automated evidence recorded),NONE,PARTIAL
PCA-SEC-012,PCA-11,Security,Normative text in docs/architecture/09_SECURITY_PRIVACY_E2EE.md,PARTIAL,AUTOMATED (1 evidence path); no real-device/provider/UAT acceptance,CRYPTO_ACTIVATION,Gated: CRYPTO_ACTIVATION,WS-11 PCA-11,backend/src/familyenvelope/policy.ts (version monotonicity check); backend/src/familyenvelope/ReceiverPipeline.ts,CRYPTO_ACTIVATION,DEFERRED_EXTERNAL_GATE (CRYPTO_ACTIVATION),NONE (automated evidence recorded),NONE,PARTIAL
PCA-SEC-013,PCA-11,Security,Normative text in docs/architecture/09_SECURITY_PRIVACY_E2EE.md,PARTIAL,AUTOMATED (3 evidence paths); no real-device/provider/UAT acceptance,CRYPTO_ACTIVATION,Gated: CRYPTO_ACTIVATION,WS-11 PCA-11,backend/src/familytrustset/FamilyTrustSetEngine.ts; backend/src/familytrustset/FdekRotationContract.ts; backend/src/tamper/TamperStateEngine.ts (REVOKED state),CRYPTO_ACTIVATION,DEFERRED_EXTERNAL_GATE (CRYPTO_ACTIVATION),NONE (automated evidence recorded),NONE,PARTIAL
PCA-SEC-014,PCA-12,Security,Normative text in docs/architecture/09_SECURITY_PRIVACY_E2EE.md,SOURCE_COMPLETE,AUTOMATED (5 evidence paths); no real-device/provider/UAT acceptance,,,WS-12 PCA-12,"backend/src/http/routes/retentionRoutes.ts (route comment: ""NONE of these routes execute a real data purge/export against family activity data...device-local/E2EE, never held by this backend""); backend/src/retention/engine.ts, calendar.ts (cutoff-computation library used for policy validation/preview only); android/app/src/main/java/org/pca/app/persistence/retention/RetentionEngine.kt; backend/src/http/routes/retentionRoutes.ts; backend/src/retention/engine.ts; backend/src/retention/calendar.ts",,NONE (source complete),NONE (automated evidence recorded),NONE,SOURCE_COMPLETE
PCA-SEC-015,PCA-13; PCA-15,Security,Normative text in docs/architecture/09_SECURITY_PRIVACY_E2EE.md,SOURCE_COMPLETE,AUTOMATED (2 evidence paths); no real-device/provider/UAT acceptance,,,WS-13 PCA-13,"backend/src/recovery/RecoveryEnvelopeCipher.ts; backend/src/recovery/RecoveryRepository.ts / MySqlRecoveryRepository.ts (stores only the opaque authenticated-encrypted recovery envelope, no plaintext/escrow key); backend/test/db/schema-privacy.mysql.test.mjs",,NONE (source complete),NONE (automated evidence recorded),NONE,SOURCE_COMPLETE
PCA-SEC-017,PCA-11,Security,Normative text in docs/architecture/09_SECURITY_PRIVACY_E2EE.md,PARTIAL,AUTOMATED (1 evidence path); no real-device/provider/UAT acceptance,CRYPTO_ACTIVATION,Gated: CRYPTO_ACTIVATION,WS-11 PCA-11,backend/src/familyenvelope/EnvelopeSignatureVerifier.ts (interface); backend/src/runtime-sync/RejectingCryptoVerifiers.ts (production default),CRYPTO_ACTIVATION,DEFERRED_EXTERNAL_GATE (CRYPTO_ACTIVATION),NONE (automated evidence recorded),NONE,PARTIAL
PCA-SEC-018,PCA-13; PCA-15,Security,Normative text in docs/architecture/09_SECURITY_PRIVACY_E2EE.md,SOURCE_COMPLETE,AUTOMATED (2 evidence paths); no real-device/provider/UAT acceptance,,,WS-13 PCA-13,"backend/src/recovery/RecoveryEnvelopeCipher.ts; backend/src/recovery/types.ts (opaque recovery-envelope fields: familyId, suite IDs, salt, envelope ID, epochs, encrypted FDEK(s)); backend/src/recovery/MySqlRecoveryRepository.ts",,NONE (source complete),NONE (automated evidence recorded),NONE,SOURCE_COMPLETE
PCA-SEC-019,PCA-11,Security,Normative text in docs/architecture/09_SECURITY_PRIVACY_E2EE.md,PARTIAL,AUTOMATED (1 evidence path); no real-device/provider/UAT acceptance,CRYPTO_ACTIVATION,Gated: CRYPTO_ACTIVATION,WS-11 PCA-11,backend/src/familytrustset/FdekRotationContract.ts,CRYPTO_ACTIVATION,DEFERRED_EXTERNAL_GATE (CRYPTO_ACTIVATION),NONE (automated evidence recorded),NONE,PARTIAL
PCA-SEC-020,PCA-13; PCA-15,Security,Normative text in docs/architecture/09_SECURITY_PRIVACY_E2EE.md,PARTIAL,AUTOMATED (2 evidence paths); no real-device/provider/UAT acceptance,CRYPTO_ACTIVATION,Gated: CRYPTO_ACTIVATION,WS-13 PCA-13,backend/src/familytrustset/FamilyTrustSetEngine.ts; backend/src/tamper/types.ts (TamperState: EPOCH_STALE/DEVICE_OFFLINE/DEGRADED); backend/src/tamper/TamperStateEngine.ts,CRYPTO_ACTIVATION,DEFERRED_EXTERNAL_GATE (CRYPTO_ACTIVATION),NONE (automated evidence recorded),NONE,PARTIAL
PCA-SEC-021,PCA-11,Security,Normative text in docs/architecture/09_SECURITY_PRIVACY_E2EE.md,SOURCE_COMPLETE,AUTOMATED (1 evidence path); no real-device/provider/UAT acceptance,,,WS-11 PCA-11,backend/src/familyenvelope/ReplayLedger.ts; backend/src/familyenvelope/InMemoryReplayLedger.ts; backend/src/familyenvelope/MySqlReplayLedger.ts,,NONE (source complete),NONE (automated evidence recorded),NONE,SOURCE_COMPLETE
PCA-SEC-022,PCA-11,Security,Normative text in docs/architecture/09_SECURITY_PRIVACY_E2EE.md,PARTIAL,AUTOMATED (3 evidence paths); no real-device/provider/UAT acceptance,CRYPTO_ACTIVATION,Gated: CRYPTO_ACTIVATION,WS-11 PCA-11,"backend/src/familyenvelope/ReceiverPipeline.ts (combines signature, replay, expiry, version checks as independent gates)",CRYPTO_ACTIVATION,DEFERRED_EXTERNAL_GATE (CRYPTO_ACTIVATION),NONE (automated evidence recorded),NONE,PARTIAL
PCA-SEC-023,PCA-17,Security,Normative text in docs/architecture/09_SECURITY_PRIVACY_E2EE.md,SOURCE_COMPLETE,AUTOMATED (1 evidence path); no real-device/provider/UAT acceptance,,,WS-17 PCA-17,backend/test/db/schema-privacy.mysql.test.mjs; backend/test/schema-privacy.test.mjs; backend/test/db/billingCoreSchemaPrivacy.mysql.test.mjs (schema-wide regression guard against activity-payload-capable columns/tables),,NONE (source complete),NONE (automated evidence recorded),NONE,SOURCE_COMPLETE
PCA-SEC-024,PCA-13; PCA-15,Security,Normative text in docs/architecture/09_SECURITY_PRIVACY_E2EE.md,SOURCE_COMPLETE,NONE recorded,,,WS-13 PCA-13,android/app/src/main/java/org/pca/app/foundation/EncryptedSharedPreferencesStateStore.kt,,NONE (source complete),EXTERNAL (device/provider/UAT),NONE,SOURCE_COMPLETE
PCA-SEC-025,PCA-2,Security,Normative text in docs/architecture/09_SECURITY_PRIVACY_E2EE.md,SOURCE_COMPLETE,AUTOMATED (1 evidence path); no real-device/provider/UAT acceptance,,,WS-02 PCA-2,android/app/src/main/AndroidManifest.xml,,NONE (source complete),NONE (automated evidence recorded),NONE,SOURCE_COMPLETE
PCA-SEC-026,PCA-12,Security,Normative text in docs/architecture/09_SECURITY_PRIVACY_E2EE.md,SOURCE_COMPLETE,AUTOMATED (1 evidence path); no real-device/provider/UAT acceptance,CRYPTO_ACTIVATION,,WS-12 PCA-12,android/app/src/main/java/org/pca/app/persistence/export/FamilyExportContract.kt; android/app/src/main/java/org/pca/app/persistence/export/LocalRoomFamilyExportDataSource.kt; android/app/src/main/java/org/pca/app/persistence/export/AuditRecordExportService.kt; android/app/src/main/java/org/pca/app/persistence/PcaLocalPersistence.kt,CRYPTO_ACTIVATION,NONE (source complete),NONE (automated evidence recorded),NONE,SOURCE_COMPLETE
