ID,PHASE,SOURCE_COMPLETE,VALIDATED_COMPLETE,PRODUCTION_READY,TEST_EVIDENCE,EXTERNAL_GATE,OPEN_ENGINEERING_GAP,OPEN_EXTERNAL_GAP,EVIDENCE_PATH
PCA-ADD-BILL-001,PCA-BILL-1,YES,NO,NO,backend/test/db/billingCore.mysql.test.mjs,,,,backend/src/billing/plan.ts | backend/migrations/0007_billing_core.sql
PCA-ADD-BILL-002,PCA-BILL-1,YES,NO,NO,backend/test/db/billingCorePriceBookConcurrency.mysql.test.mjs; backend/test/db/billingCore.mysql.test.mjs,,,,backend/src/billing/priceBook.ts
PCA-ADD-BILL-003,PCA-BILL-1,YES,NO,NO,backend/test/db/billingCore.mysql.test.mjs,,,,backend/src/billing/subscription.ts
PCA-ADD-BILL-004,PCA-BILL-1,YES,NO,NO,backend/test/db/billingCore.mysql.test.mjs; backend/test/billing/invoiceIssuance.test.mjs; backend/test/db/webhookService.mysql.test.mjs,,,,backend/src/billing/invoice.ts; backend/src/billing/invoiceIssuance.ts; backend/src/billing/webhook/WebhookService.ts
PCA-ADD-BILL-005,PCA-BILL-1,YES,NO,NO,backend/test/db/billingCore.mysql.test.mjs; backend/test/billing/invoiceIssuance.test.mjs; backend/test/db/webhookService.mysql.test.mjs,,,,backend/src/billing/invoice.ts | backend/migrations/0007_billing_core.sql; backend/src/billing/invoiceIssuance.ts; backend/src/billing/webhook/WebhookService.ts
PCA-ADD-BILL-005A,PCA-BILL-1,YES,NO,NO,backend/test/db/billingCoreQuoteImmutability.mysql.test.mjs,,,,backend/src/billing/quote.ts | platform-admin-web/src/pages/billing/BillingQuotes.tsx
PCA-ADD-BILL-006,PCA-BILL-1,YES,NO,NO,backend/test/db/billingCore.mysql.test.mjs; backend/test/billing/invoiceIssuance.test.mjs; backend/test/db/webhookService.mysql.test.mjs,,,,backend/src/billing/payment.ts; backend/src/billing/invoiceIssuance.ts; backend/src/billing/webhook/WebhookService.ts
PCA-ADD-BILL-007,PCA-BILL-1,YES,NO,NO,backend/test/db/billingCore.mysql.test.mjs,,,,backend/src/billing/payment.ts
PCA-ADD-BILL-008,PCA-BILL-1,YES,NO,NO,backend/test/db/billingCoreSchemaPrivacy.mysql.test.mjs; backend/test/billing/schemaPrivacy.test.mjs,,,,backend/src/billing/paymentMethod.ts
PCA-ADD-BILL-009,PCA-BILL-1,YES,NO,NO,backend/test/db/billingCore.mysql.test.mjs,,,,backend/src/billing/refund.ts | backend/src/billing/refundOrchestration/RefundOrchestrationService.ts
PCA-ADD-BILL-010,PCA-BILL-1,YES,NO,NO,,,,,backend/src/billing/dispute.ts
PCA-ADD-BILL-011,PCA-BILL-1,YES,NO,NO,backend/test/db/billingCoreProviderEventConcurrency.mysql.test.mjs,,,,backend/src/billing/providerEvent.ts
PCA-ADD-BILL-012,PCA-BILL-1,YES,NO,NO,backend/test/billing/settlement.test.mjs; backend/test/db/settlement.mysql.test.mjs,,,,backend/migrations/0015_settlement_reconciliation.sql; backend/src/billing/settlement/types.ts; backend/src/billing/settlement/SettlementService.ts
PCA-ADD-BILL-013,PCA-BILL-1,YES,NO,NO,backend/test/billing/settlement.test.mjs; backend/test/db/settlement.mysql.test.mjs,,,,backend/migrations/0015_settlement_reconciliation.sql; backend/src/billing/settlement/types.ts; backend/src/billing/settlement/SettlementService.ts
PCA-ADD-BILL-014,PCA-BILL-1,YES,NO,NO,backend/test/billing/settlement.test.mjs; backend/test/db/settlement.mysql.test.mjs,,,,backend/migrations/0015_settlement_reconciliation.sql; backend/src/billing/settlement/SettlementService.ts
PCA-ADD-BILL-015,PCA-BILL-1,YES,NO,NO,backend/test/billing/schemaPrivacy.test.mjs; backend/test/db/billingCoreSchemaPrivacy.mysql.test.mjs,,,,backend/migrations/0007_billing_core.sql
PCA-ADD-BILL-016,PCA-BILL-1,YES,NO,NO,backend/test/billing/schemaPrivacy.test.mjs; backend/test/db/billingCoreSchemaPrivacy.mysql.test.mjs,,,,backend/migrations/0007_billing_core.sql
PCA-ADD-BILL-017,PCA-BILL-1,YES,NO,NO,backend/test/billing/money.test.mjs,,,,backend/src/billing/money.ts
PCA-ADD-BILL-018,PCA-BILL-1,YES,NO,NO,backend/test/billing/money.test.mjs,,,,backend/src/billing/currency.ts
PCA-ADD-BILL-019,PCA-BILL-1,YES,NO,NO,backend/test/billing/money.test.mjs | backend/test/db/billingCore.mysql.test.mjs,,,,backend/src/billing/currency.ts | backend/src/billing/market.ts
PCA-ADD-BILL-020,PCA-BILL-1,YES,NO,NO,"backend/test/db/billingCore.mysql.test.mjs (explicit per-market/currency PriceBook rows, currency scope, and no fabricated fallback pricing); backend/test/db/billingCorePriceBookConcurrency.mysql.test.mjs (concurrent publication and version uniqueness for one commercial key); backend/test/entitlements/priceBookQuotePort.test.mjs (active-row quote resolution and REQUIRES_CUSTOM_QUOTE when no row exists); backend/test/db/dashboardSettlementMetrics.mysql.test.mjs (recorded-rate-only USD rollup and write-once normalization boundary); backend/test/db/billingCore.mysql.test.mjs; backend/test/db/billingCorePriceBookConcurrency.mysql.test.mjs; backend/test/entitlements/priceBookQuotePort.test.mjs; backend/test/db/dashboardSettlementMetrics.mysql.test.mjs",,,,backend/src/billing/priceBook.ts; backend/src/billing/priceBook.ts; backend/src/billing/settlement/MySqlSettlementRepository.ts; backend/src/platformadmin/settlement/PlatformAdminSettlementService.ts
PCA-ADD-BILL-021,PCA-BILL-1,YES,NO,NO,backend/test/db/settlement.mysql.test.mjs; backend/test/billing/settlement.test.mjs,,,,backend/src/billing/market.ts; backend/src/billing/settlement/types.ts; backend/src/billing/settlement/SettlementService.ts
PCA-ADD-BILL-022,PCA-BILL-1,YES,NO,NO,backend/test/billing/currency.test.mjs; backend/test/billing/schemaPrivacy.test.mjs,SUPPORTED_CHARGE_CURRENCIES; SUPPORTED_SETTLEMENT_CURRENCIES,,SUPPORTED_CHARGE_CURRENCIES; SUPPORTED_SETTLEMENT_CURRENCIES,backend/src/billing/currency.ts; backend/src/billing/currency.ts | backend/migrations/0007_billing_core.sql
PCA-ADD-BILL-023,PCA-BILL-2,YES,NO,NO,backend/test/billing/schemaPrivacy.test.mjs | backend/test/billing/refundOperationsSchemaPrivacy.test.mjs | backend/test/db/billingCoreSchemaPrivacy.mysql.test.mjs,,,,backend/src/billing/paymentMethod.ts | backend/migrations/0007_billing_core.sql | backend/migrations/0008_payment_orchestration.sql
PCA-ADD-BILL-024,PCA-BILL-2,YES,NO,NO,backend/test/db/checkoutRetryRecovery.mysql.test.mjs; backend/test/billing/sandboxProvider.test.mjs,,,,backend/src/billing/checkout/CheckoutService.ts; backend/src/billing/checkout/CheckoutService.ts | backend/src/billing/provider/sandboxProvider.ts
PCA-ADD-BILL-025,PCA-BILL-2,YES,NO,NO,backend/test/billing/sandboxProvider.test.mjs,,,,backend/src/billing/provider/secretResolver.ts
PCA-ADD-BILL-026,PCA-BILL-2,YES,NO,NO,backend/test/billing/loggingPrivacy.test.mjs,,,,backend/src/billing/webhook/WebhookService.ts; backend/src/billing/settlement/SettlementService.ts
PCA-ADD-BILL-027,PCA-BILL-2,YES,NO,NO,backend/test/billing/providerContract.test.mjs; backend/test/billing/providerRegistry.test.mjs; backend/test/billing/sandboxProvider.test.mjs,PAYMENT_PROVIDER_SELECTION; MERCHANT_ACCOUNT_APPROVAL,,PAYMENT_PROVIDER_SELECTION; MERCHANT_ACCOUNT_APPROVAL,backend/src/billing/providerContract.ts
PCA-ADD-BILL-028,PCA-BILL-2,YES,NO,NO,backend/test/billing/providerContract.test.mjs; backend/test/billing/providerRegistry.test.mjs,PAYMENT_PROVIDER_SELECTION; MERCHANT_ACCOUNT_APPROVAL,,PAYMENT_PROVIDER_SELECTION; MERCHANT_ACCOUNT_APPROVAL,backend/src/billing/providerContract.ts; backend/src/billing/providerRegistry.ts; backend/src/billing/providerContract.ts | backend/src/billing/provider/providerRegistry.ts
PCA-ADD-BILL-029,PCA-BILL-2,YES,NO,NO,backend/test/db/billingCoreProviderEventConcurrency.mysql.test.mjs,PAYMENT_PROVIDER_SELECTION; MERCHANT_ACCOUNT_APPROVAL,,PAYMENT_PROVIDER_SELECTION; MERCHANT_ACCOUNT_APPROVAL,backend/src/billing/providerEvent.ts
PCA-ADD-BILL-030,PCA-BILL-2,YES,NO,NO,backend/test/billing/sandboxProvider.test.mjs; backend/test/db/webhookService.mysql.test.mjs,,,,backend/src/billing/webhook/WebhookService.ts | backend/src/billing/provider/sandboxProvider.ts
PCA-ADD-BILL-031,PCA-BILL-2,YES,NO,NO,backend/test/db/billingCoreProviderEventConcurrency.mysql.test.mjs,,,,backend/src/billing/providerEvent.ts | backend/src/billing/webhook/WebhookService.ts
PCA-ADD-BILL-032,PCA-BILL-2,YES,NO,NO,backend/test/db/webhookService.mysql.test.mjs,,,,backend/src/billing/webhook/WebhookService.ts
PCA-ADD-BILL-033,PCA-BILL-2,YES,NO,NO,backend/test/db/webhookService.mysql.test.mjs,,,,backend/src/billing/webhook/WebhookService.ts
PCA-ADD-BILL-034,PCA-BILL-2,YES,NO,NO,backend/test/db/webhookService.mysql.test.mjs,,,,backend/src/billing/webhook/WebhookService.ts
PCA-ADD-BILL-035,PCA-BILL-2,YES,NO,NO,parent-web/tests/component/DeviceIncreaseRequest.test.tsx; parent-web/tests/accessibility/axe.test.tsx,,,,parent-web/src/pages/billing/CheckoutReturn.tsx; parent-web/src/pages/billing/CheckoutReturn.tsx | backend/src/billing/webhook/WebhookService.ts
PCA-ADD-BILL-036,PCA-BILL-3,YES,NO,NO,backend/test/db/settlement.mysql.test.mjs,SETTLEMENT_BANK_CONFIGURATION; SUPPORTED_SETTLEMENT_CURRENCIES,,SETTLEMENT_BANK_CONFIGURATION; SUPPORTED_SETTLEMENT_CURRENCIES,backend/migrations/0015_settlement_reconciliation.sql; backend/src/billing/settlement/types.ts
PCA-ADD-BILL-037,PCA-BILL-3,YES,NO,NO,backend/test/db/settlement.mysql.test.mjs; backend/test/billing/settlement.test.mjs,SETTLEMENT_BANK_CONFIGURATION; SUPPORTED_SETTLEMENT_CURRENCIES,,SETTLEMENT_BANK_CONFIGURATION; SUPPORTED_SETTLEMENT_CURRENCIES,backend/migrations/0015_settlement_reconciliation.sql; backend/src/billing/settlement/types.ts; backend/src/billing/settlement/SettlementService.ts
PCA-ADD-BILL-038,PCA-BILL-3,YES,NO,NO,backend/test/db/settlement.mysql.test.mjs; backend/test/billing/settlement.test.mjs,SETTLEMENT_BANK_CONFIGURATION; SUPPORTED_SETTLEMENT_CURRENCIES,,SETTLEMENT_BANK_CONFIGURATION; SUPPORTED_SETTLEMENT_CURRENCIES,backend/migrations/0015_settlement_reconciliation.sql; backend/src/billing/settlement/types.ts; backend/src/billing/settlement/SettlementService.ts; backend/src/platformadmin/settlement/PlatformAdminSettlementService.ts
PCA-ADD-BILL-039,PCA-MYKIDS-BILL-1,YES,NO,NO,backend/test/auth/fastifyAuthPlugin.test.mjs; parent-web/tests/unit/realBillingClient.test.ts; parent-web/tests/unit/realCommercialNotificationClient.test.ts; parent-web/tests/unit/apiClientFactory.test.ts,,,,backend/src/auth/fastifyAuthPlugin.ts; backend/src/http/routes/parentAccountRoutes.ts; parent-web/src/api/real/realBillingClient.ts; parent-web/src/api/real/realCommercialNotificationClient.ts
PCA-ADD-BILL-040,PCA-MYKIDS-BILL-1,YES,NO,NO,backend/test/familycommercial/familyCommercialRoutes.test.mjs,,,,backend/src/http/routes/familyCommercialRoutes.ts | backend/src/main.ts
PCA-ADD-BILL-041,PCA-PA-1,YES,NO,NO,"backend/test/billing/providerRegistry.test.mjs (unknown-provider failure, duplicate registration, empty production registry, and exact-name production activation kill-switch); backend/test/billing/sandboxProvider.test.mjs (sandbox-only construction and secret-reference isolation); backend/test/billing/providerRegistry.test.mjs; backend/test/billing/sandboxProvider.test.mjs",PAYMENT_PROVIDER_SELECTION; PAYMENT_PRODUCTION_CERTIFICATION,,PAYMENT_PROVIDER_SELECTION; PAYMENT_PRODUCTION_CERTIFICATION,backend/src/billing/provider/providerRegistry.ts | backend/src/billing/provider/secretResolver.ts; backend/src/billing/provider/providerRegistry.ts; backend/src/billing/provider/secretResolver.ts
PCA-ADD-BILL-043,PCA-BILL-1,YES,NO,NO,backend/test/db/billingCoreQuoteImmutability.mysql.test.mjs,,,,backend/src/billing/payment.ts | backend/src/billing/checkout/quoteBridge.ts
PCA-ADD-BILL-044,PCA-BILL-1,YES,NO,NO,backend/test/billing/rbac.test.mjs | backend/test/db/billingCore.mysql.test.mjs,,,,backend/src/billing/rbac.ts | backend/src/http/routes/platformadmin/priceBookRoutes.ts
PCA-ADD-BILL-045,PCA-BILL-1,YES,NO,NO,backend/test/db/billingCore.mysql.test.mjs,,,,backend/src/billing/market.ts
PCA-ADD-BILL-046,PCA-PA-2; PCA-BILL-2,YES,NO,NO,backend/test/db/platformEntitlementsCore.mysql.test.mjs,,,,backend/src/billing/webhook/WebhookService.ts | backend/src/entitlements/payment/PaymentConfirmationService.ts
PCA-ADD-BILL-047,PCA-PA-2; PCA-BILL-2,YES,NO,NO,,,,,backend/src/entitlements/EntitlementRepository.ts
PCA-ADD-COMP-001,PCA-COMPLIMENTARY-ENTITLEMENTS-1,YES,NO,NO,backend/test/db/complimentaryGrants.mysql.test.mjs; backend/test/entitlements/complimentaryGrantValidation.test.mjs,,,,backend/src/entitlements/complimentary/ComplimentaryEntitlementService.ts; backend/src/entitlements/complimentary/**
PCA-ADD-COMP-002,PCA-COMPLIMENTARY-ENTITLEMENTS-1,YES,NO,NO,backend/test/db/complimentaryGrants.mysql.test.mjs,,,,backend/migrations/0014_complimentary_entitlement_grants.sql
PCA-ADD-COMP-003,PCA-COMPLIMENTARY-ENTITLEMENTS-1,YES,NO,NO,backend/test/db/complimentaryGrants.mysql.test.mjs; backend/test/entitlements/complimentaryGrantValidation.test.mjs,,,,backend/src/entitlements/complimentary/types.ts
PCA-ADD-COMP-004,PCA-COMPLIMENTARY-ENTITLEMENTS-1,YES,NO,NO,backend/test/db/complimentaryGrants.mysql.test.mjs; backend/test/entitlements/complimentaryGrantValidation.test.mjs,,,,backend/src/entitlements/complimentary/types.ts
PCA-ADD-COMP-005,PCA-COMPLIMENTARY-ENTITLEMENTS-1,YES,NO,NO,backend/test/db/complimentaryGrants.mysql.test.mjs,,,,backend/src/entitlements/complimentary/MySqlComplimentaryGrantRepository.ts | backend/src/entitlements/complimentary/ComplimentaryEntitlementService.ts
PCA-ADD-COMP-006,PCA-COMPLIMENTARY-ENTITLEMENTS-1,YES,NO,NO,backend/test/db/complimentaryGrants.mysql.test.mjs,,,,backend/src/entitlements/complimentary/MySqlComplimentaryGrantRepository.ts
PCA-ADD-COMP-007,PCA-COMPLIMENTARY-ENTITLEMENTS-1,YES,NO,NO,backend/test/entitlements/complimentaryGrantValidation.test.mjs,,,,backend/src/entitlements/complimentary/types.ts
PCA-ADD-COMP-008,PCA-COMPLIMENTARY-ENTITLEMENTS-1,YES,NO,NO,backend/test/entitlements/complimentaryGrantValidation.test.mjs; backend/test/db/complimentaryGrants.mysql.test.mjs,,,,backend/src/entitlements/complimentary/types.ts; backend/src/platformadmin/complimentary/PlatformAdminComplimentaryGrantService.ts; backend/migrations/0014_complimentary_entitlement_grants.sql
PCA-ADD-COMP-009,PCA-COMPLIMENTARY-ENTITLEMENTS-1,YES,NO,NO,backend/test/db/complimentaryGrants.mysql.test.mjs; backend/test/entitlements/complimentaryGrantValidation.test.mjs,,,,backend/src/entitlements/complimentary/ComplimentaryEntitlementService.ts
PCA-ADD-COMP-010,PCA-COMPLIMENTARY-ENTITLEMENTS-1,YES,NO,NO,backend/test/db/complimentaryGrants.mysql.test.mjs,,,,backend/src/entitlements/complimentary/EffectiveEntitlementCapacity.ts; backend/src/entitlements/requests/ChangeRequestService.ts
PCA-ADD-COMP-011,PCA-COMPLIMENTARY-ENTITLEMENTS-1,YES,NO,NO,backend/test/db/complimentaryGrants.mysql.test.mjs,,,,backend/src/entitlements/complimentary/MySqlComplimentaryGrantRepository.ts
PCA-ADD-COMP-012,PCA-COMPLIMENTARY-ENTITLEMENTS-1,YES,NO,NO,backend/test/db/complimentaryGrants.mysql.test.mjs,,,,backend/src/entitlements/complimentary/MySqlComplimentaryGrantRepository.ts
PCA-ADD-COMP-013,PCA-COMPLIMENTARY-ENTITLEMENTS-1,YES,NO,NO,backend/test/db/complimentaryGrants.mysql.test.mjs; backend/test/platformadmin/complimentaryRbacPolicy.test.mjs; backend/test/platformadmin/complimentaryAuditTypes.test.mjs,,,,backend/src/http/routes/platformadmin/complimentaryGrantRoutes.ts
PCA-ADD-COMP-014,PCA-COMPLIMENTARY-ENTITLEMENTS-1,YES,NO,NO,backend/test/platformadmin/complimentaryRbacPolicy.test.mjs; backend/test/db/complimentaryGrants.mysql.test.mjs,,,,backend/src/platformadmin/auth/rbacPolicy.ts
PCA-ADD-COMP-015,PCA-COMPLIMENTARY-ENTITLEMENTS-1,YES,NO,NO,backend/test/db/complimentaryGrants.mysql.test.mjs,,,,backend/src/platformadmin/complimentary/PlatformAdminComplimentaryGrantService.ts
PCA-ADD-COMP-016,PCA-COMPLIMENTARY-ENTITLEMENTS-1,YES,NO,NO,backend/test/platformadmin/complimentaryAuditTypes.test.mjs,,,,backend/src/platformadmin/audit/types.ts
PCA-ADD-COMP-017,PCA-COMPLIMENTARY-ENTITLEMENTS-1,YES,NO,NO,,,,,platform-admin-web/src/pages/entitlements/ComplimentaryCapacity.tsx
PCA-ADD-COMP-018,PCA-COMPLIMENTARY-ENTITLEMENTS-1,YES,NO,NO,backend/test/db/complimentaryGrants.mysql.test.mjs,,,,backend/src/entitlements/complimentary/MyKidsComplimentaryReadModel.ts
PCA-ADD-COMP-019,PCA-COMPLIMENTARY-ENTITLEMENTS-1,YES,NO,NO,backend/test/db/complimentaryGrants.mysql.test.mjs,,,,backend/src/entitlements/complimentary/MyKidsComplimentaryReadModel.ts
PCA-ADD-COMP-020,PCA-COMPLIMENTARY-ENTITLEMENTS-1,YES,NO,NO,backend/test/security/checkNoAdTrackingSdks.test.mjs,,,,backend/src/http/routes/familyCommercialRoutes.ts; backend/src/entitlements/complimentary/MyKidsComplimentaryReadModel.ts
PCA-ADD-COMP-021,PCA-COMPLIMENTARY-ENTITLEMENTS-1,YES,NO,NO,backend/test/db/complimentaryGrants.mysql.test.mjs,,,,backend/test/db/complimentaryGrants.mysql.test.mjs
PCA-ADD-COMP-022,PCA-COMPLIMENTARY-ENTITLEMENTS-1,YES,NO,NO,backend/test/db/complimentaryGrants.mysql.test.mjs,,,,backend/src/entitlements/complimentary/MySqlComplimentaryGrantRepository.ts
PCA-ADD-COMP-023,PCA-COMPLIMENTARY-ENTITLEMENTS-1,YES,NO,NO,backend/test/db/complimentaryGrants.mysql.test.mjs,,,,backend/migrations/0014_complimentary_entitlement_grants.sql
PCA-ADD-COMP-024,PCA-COMPLIMENTARY-ENTITLEMENTS-1,YES,NO,NO,backend/test/db/complimentaryGrants.mysql.test.mjs,,,,backend/migrations/0014_complimentary_entitlement_grants.sql
PCA-ADD-COMP-025,PCA-COMPLIMENTARY-ENTITLEMENTS-1,YES,NO,NO,backend/test/db/complimentaryGrants.mysql.test.mjs,,,,backend/migrations/0014_complimentary_entitlement_grants.sql
PCA-ADD-ENR-001,PCA-10,YES,NO,NO,backend/test/invitation/enrollmentProfile.test.mjs; backend/test/db/http.mysql.test.mjs; android/app/src/test/java/org/pca/app/enrollment/EnrollmentProfileContractTest.kt,,,,parent-web/src/pages/family/DeviceEnrollmentPanel.tsx; backend/src/http/routes/invitationRoutes.ts; backend/src/invitation/InvitationService.ts; backend/migrations/0019_enrollment_profile_contract.sql
PCA-ADD-ENR-002,PCA-1; PCA-10,YES,NO,NO,parent-web/tests/component/DeviceEnrollmentPanel.test.tsx,,,,"backend/src/invitation/token.ts (generateInvitationToken, 256-bit CSPRNG) | parent-web/src/pages/family/InvitationQrCode.tsx (local QR rendering) | parent-web/src/pages/family/invitationFallbackCode.ts (SHA-256-derived 12-character display-only identifier) | parent-web/src/pages/family/DeviceEnrollmentPanel.tsx (one-time link, QR, raw token, and fallback reveal)"
PCA-ADD-ENR-003,PCA-1; PCA-10,YES,NO,NO,parent-web/tests/component/DeviceEnrollmentPanel.test.tsx,,,,backend/src/invitation/token.ts | parent-web/src/pages/family/invitationFallbackCode.ts | parent-web/src/pages/family/DeviceEnrollmentPanel.tsx | parent-web/src/i18n/locales/en.json | parent-web/src/i18n/locales/ar.json
PCA-ADD-ENR-004,PCA-1,YES,NO,NO,backend/test/invitation/token.test.mjs; backend/test/db/invitation.mysql.test.mjs,,,,"backend/src/invitation/token.ts; backend/src/invitation/token.ts (randomBytes(32), hashInvitationToken SHA-256) | backend/src/invitation/policy.ts (resolveInvitationTtlMs, computeExpiryInstant) | backend/src/invitation/InvitationService.ts (revokeInvitation, revokeInvitationForFamily) | backend/migrations/0001_mysql_baseline.sql (enrollment_invitations.token_hash UNIQUE, hash-only storage)"
PCA-ADD-ENR-005,PCA-1,YES,NO,NO,backend/test/invitation/service.test.mjs; backend/test/db/invitation.mysql.test.mjs,,,,backend/migrations/0016_invitation_lifecycle_states.sql | backend/src/invitation/types.ts | backend/src/invitation/InvitationService.ts | backend/src/invitation/MySqlInvitationRepository.ts
PCA-ADD-ENR-006,PCA-1,YES,NO,NO,backend/test/invitation/service.test.mjs; backend/test/db/invitation.mysql.test.mjs,,,,"backend/src/invitation/InvitationService.ts (loadRedeemable, applyForwardTransition, persistExpiryIfDue) | backend/src/invitation/InvitationRepository.ts"
PCA-ADD-ENR-007,PCA-10,YES,NO,NO,backend/test/invitation/service.test.mjs; parent-web/tests/component/DeviceEnrollmentPanel.test.tsx,,,,"backend/src/invitation/InvitationService.ts; backend/src/http/routes/invitationRoutes.ts; backend/src/invitation/InvitationService.ts (listInvitationsForFamily, getInvitationForFamily, revokeInvitationForFamily) | backend/src/http/routes/invitationRoutes.ts | parent-web/src/pages/family/DeviceEnrollmentPanel.tsx (status table + revoke button gated by PermissionGate action=REVOKE_DEVICE_INVITATION, no token shown in list view)"
PCA-ADD-ENR-008,PCA-1; PCA-2,PARTIAL,NO,NO,android/app/src/test/java/org/pca/app/enrollment/UriEnrollmentLinkParserTest.kt; android/app/src/test/java/org/pca/app/enrollment/EnrollmentCoordinatorTest.kt,ANDROID_APP_LINK_ASSETLINKS_HOSTING; ANDROID_PHYSICAL_INSTALL_CONTINUATION,Blocked by ANDROID_APP_LINK_ASSETLINKS_HOSTING; ANDROID_PHYSICAL_INSTALL_CONTINUATION,ANDROID_APP_LINK_ASSETLINKS_HOSTING; ANDROID_PHYSICAL_INSTALL_CONTINUATION,android/app/src/main/AndroidManifest.xml (https autoVerify App Link intent-filter); android/app/src/main/java/org/pca/app/enrollment/EnrollmentDeepLinkConfig.kt; android/app/src/main/java/org/pca/app/enrollment/EnrollmentLinkParser.kt; android/app/src/main/java/org/pca/app/enrollment/EnrollmentCoordinator.kt
PCA-ADD-ENR-009,PCA-2,YES,NO,NO,android/app/src/test/java/org/pca/app/platform/DevicePolicyCapabilityLifecycleTest.kt; android/app/src/test/java/org/pca/app/platform/ProtectedModeProvisioningGateTest.kt; android/app/src/test/java/org/pca/app/platform/DevicePolicyProtectionCapabilitiesTest.kt,PENDING_OWNER_DECISION,,PENDING_OWNER_DECISION,android/app/src/main/java/org/pca/app/platform/DevicePolicyCapabilitySource.kt; android/app/src/main/java/org/pca/app/platform/StandardDevicePolicyCapabilitySource.kt; android/app/src/main/java/org/pca/app/platform/ProtectedModeProvisioningGate.kt
PCA-ADD-ENR-010,PCA-15,YES,NO,NO,ios/PCATests/EnrollmentProfileTests.swift; android/app/src/test/java/org/pca/app/enrollment/EnrollmentProfileContractTest.kt,IOS_FAMILY_CONTROLS_ENTITLEMENT; IOS_MAC_XCODE; IOS_PHYSICAL_DEVICE,,IOS_FAMILY_CONTROLS_ENTITLEMENT; IOS_MAC_XCODE; IOS_PHYSICAL_DEVICE,ios/PCA/Enrollment/ChildEnrollmentCoordinator.swift; ios/PCATests/EnrollmentProfileTests.swift; android/app/src/main/java/org/pca/app/enrollment/EnrollmentProfile.kt; android/app/src/test/java/org/pca/app/enrollment/EnrollmentProfileContractTest.kt
PCA-ADD-ENR-011,PCA-10; PCA-16,YES,NO,NO,android/app/src/test/java/org/pca/app/runtime/ui/ChildHomeDisclosureStaticTest.kt; android/app/src/test/java/org/pca/app/i18n/NoHardcodedUiStringsTest.kt,,,,android/app/src/main/java/org/pca/app/MainActivity.kt; android/app/src/main/java/org/pca/app/runtime/ui/ChildHomeScreen.kt; android/app/src/main/res/values/runtime_strings.xml; android/app/src/main/res/values-ar/runtime_strings.xml
PCA-ADD-ENR-012,PCA-10; PCA-13,YES,NO,NO,backend/test/enrollment/AdministrationPinService.test.mjs; backend/test/enrollment/AdministrationPersistenceSchema.test.mjs; backend/test/familyrbac/removalDecisionRoutes.wiring.test.mjs,,,,backend/src/enrollment/AdministrationPinService.ts; backend/src/enrollment/MySqlAdministrationPinRepository.ts; backend/migrations/0022_enrollment_administration_persistence.sql; backend/src/http/routes/removalDecisionRoutes.ts
PCA-ADD-ENR-013,PCA-10; PCA-11; PCA-13,YES,NO,NO,android/app/src/test/java/org/pca/app/security/ThrottledAdminPinVerifierTest.kt,CRYPTO_SECURITY_REVIEW,,CRYPTO_SECURITY_REVIEW,android/app/src/main/java/org/pca/app/security/Pbkdf2AdminPinVerifier.kt; android/app/src/main/java/org/pca/app/security/PinAttemptThrottle.kt; android/app/src/main/java/org/pca/app/security/ThrottledAdminPinVerifier.kt; android/app/src/main/java/org/pca/app/security/ui/AdminPinScreen.kt
PCA-ADD-ENR-014,PCA-13,YES,NO,NO,android/app/src/test/java/org/pca/app/security/Pbkdf2AdminPinVerifierTest.kt; android/app/src/test/java/org/pca/app/security/PinAttemptThrottleTest.kt; android/app/src/test/java/org/pca/app/security/ThrottledAdminPinVerifierTest.kt; android/app/src/test/java/org/pca/app/security/PersistentPinThrottleStateStoreTest.kt,,,,android/app/src/main/java/org/pca/app/security/Pbkdf2AdminPinVerifier.kt; android/app/src/main/java/org/pca/app/security/PinAttemptThrottle.kt; android/app/src/main/java/org/pca/app/security/ThrottledAdminPinVerifier.kt; android/app/src/main/java/org/pca/app/security/ui/AdminPinScreen.kt
PCA-ADD-ENR-015,PCA-13; PCA-17,YES,NO,NO,android/app/src/test/java/org/pca/app/security/Pbkdf2AdminPinVerifierTest.kt,,,,"android/app/src/main/java/org/pca/app/security/Pbkdf2AdminPinVerifier.kt (stores only a salted hash, never the raw PIN)"
PCA-ADD-ENR-016,PCA-10; PCA-11; PCA-13,YES,NO,NO,backend/test/familyrbac/RemovalDecisionAuthority.test.mjs; backend/test/enrollment/AdministrationPersistenceSchema.test.mjs; backend/test/familyrbac/removalDecisionRoutes.wiring.test.mjs; backend/test/http/buildServer.removalDecisionAndSafeZoneWiring.test.mjs,,,,backend/src/familyrbac/RemovalDecisionAuthority.ts; backend/src/familyrbac/MySqlRemovalDecisionRepository.ts; backend/migrations/0023_removal_decision_authority_persistence.sql; backend/src/http/routes/removalDecisionRoutes.ts
PCA-ADD-ENR-017,PCA-10; PCA-11,YES,NO,NO,backend/test/familyrbac/RemovalDecisionAuthority.test.mjs; backend/test/enrollment/AdministrationPersistenceSchema.test.mjs; backend/test/familyrbac/removalDecisionRoutes.wiring.test.mjs,,,,backend/src/familyrbac/RemovalDecisionAuthority.ts; backend/src/familyrbac/MySqlRemovalDecisionRepository.ts; backend/migrations/0023_removal_decision_authority_persistence.sql; backend/src/http/routes/removalDecisionRoutes.ts
PCA-ADD-ENR-018,PCA-11; PCA-13,YES,NO,NO,backend/test/familyrbac/RemovalDecisionAuthority.test.mjs,CRYPTO_SECURITY_REVIEW,,CRYPTO_SECURITY_REVIEW,backend/src/familyrbac/RemovalDecisionAuthority.ts; backend/src/familyrbac/MySqlRemovalDecisionRepository.ts; backend/migrations/0023_removal_decision_authority_persistence.sql; backend/src/http/routes/removalDecisionRoutes.ts
PCA-ADD-ENR-019,PCA-2; PCA-10; PCA-13; PCA-15,YES,NO,NO,,PRODUCTION_CRYPTO_SUITE,,PRODUCTION_CRYPTO_SUITE,android/app/src/main/java/org/pca/app/platform/PlatformProtectionCapabilities.kt; android/app/src/main/java/org/pca/app/runtime/PcaRuntime.kt; android/app/src/main/java/org/pca/app/runtime/ui/ChildHomeScreen.kt; parent-web/src/domain/types.ts
PCA-ADD-ENR-020,PCA-11; PCA-13,YES,NO,NO,backend/test/alerts/ProtectionAlert.test.mjs; backend/test/alerts/ProtectionAlertProducer.test.mjs; backend/test/alerts/RejectingOpaqueProtectionAlertComposer.test.mjs; backend/test/db/protectionAlerts.mysql.test.mjs; backend/test/familyrbac/RemovalDecisionAuthority.test.mjs; backend/test/invitation/service.test.mjs; backend/test/runtime-sync/http/runtimeSyncRoutes.test.mjs; ios/PCATests/AlertProtectionTests.swift,PRODUCTION_CRYPTO_SUITE,,PRODUCTION_CRYPTO_SUITE,backend/src/alerts/types.ts; backend/src/alerts/policy.ts; backend/src/alerts/ProtectionAlertGenerator.ts; backend/src/alerts/ProtectionAlertLedger.ts
PCA-ADD-ENR-021,PCA-10; PCA-13; PCA-15,YES,NO,NO,android/app/src/test/java/org/pca/app/runtime/schedule/EmergencyAccessFloorTest.kt,OEM_DEVICE_DIVERSITY_VALIDATION,,OEM_DEVICE_DIVERSITY_VALIDATION,android/app/src/main/java/org/pca/app/runtime/schedule/EmergencyAccessFloor.kt; android/app/src/main/java/org/pca/app/runtime/schedule/AndroidCommunicationSurfaceResolver.kt; android/app/src/main/java/org/pca/app/runtime/schedule/ScheduleRuntime.kt; android/app/src/main/java/org/pca/app/runtime/schedule/ScheduleEnforcementConsumer.kt
PCA-ADD-ENR-022,PCA-1; PCA-11,YES,NO,NO,backend/test/db/schema-privacy.mysql.test.mjs,,,,"backend/migrations/0001_mysql_baseline.sql (enrollment_invitations stores only token_hash/platform/requested_protection_mode/status/timestamps) | backend/test/db/schema-privacy.mysql.test.mjs (schema-wide regression guard against prohibited plaintext column/table names, plus key-column allowlist)"
PCA-ADD-ENR-023,PCA-1,YES,NO,NO,backend/test/invitation/service.test.mjs; backend/test/db/invitation.mysql.test.mjs,,,,backend/src/invitation/MySqlInvitationRepository.ts | backend/migrations/0016_invitation_lifecycle_states.sql | backend/src/invitation/InvitationService.ts | backend/src/invitation/InvitationRepository.ts
PCA-ADD-ENR-024,PCA-1; PCA-11; PCA-13,YES,NO,NO,backend/test/db/authz.mysql.test.mjs; backend/test/familyrbac/RemovalDecisionAuthority.test.mjs; backend/test/familyrbac/removalDecisionRoutes.wiring.test.mjs; backend/test/invitation/service.test.mjs; backend/test/db/authz.mysql.test.mjs,PRODUCTION_CRYPTO_SUITE,,PRODUCTION_CRYPTO_SUITE,backend/src/invitation/InvitationService.ts (loadRedeemable/findByToken reject with fixed generic InvitationError codes) | backend/test/db/authz.mysql.test.mjs:59 (wrong-family IDOR check against real MySQL); backend/src/familyrbac/RemovalDecisionAuthority.ts; backend/src/familyrbac/UnavailableRemovalDecisionSigningKeyResolver.ts; backend/src/http/routes/removalDecisionRoutes.ts
PCA-ADD-ENR-025,PCA-1; PCA-2; PCA-10; PCA-11; PCA-13; PCA-15,YES,NO,NO,android/app/src/test/java/org/pca/app/persistence/RetentionEngineTest.kt; android/app/src/test/java/org/pca/app/persistence/DeleteNowCoordinatorTest.kt; android/app/src/test/java/org/pca/app/feature/settings/data/DeleteNowUseCaseTest.kt; backend/test/retention/**; backend/test/export/pipeline.test.mjs; backend/test/familyrbac/RemovalDecisionAuthority.test.mjs; backend/test/db/protectionAlerts.mysql.test.mjs,PRODUCTION_CRYPTO_SUITE,,PRODUCTION_CRYPTO_SUITE,android/app/src/main/java/org/pca/app/persistence/retention/RetentionEngine.kt; android/app/src/main/java/org/pca/app/persistence/retention/DeleteNowCoordinator.kt; android/app/src/main/java/org/pca/app/persistence/export/LocalRoomFamilyExportDataSource.kt; backend/src/retention/**
PCA-ADD-IDENT-001,PCA-AUTH-SESSION-1,YES,NO,NO,backend/test/parentaccount/service.test.mjs; backend/test/db/parentAccount.mysql.test.mjs; backend/test/parentaccount/routes.test.mjs,,,,backend/src/parentaccount/ParentAccountService.ts; backend/src/parentaccount/**
PCA-ADD-IDENT-002,PCA-AUTH-SESSION-1,YES,NO,NO,backend/test/parentaccount/service.test.mjs,,,,backend/src/parentaccount/ParentAccountService.ts
PCA-ADD-IDENT-003,PCA-AUTH-SESSION-1,YES,NO,NO,backend/test/db/parentAccount.mysql.test.mjs; backend/test/parentaccount/service.test.mjs,,,,backend/src/parentaccount/emailHash.ts
PCA-ADD-IDENT-004,PCA-AUTH-SESSION-1,YES,NO,NO,backend/test/parentaccount/routes.test.mjs,,,,backend/src/parentaccount/ParentAccountService.ts | backend/src/http/routes/parentAccountRoutes.ts
PCA-ADD-IDENT-005,PCA-AUTH-SESSION-1,YES,NO,NO,backend/test/parentaccount/service.test.mjs,PRODUCTION_EMAIL_DELIVERY; PRODUCTION_EMAIL_CREDENTIAL_ROTATION,,PRODUCTION_EMAIL_DELIVERY; PRODUCTION_EMAIL_CREDENTIAL_ROTATION,backend/src/parentaccount/verificationCode.ts | backend/src/parentaccount/TestSandboxEmailSender.ts
PCA-ADD-IDENT-006,PCA-AUTH-SESSION-1,YES,NO,NO,backend/test/parentaccount/service.test.mjs,,,,backend/src/parentaccount/ParentAccountService.ts
PCA-ADD-IDENT-007,PCA-AUTH-SESSION-1,YES,NO,NO,backend/test/parentaccount/routes.test.mjs,,,,backend/src/parentaccount/rateLimiter.ts | backend/src/parentaccount/policy.ts
PCA-ADD-IDENT-008,PCA-AUTH-SESSION-1,YES,NO,NO,backend/test/db/parentAccount.mysql.test.mjs,,,,backend/src/parentaccount/ParentAccountService.ts
PCA-ADD-IDENT-009,PCA-AUTH-SESSION-1,YES,NO,NO,backend/test/parentaccount/e2e.registrationToOwnerMutation.test.mjs; backend/test/parentaccount/e2e.registrationToOwnerMutation.test.mjs,PRODUCTION_CRYPTO_SUITE,,PRODUCTION_CRYPTO_SUITE,backend/src/parentaccount/genesisDeviceSigner.ts | backend/src/parentaccount/ParentAccountService.ts; backend/src/parentaccount/genesisDeviceSigner.ts; backend/src/parentaccount/ParentAccountService.ts; backend/src/familycommercial/authority/GenesisAnchorStore.ts
PCA-ADD-IDENT-010,PCA-AUTH-SESSION-1,YES,NO,NO,backend/test/parentaccount/service.test.mjs; backend/test/parentaccount/e2e.registrationToOwnerMutation.test.mjs,,,,backend/src/parentaccount/genesisDeviceSigner.ts
PCA-ADD-IDENT-011,PCA-AUTH-SESSION-1,YES,NO,NO,,,,,
PCA-ADD-IDENT-012,PCA-AUTH-SESSION-1,YES,NO,NO,backend/test/parentaccount/routes.test.mjs,,,,backend/src/parentaccount/cookies.ts | backend/src/http/routes/parentAccountRoutes.ts
PCA-ADD-IDENT-013,PCA-AUTH-SESSION-1,YES,NO,NO,backend/test/parentaccount/service.test.mjs,,,,backend/src/parentaccount/ParentAccountService.ts
PCA-ADD-IDENT-014,PCA-AUTH-SESSION-1,YES,NO,NO,backend/test/parentaccount/routes.test.mjs,,,,backend/src/parentaccount/ParentAccountService.ts
PCA-ADD-IDENT-015,PCA-AUTH-SESSION-1,YES,NO,NO,backend/test/db/parentAccount.mysql.test.mjs,,,,backend/src/parentaccount/ParentAccountRepository.ts
PCA-ADD-IDENT-016,PCA-AUTH-SESSION-1,YES,NO,NO,backend/test/parentaccount/service.test.mjs; backend/test/parentaccount/e2e.registrationToOwnerMutation.test.mjs,,,,backend/src/parentaccount/genesisDeviceSigner.ts
PCA-ADD-IDENT-017,PCA-AUTH-SESSION-1,YES,NO,NO,backend/test/db/freeAccessEnforcement.mysql.test.mjs,,,,backend/src/parentaccount/policy.ts
PCA-ADD-IDENT-018,PCA-AUTH-SESSION-1,YES,NO,NO,backend/test/parentaccount/service.test.mjs; backend/test/db/parentAccount.mysql.test.mjs,,,,backend/src/parentaccount/ParentAccountService.ts; backend/src/parentaccount/ParentAccountService.ts | backend/src/parentaccount/types.ts
PCA-ADD-IDENT-019,PCA-AUTH-SESSION-1,YES,NO,NO,backend/test/parentaccount/freeaccess/FreeAccessAdminService.test.mjs,,,,backend/src/parentaccount/freeaccess/FreeAccessAdminService.ts; backend/src/parentaccount/freeaccess/adjustment.ts; backend/src/http/routes/platformadmin/freeAccessAdminRoutes.ts
PCA-ADD-IDENT-020,PCA-AUTH-SESSION-1,YES,NO,NO,parent-web/tests/component/FreeAccessReminderBannerView.test.tsx; parent-web/tests/component/FreeAccessReminderBanner.test.tsx; parent-web/tests/unit/freeAccessDismissal.test.ts,,,,parent-web/src/components/freeaccess/FreeAccessReminderBannerView.tsx; parent-web/src/components/freeaccess/FreeAccessReminderBanner.tsx; parent-web/src/components/freeaccess/freeAccessDismissal.ts
PCA-ADD-IDENT-021,PCA-AUTH-SESSION-1,YES,NO,NO,backend/test/parentaccount/freeaccess/FreeAccessAcquisitionPolicy.test.mjs; backend/test/entitlements/FreeAccessAcquisitionCallSites.test.mjs,,,,backend/src/parentaccount/freeaccess/FreeAccessAcquisitionPolicy.ts; backend/src/parentaccount/freeaccess/MySqlFreeAccessAccountRepository.ts; backend/src/entitlements/slots/SlotReservationService.ts; backend/src/entitlements/requests/ChangeRequestService.ts
PCA-ADD-IDENT-022,PCA-AUTH-SESSION-1,YES,NO,NO,backend/test/parentaccount/freeaccess/FreeAccessAcquisitionPolicy.test.mjs; backend/test/entitlements/FreeAccessAcquisitionCallSites.test.mjs,,,,backend/src/parentaccount/freeaccess/FreeAccessAcquisitionPolicy.ts; backend/src/parentaccount/freeaccess/types.ts
PCA-ADD-IDENT-023,PCA-AUTH-SESSION-1,YES,NO,NO,backend/test/db/freeAccessEnforcement.mysql.test.mjs,,,,backend/src/parentaccount/policy.ts
PCA-ADD-IDENT-024,PCA-AUTH-SESSION-1,YES,NO,NO,backend/test/db/freeAccessEnforcement.mysql.test.mjs,,,,backend/src/parentaccount/policy.ts
PCA-ADD-PA-001,PCA-PA-1,YES,NO,NO,backend/test/platformadmin/crossRealm.test.mjs,,,,backend/src/platformadmin/** | backend/migrations/0005_platform_admin_identity_rbac_audit.sql | backend/src/http/routes/platformAdminAuthRoutes.ts
PCA-ADD-PA-002,PCA-PA-1,YES,NO,NO,backend/test/platformadmin/crossRealm.test.mjs,,,,backend/src/platformadmin/auth/token.ts | backend/src/platformadmin/auth/fastifyPlatformAdminAuthPlugin.ts
PCA-ADD-PA-003,PCA-PA-1,YES,NO,NO,backend/test/platformadmin/crossRealm.test.mjs,,,,backend/src/http/routes/platformAdminAuthRoutes.ts
PCA-ADD-PA-004,PCA-PA-1,YES,NO,NO,backend/test/platformadmin/authService.test.mjs; backend/test/platformadmin/accountService.test.mjs; backend/test/db/platformadmin.mysql.test.mjs,,,,backend/src/platformadmin/auth/PlatformAdminAuthService.ts; backend/src/platformadmin/**
PCA-ADD-PA-005,PCA-PA-1,YES,NO,NO,backend/test/platformadmin/operational/schemaPrivacyScan.test.mjs,,,,backend/migrations/0005_platform_admin_identity_rbac_audit.sql
PCA-ADD-PA-006,PCA-PA-1,YES,NO,NO,tooling/release/ValidateCanonicalTrustBoundary.mjs,,,,docs/implementation/addenda/PCA_ADDENDUM_002_PLATFORM_ADMINISTRATION_BILLING.md; tooling/release/ValidateCanonicalTrustBoundary.mjs; tooling/release/Invoke-ReleaseGateCheck.ps1
PCA-ADD-PA-007,PCA-PA-1,YES,NO,NO,backend/test/platformadmin/accountService.test.mjs,,,,backend/src/http/routes/platformadmin/adminUserRoutes.ts
PCA-ADD-PA-008,PCA-PA-1,YES,NO,NO,backend/test/platformadmin/rbacPolicy.test.mjs,,,,backend/src/platformadmin/auth/rbacPolicy.ts
PCA-ADD-PA-009,PCA-PA-1,YES,NO,NO,backend/test/platformadmin/operational/schemaPrivacyScan.test.mjs,,,,backend/migrations/0005_platform_admin_identity_rbac_audit.sql
PCA-ADD-PA-010,PCA-PA-1,YES,NO,NO,backend/test/platformadmin/crossRealm.test.mjs,,,,backend/src/platformadmin/auth/fastifyPlatformAdminAuthPlugin.ts
PCA-ADD-PA-011,PCA-PA-1,YES,NO,NO,backend/test/platformadmin/rbacPolicy.test.mjs; backend/test/db/platformAdminAuditPrivileges.mysql.test.mjs,,,,backend/src/platformadmin/auth/rbacPolicy.ts; backend/src/platformadmin/**
PCA-ADD-PA-012,PCA-PA-1,YES,NO,NO,backend/test/platformadmin/accountService.test.mjs; backend/test/platformadmin/token.test.mjs; backend/test/platformadmin/crossRealm.test.mjs; backend/test/platformadmin/rbacPolicy.test.mjs; backend/test/platformadmin/authService.test.mjs; backend/test/platformadmin/totp.test.mjs; backend/test/platformadmin/auditTypes.test.mjs,,,,backend/src/platformadmin/auth/PlatformAdminAccountService.ts; backend/src/platformadmin/auth/token.ts; backend/src/platformadmin/auth/rbacPolicy.ts; backend/src/platformadmin/auth/PlatformAdminAuthService.ts
PCA-ADD-PA-013,PCA-PA-1,YES,NO,NO,backend/test/platformadmin/accountService.test.mjs,,,,backend/migrations/0005_platform_admin_identity_rbac_audit.sql
PCA-ADD-PA-014,PCA-PA-1,YES,NO,NO,backend/test/platformadmin/token.test.mjs; backend/test/platformadmin/crossRealm.test.mjs,,,,backend/src/platformadmin/auth/token.ts
PCA-ADD-PA-015,PCA-PA-1,YES,NO,NO,backend/test/platformadmin/rbacPolicy.test.mjs,,,,backend/src/platformadmin/auth/rbacPolicy.ts
PCA-ADD-PA-016,PCA-PA-1,YES,NO,NO,backend/test/platformadmin/authService.test.mjs; backend/test/platformadmin/totp.test.mjs,,,,backend/src/platformadmin/auth/PlatformAdminAuthService.ts
PCA-ADD-PA-017,PCA-PA-1,YES,NO,NO,"backend/test/db/parentAccount.mysql.test.mjs (real MySQL E2E: suspend blocks login, reactivate restores it); backend/test/parentaccount/service.test.mjs",,,,backend/src/parentaccount/ParentAccountService.ts login() (Writer73); backend/src/platformadmin/accounts/FamilyAccountStatusService.ts
PCA-ADD-PA-018,PCA-PA-1,YES,NO,NO,backend/test/platformadmin/auditTypes.test.mjs,,,,backend/migrations/0005_platform_admin_identity_rbac_audit.sql
PCA-ADD-PA-019,PCA-PA-1,YES,NO,NO,backend/test/platformadmin/authService.test.mjs; backend/test/platformadmin/accountService.test.mjs,,,,backend/src/platformadmin/auth/PlatformAdminAccountService.ts
PCA-ADD-PA-020,PCA-PA-1,YES,NO,NO,backend/test/platformadmin/authService.test.mjs; backend/test/db/platformAdminAlerts.mysql.test.mjs; backend/test/schema-privacy.test.mjs,PLATFORM_ADMIN_ALERT_DELIVERY,,PLATFORM_ADMIN_ALERT_DELIVERY,backend/src/platformadmin/auth/PlatformAdminAuthService.ts; backend/src/platformadmin/auth/MySqlPlatformAdminAlertAdapter.ts; backend/migrations/0021_platform_admin_security_alerts.sql; backend/src/main.ts
PCA-ADD-PA-021,PCA-PA-2,YES,NO,NO,backend/test/db/platformEntitlementsCore.mysql.test.mjs,,,,backend/migrations/0006_platform_entitlements_enrollment_limits.sql | backend/src/entitlements/EntitlementService.ts
PCA-ADD-PA-022,PCA-PA-2,YES,NO,NO,backend/test/db/platformEntitlementsSlots.mysql.test.mjs,,,,backend/src/entitlements/slots/SlotReservationService.ts | backend/src/entitlements/slots/MySqlSlotReservationRepository.ts
PCA-ADD-PA-023,PCA-PA-2,YES,NO,NO,backend/test/db/platformEntitlementsCore.mysql.test.mjs,,,,backend/src/entitlements/MySqlEntitlementRepository.ts
PCA-ADD-PA-024,PCA-PA-2,YES,NO,NO,backend/test/db/platformEntitlementsCore.mysql.test.mjs,,,,backend/migrations/0006_platform_entitlements_enrollment_limits.sql | backend/src/platformadmin/entitlements/PlatformAdminEntitlementService.ts
PCA-ADD-PA-025,PCA-PA-2,YES,NO,NO,backend/test/db/platformEntitlementsCore.mysql.test.mjs,,,,backend/migrations/0006_platform_entitlements_enrollment_limits.sql
PCA-ADD-PA-026,PCA-PA-2,YES,NO,NO,backend/test/db/platformEntitlementsCore.mysql.test.mjs,,,,backend/src/platformadmin/entitlements/PlatformAdminEntitlementService.ts
PCA-ADD-PA-027,PCA-PA-2,YES,NO,NO,backend/test/db/platformEntitlementsSlots.mysql.test.mjs; backend/test/db/platformEntitlementsSlots.mysql.test.mjs; backend/test/invitation/service.test.mjs,,,,backend/src/entitlements/slots/MySqlSlotReservationRepository.ts; backend/src/entitlements/slots/SlotReservationService.ts; backend/src/entitlements/slots/MySqlSlotReservationRepository.ts; backend/src/invitation/InvitationService.ts
PCA-ADD-PA-028,PCA-PA-2,YES,NO,NO,backend/test/db/platformEntitlementsSlots.mysql.test.mjs,,,,backend/migrations/0006_platform_entitlements_enrollment_limits.sql
PCA-ADD-PA-029,PCA-PA-2,YES,NO,NO,backend/test/familycommercial/familyCommercialService.test.mjs; backend/test/db/familyCommercialIntegration.mysql.test.mjs,,,,backend/src/familycommercial/FamilyCommercialService.ts; backend/src/entitlements/types.ts | backend/src/familycommercial/FamilyCommercialService.ts
PCA-ADD-PA-030,PCA-PA-2,YES,NO,NO,backend/test/db/platformEntitlementsCore.mysql.test.mjs,,,,backend/migrations/0006_platform_entitlements_enrollment_limits.sql | backend/src/entitlements/requests/ChangeRequestService.ts
PCA-ADD-PA-031,PCA-PA-2,YES,NO,NO,backend/test/db/platformEntitlementsCore.mysql.test.mjs; backend/test/db/platformEntitlementsSlots.mysql.test.mjs,,,,backend/migrations/0006_platform_entitlements_enrollment_limits.sql
PCA-ADD-PA-032,PCA-PA-2,YES,NO,NO,backend/test/db/platformEntitlementsCore.mysql.test.mjs,,,,backend/src/entitlements/requests/ChangeRequestService.ts
PCA-ADD-PA-033,PCA-PA-2,YES,NO,NO,backend/test/db/platformEntitlementsCore.mysql.test.mjs,,,,backend/src/entitlements/requests/ChangeRequestService.ts
PCA-ADD-PA-034,PCA-PA-2,YES,NO,NO,backend/test/db/platformEntitlementsCore.mysql.test.mjs,,,,backend/src/entitlements/EntitlementRepository.ts
PCA-ADD-PA-035,PCA-PA-2,YES,NO,NO,backend/test/db/platformEntitlementsCore.mysql.test.mjs,,,,backend/migrations/0006_platform_entitlements_enrollment_limits.sql
PCA-ADD-PA-036,PCA-PA-2; PCA-BILL-2,YES,NO,NO,backend/test/enrollment/slotConsumption.test.mjs; backend/test/db/platformEntitlementsSlots.mysql.test.mjs; backend/test/db/enrollment.mysql.test.mjs,,,,backend/src/entitlements/slots/SlotReservationService.ts; backend/src/enrollment/EnrollmentCoordinator.ts; backend/src/main.ts
PCA-ADD-PA-037,PCA-PA-2; PCA-BILL-2,YES,NO,NO,backend/test/db/platformEntitlementsSlots.mysql.test.mjs,,,,backend/src/entitlements/slots/MySqlSlotReservationRepository.ts
PCA-ADD-PA-038,PCA-PA-2; PCA-BILL-2,YES,NO,NO,backend/test/db/platformEntitlementsSlots.mysql.test.mjs,,,,backend/src/entitlements/slots/MySqlSlotReservationRepository.ts
PCA-ADD-PA-039,PCA-PA-2; PCA-BILL-2,YES,NO,NO,backend/test/db/platformEntitlementsSlots.mysql.test.mjs,,,,backend/src/entitlements/slots/MySqlSlotReservationRepository.ts
PCA-ADD-PA-040,PCA-PA-2; PCA-BILL-2,YES,NO,NO,backend/test/db/platformEntitlementsSlots.mysql.test.mjs,,,,backend/migrations/0006_platform_entitlements_enrollment_limits.sql
PCA-ADD-PA-041,PCA-PA-4,YES,NO,NO,backend/test/db/dashboardSettlementMetrics.mysql.test.mjs; backend/test/platformadmin/operational/httpAuthzBoundary.test.mjs,OBSERVABILITY_PIPELINE,,OBSERVABILITY_PIPELINE,backend/src/platformadmin/readmodels/DashboardReadModel.ts; backend/src/http/routes/platformadmin/dashboardRoutes.ts
PCA-ADD-PA-042,PCA-PA-4,YES,NO,NO,backend/test/db/dashboardSettlementMetrics.mysql.test.mjs; backend/test/db/familyAccountStatus.mysql.test.mjs,,,,backend/src/platformadmin/readmodels/DashboardReadModel.ts
PCA-ADD-PA-043,PCA-PA-3,YES,NO,NO,backend/test/db/platformAdminSettingsCategories.mysql.test.mjs; backend/test/db/settlement.mysql.test.mjs; backend/test/db/billingCore.mysql.test.mjs; backend/test/billing/currency.test.mjs; backend/test/billing/market.test.mjs,,,,backend/src/http/routes/platformadmin/settingsRoutes.ts; backend/src/platformadmin/settings/PlatformAdminSettingsService.ts; backend/src/platformadmin/settings/PlatformAdminSettingsRepository.ts; backend/src/platformadmin/settlement/PlatformAdminSettlementService.ts
PCA-ADD-PA-044,PCA-PA-3,YES,NO,NO,backend/test/db/settlement.mysql.test.mjs,,,,backend/src/http/routes/platformadmin/settlementRoutes.ts; backend/src/platformadmin/settlement/PlatformAdminSettlementService.ts
PCA-ADD-PA-045,PCA-PA-1,YES,NO,NO,backend/test/platformadmin/auditTypes.test.mjs; backend/test/db/platformAdminAuditPrivileges.mysql.test.mjs,,,,backend/src/platformadmin/audit/types.ts
PCA-ADD-PA-046,PCA-PA-1,YES,NO,NO,backend/test/platformadmin/operational/schemaPrivacyScan.test.mjs; backend/test/platformadmin/auditTypes.test.mjs,,,,backend/src/platformadmin/audit/types.ts; backend/src/platformadmin/audit/MySqlPlatformAdminAuditRepository.ts
PCA-ADD-PA-047,PCA-MYKIDS-BILL-1,YES,NO,NO,backend/test/auth/fastifyAuthPlugin.test.mjs; parent-web/tests/unit/realBillingClient.test.ts,,,,backend/src/auth/fastifyAuthPlugin.ts; backend/src/http/routes/familyCommercialRoutes.ts; parent-web/src/api/real/realBillingClient.ts; parent-web/src/api/client.ts
PCA-ADD-PA-048,PCA-PA-1,YES,NO,NO,tooling/release/ValidateR3EvidenceDiscipline.mjs; tooling/release/ValidateExternalGateParity.mjs,,,,tooling/release/ValidateR3EvidenceDiscipline.mjs; tooling/release/ValidateExternalGateParity.mjs; tooling/release/Invoke-ReleaseGateCheck.ps1
PCA-ADD-PA-049,PCA-PA-2,YES,NO,NO,backend/test/db/platformEntitlementsCore.mysql.test.mjs,,,,backend/src/entitlements/payment/PaymentConfirmationPort.ts
PCA-ADD-PA-050,PCA-PA-2,YES,NO,NO,backend/test/db/platformEntitlementsCore.mysql.test.mjs,,,,backend/src/entitlements/requests/ChangeRequestService.ts
PCA-ADD-PA-054,PCA-PA-2,YES,NO,NO,backend/test/db/platformEntitlementsCore.mysql.test.mjs,,,,backend/migrations/0006_platform_entitlements_enrollment_limits.sql | backend/src/entitlements/requests/ChangeRequestService.ts
PCA-AI-001,PCA-14,PARTIAL,NO,NO,"ios/PCATests/ClassifierRuntimeBoundaryTests.swift (FakeClassifierRuntime conformance; tests for .modelUnavailable, .killSwitchEngaged, .modelSchemaNotWired thrown-error paths, and the .available success path) -- real, non-trivial test coverage added this round where none existed before",CLOUD_AI_OWNER_DECISION,Blocked by CLOUD_AI_OWNER_DECISION,CLOUD_AI_OWNER_DECISION,"ios/PCA/AI/ClassifierRuntimeBoundary.swift (ClassifierRuntime protocol; CoreMLClassifierRuntime.classify(inputDigest:) now `throws ClassifierRuntimeError` instead of the prior round's fatalError -- ClassifierRuntimeError.modelSchemaNotWired carries a real, honest error description at line ~62 rather than crashing the process)"
PCA-AND-001,PCA-2,YES,NO,NO,android/app/src/test/java/org/pca/app/platform/,,,,android/app/src/main/java/org/pca/app/platform/StandardDevicePolicyCapabilitySource.kt:17-18 (dpm.isDeviceOwnerApp/isProfileOwnerApp queried live not cached)
PCA-AND-002,PCA-2,YES,NO,NO,android/app/src/test/java/org/pca/app/runtime/background/WorkManagerBackgroundExecutionSchedulerTest.kt; android/app/src/test/java/org/pca/app/runtime/background/BackgroundWorkMetricsTest.kt,,,,android/app/src/main/java/org/pca/app/runtime/background/UsageIngestionWorker.kt; android/app/src/main/java/org/pca/app/runtime/background/BackgroundExecutionScheduler.kt; android/app/src/main/java/org/pca/app/runtime/graph/PcaAppGraph.kt:179
PCA-AND-003,PCA-2,YES,NO,NO,android/app/src/test/java/org/pca/app/runtime/schedule/EmergencyAccessFloorTest.kt,,,,"android/app/src/main/java/org/pca/app/runtime/schedule/EmergencyAccessFloor.kt (new: unconditional, first-line, signature/validity-independent floor for the telephony system package) + ScheduleEvaluator.kt:31-36 (checked before any policy field is read)"
PCA-AND-003A,PCA-3,YES,NO,NO,android/app/src/test/java/org/pca/app/runtime/schedule/EmergencyAccessFloorTest.kt; android/app/src/test/java/org/pca/app/runtime/communication/CommunicationCallLifecycleAdapterTest.kt; android/app/src/test/java/org/pca/app/runtime/schedule/ScheduleEnforcementConsumerTest.kt,ANDROID_REAL_DEVICE_UAT; DEVICE_OWNER_REAL_DEVICE_AUTHORIZATION; REAL_DEVICE_TELEPHONY_SMS_UAT,,ANDROID_REAL_DEVICE_UAT; DEVICE_OWNER_REAL_DEVICE_AUTHORIZATION; REAL_DEVICE_TELEPHONY_SMS_UAT,android/app/src/main/java/org/pca/app/runtime/schedule/SchedulePolicy.kt; android/app/src/main/java/org/pca/app/runtime/schedule/EmergencyAccessFloor.kt; android/app/src/main/java/org/pca/app/runtime/schedule/AndroidCommunicationSurfaceResolver.kt; android/app/src/main/java/org/pca/app/runtime/communication/AndroidTelephonyCallStateObserver.kt
PCA-DATA-001,PCA-12,YES,NO,NO,backend/test/retention/deleteNow.test.mjs; backend/test/retention/retentionRoutes.test.mjs; android/app/src/test/java/org/pca/app/persistence/DeleteNowCoordinatorTest.kt; android/app/src/test/java/org/pca/app/feature/settings/data/DeleteNowUseCaseTest.kt; backend/test/retention/retentionRoutes.test.mjs,PRODUCTION_CRYPTO_SUITE,,PRODUCTION_CRYPTO_SUITE,"backend/src/retention/deleteNow.ts; backend/src/retention/DeleteNowLedger.ts, InMemoryDeleteNowLedger.ts; backend/src/http/routes/retentionRoutes.ts (idempotent delete-now intake + audit); android/app/src/main/java/org/pca/app/persistence/retention/DeleteNowCoordinator.kt"
PCA-DATA-002,PCA-12,N/A,NO,NO,,,,,
PCA-DATA-010,PCA-17,YES,NO,NO,backend/test/db/schema-privacy.mysql.test.mjs,,,,"backend/migrations/0001_mysql_baseline.sql through 0015 (central-service schema contains only opaque/config/commercial entities, no activity tables); backend/test/db/schema-privacy.mysql.test.mjs enforces this as a regression guard"
PCA-DATA-011,PCA-17,YES,NO,NO,backend/test/db/schema-privacy.mysql.test.mjs,,,,backend/test/db/schema-privacy.mysql.test.mjs; backend/test/schema-privacy.test.mjs; backend/test/db/billingCoreSchemaPrivacy.mysql.test.mjs
PCA-DATA-012,PCA-17,YES,NO,NO,backend/test/db/schema-privacy.mysql.test.mjs,,,,"backend/migrations/0001_mysql_baseline.sql:56 (family_id CHAR(36), opaque UUID, no name/PII column); enrollment_invitations/device tables use UUID-style opaque IDs throughout"
PCA-DATA-013,PCA-12,YES,NO,NO,backend/test/retention/engine.test.mjs,,,,"backend/src/retention/policy.ts (AUDIT_RETENTION_FLOOR_MONTHS = 12); backend/src/retention/engine.ts (auditRetentionFloor = max(generalMonths, 12))"
PCA-DATA-014,PCA-0,N/A,NO,NO,,,,,
PCA-DATA-020,PCA-12,YES,NO,NO,backend/test/retention/deletionStateMachine.test.mjs; backend/test/retention/engine.test.mjs; android/app/src/test/java/org/pca/app/persistence/RetentionEngineTest.kt; backend/test/retention/engine.test.mjs,,,,backend/src/retention/deletionStateMachine.ts; backend/src/retention/engine.ts; android/app/src/main/java/org/pca/app/persistence/retention/RetentionEngine.kt; backend/src/retention/types.ts
PCA-DATA-021,PCA-12; PCA-13,YES,NO,NO,android/app/src/test/java/org/pca/app/persistence/RetentionEngineTest.kt,,,,android/app/src/main/java/org/pca/app/persistence/entity/ParentActionAuditEntity.kt; android/app/src/main/java/org/pca/app/persistence/entity/TamperEventEntity.kt; android/app/src/main/java/org/pca/app/persistence/dao/ParentActionAuditDao.kt; android/app/src/main/java/org/pca/app/persistence/dao/TamperEventDao.kt
PCA-DATA-022,PCA-12; PCA-11,YES,NO,NO,backend/test/retention/*.test.mjs; backend/test/familyenvelope/policy.test.mjs; android/app/src/test/java/org/pca/app/persistence/retention/RetentionCutoffCalculatorTest.kt,PRODUCTION_CRYPTO_SUITE,,PRODUCTION_CRYPTO_SUITE,backend/src/familyenvelope/policy.ts; backend/src/retention/policy.ts (validateRetentionPolicy rejects out-of-bounds location retention); android/app/src/main/java/org/pca/app/persistence/retention/RetentionCutoffCalculator.kt; android/app/src/main/java/org/pca/app/persistence/retention/RetentionEngine.kt
PCA-DATA-023,PCA-12,YES,NO,NO,backend/test/retention/calendar.test.mjs,,,,"backend/src/retention/calendar.ts (calendar-accurate month/day arithmetic, not naive 30*86400s)"
PCA-DATA-024,PCA-12; PCA-11,YES,NO,NO,android/app/src/test/java/org/pca/app/persistence/retention/RetentionMaintenanceCycleTest.kt; android/app/src/test/java/org/pca/app/runtime/background/RetentionMaintenanceWorkerTest.kt; android/app/src/test/java/org/pca/app/runtime/background/WorkManagerBackgroundExecutionSchedulerTest.kt; android/app/src/test/java/org/pca/app/runtime/graph/PcaAppGraphTest.kt; android/app/src/test/java/org/pca/app/persistence/RetentionEngineTest.kt; android/app/src/test/java/org/pca/app/runtime/tamper/WallClockRollbackMonitorTest.kt,,,,android/app/src/main/java/org/pca/app/persistence/retention/RetentionEngine.kt; android/app/src/main/java/org/pca/app/persistence/retention/RetentionMaintenanceCycle.kt; android/app/src/main/java/org/pca/app/runtime/background/RetentionMaintenanceWorker.kt; android/app/src/main/java/org/pca/app/runtime/background/BackgroundExecutionScheduler.kt
PCA-DATA-025,PCA-12; PCA-11,PARTIAL,NO,NO,"android/app/src/test/java/org/pca/app/persistence/RetentionEngineTest.kt (general expiry deletion, audit-floor separation, tombstone pruning, and LATEST_ONLY convergence); android/app/src/test/java/org/pca/app/persistence/retention/RetentionCutoffCalculatorTest.kt (elapsed, calendar-month, timezone, and audit-floor cutoff boundaries); android/app/src/test/java/org/pca/app/persistence/retention/RetentionMaintenanceCycleTest.kt; android/app/src/test/java/org/pca/app/persistence/RetentionEngineTest.kt; android/app/src/test/java/org/pca/app/runtime/tamper/WallClockRollbackMonitorTest.kt",PRODUCTION_CRYPTO_SECURITY_REVIEW,Blocked by PRODUCTION_CRYPTO_SECURITY_REVIEW,PRODUCTION_CRYPTO_SECURITY_REVIEW,android/app/src/main/java/org/pca/app/persistence/retention/RetentionEngine.kt; android/app/src/main/java/org/pca/app/persistence/retention/RetentionMaintenanceCycle.kt
PCA-DATA-026,PCA-12,YES,NO,NO,android/app/src/test/java/org/pca/app/persistence/retention/ (present),,,,"android/app/src/main/java/org/pca/app/persistence/entity/TombstoneRecordEntity.kt + dao/TombstoneRecordDao.kt (new) + retention/DeleteNowCoordinator.kt:35,49,108,113-121 (writes ONE tombstone row -- id + deletion timestamp only -- per deleted top-level identity) + retention/RetentionCutoffCalculator.kt:41-50 (fixed, family-policy-independent 6-month bounded lifetime) + retention/RetentionEngine.kt:50-58 (pruneTombstones, deletes past that cutoff)"
PCA-DATA-027,PCA-12; PCA-11,PARTIAL,NO,NO,backend/test/retention/deleteNow.test.mjs; backend/test/familyenvelope/*.test.mjs,CRYPTO_ACTIVATION,Blocked by CRYPTO_ACTIVATION,CRYPTO_ACTIVATION,backend/src/retention/deleteNow.ts; backend/src/familyenvelope/types.ts (envelope message types include deletion-instruction alongside policy); backend/src/http/routes/retentionRoutes.ts
PCA-DATA-028,PCA-12,N/A,NO,NO,,,,,
PCA-DATA-029,PCA-12,YES,NO,NO,backend/test/export/pipeline.test.mjs,CRYPTO_ACTIVATION,,CRYPTO_ACTIVATION,backend/src/http/routes/retentionRoutes.ts (DELETE_NOW_DISCLOSED_STATE = 'DELETE_PENDING_REMOTE_DEVICE'; EXPORT_CREATION_DISCLOSURE payload on 202/PENDING responses)
PCA-FR-000,PCA-0,N/A,NO,NO,,,,,"docs/architecture/00_DOCUMENT_CONTROL.md:83,87"
PCA-FR-000A,PCA-2; PCA-10,YES,NO,NO,android/app/src/test/java/org/pca/app/runtime/schedule/ScheduleRuntimeRebootOfflineTest.kt; android/app/src/test/java/org/pca/app/runtime/schedule/ScheduleEnforcementConsumerTest.kt; parent-web/tests/component/DashboardCapabilityState.test.tsx,,,,android/app/src/main/java/org/pca/app/runtime/schedule/ScheduleRuntime.kt; android/app/src/main/java/org/pca/app/runtime/schedule/ProductionScheduleRuntimePort.kt; android/app/src/main/java/org/pca/app/runtime/graph/PcaAppGraph.kt; parent-web/src/domain/types.ts
PCA-FR-001,PCA-1,YES,NO,NO,backend/test/parentaccount/e2e.registrationToOwnerMutation.test.mjs; backend/test/parentaccount/service.test.mjs,,,,backend/src/parentaccount/ParentAccountService.ts; backend/src/parentaccount/genesisDeviceSigner.ts
PCA-FR-002,PCA-1,YES,NO,NO,parent-web/tests/component/DeviceEnrollmentPanel.test.tsx | backend/test/invitation/service.test.mjs | backend/test/db/invitation.mysql.test.mjs | android/app/src/test/java/org/pca/app/enrollment/UriEnrollmentLinkParserTest.kt,,,,parent-web/src/pages/family/DeviceEnrollmentPanel.tsx | parent-web/src/pages/family/InvitationQrCode.tsx | backend/src/invitation/InvitationService.ts | backend/src/invitation/MySqlInvitationRepository.ts | android/app/src/main/java/org/pca/app/enrollment/EnrollmentLinkParser.kt
PCA-FR-002A,PCA-1,YES,NO,NO,backend/test/familytrustset/engine.test.mjs:60-80,,,,backend/src/familytrustset/FamilyTrustSetEngine.ts:87 (NOT_EXACTLY_ONE_ACTIVE_OWNER check); backend/src/familytrustset/types.ts:5
PCA-FR-003,PCA-1,YES,NO,NO,android/app/src/test/java/org/pca/app/security/,,,,android/app/src/main/java/org/pca/app/security/DeviceKeyPairGenerator.kt + SecureKeyStore.kt + EncryptedBlobSecureKeyStore.kt (public-key device identity not password pairing)
PCA-FR-004,PCA-10,YES,NO,NO,backend/test/familyrbac/policy.test.mjs; backend/test/familyrbac/ParentActionAuthorizationService.test.mjs; backend/test/familyrbac/TrustSetRoleResolver.test.mjs,,,,backend/src/familyrbac/policy.ts; backend/src/familyrbac/ParentActionAuthorizationService.ts; backend/src/familyrbac/TrustSetRoleResolver.ts; parent-web/src/pages/family/RolesMatrix.tsx
PCA-FR-004A,PCA-PA-2,YES,NO,NO,backend/test/db/platformEntitlementsCore.mysql.test.mjs:128 (asserts 1/1 as correct),,,,"backend/migrations/0006_platform_entitlements_enrollment_limits.sql:64-65 (FREE_STARTER seeds parent_member_limit=1, managed_device_limit=1)"
PCA-FR-005,PCA-1,PARTIAL,NO,NO,backend/test/device/*.test.mjs; backend/test/familytrustset/engine.test.mjs,CRYPTO_ACTIVATION,Blocked by CRYPTO_ACTIVATION,CRYPTO_ACTIVATION,"backend/src/device/DeviceDirectoryService.ts, DeviceRepository.ts (device lifecycle incl. removal); backend/src/familytrustset/FamilyTrustSetEngine.ts (revocation)"
PCA-FR-006,PCA-1,PARTIAL,NO,NO,backend/test/recovery/service.test.mjs; backend/test/familytrustset/recoveryEngine.test.mjs; backend/test/familytrustset/recoveryRedTeam.test.mjs,CRYPTO_ACTIVATION,Blocked by CRYPTO_ACTIVATION,CRYPTO_ACTIVATION,backend/src/recovery/RecoveryService.ts; backend/src/recoverytransaction/RecoveryTransactionCoordinator.ts; backend/src/familytrustset/FamilyTrustSetRecoveryEngine.ts
PCA-FR-007,PCA-1,YES,NO,NO,android/app/src/test/java/org/pca/app/enrollment/EnrollmentConsentStaticTest.kt; android/app/src/test/java/org/pca/app/enrollment/EnrollmentCoordinatorTest.kt,,,,android/app/src/main/java/org/pca/app/enrollment/ui/EnrollmentScreen.kt; android/app/src/main/res/values/strings.xml; android/app/src/main/res/values-ar/strings.xml
PCA-FR-008,PCA-1,YES,NO,NO,backend/test/invitation/enrollmentProfile.test.mjs; android/app/src/test/java/org/pca/app/enrollment/EnrollmentProfileContractTest.kt; android/app/src/test/java/org/pca/app/enrollment/EnrollmentContentFilterDefaultTest.kt; android/app/src/test/java/org/pca/app/enrollment/EnrollmentCoordinatorTest.kt; android/app/src/test/java/org/pca/app/enrollment/ProfileConfirmationStateTransitionTest.kt; ios/PCATests/EnrollmentProfileTests.swift,IOS_MAC_XCODE,,IOS_MAC_XCODE,parent-web/src/pages/family/DeviceEnrollmentPanel.tsx; backend/src/invitation/InvitationService.ts; android/app/src/main/java/org/pca/app/enrollment/EnrollmentProfile.kt; android/app/src/main/java/org/pca/app/enrollment/EnrollmentState.kt
PCA-FR-010,PCA-3,YES,NO,NO,android/app/src/test/java/org/pca/app/feature/screentime/engine/,,,,android/app/src/main/java/org/pca/app/feature/screentime/engine/ScreenTimeEngine.kt + platform/StandardUsageObservationSource.kt (UsageStatsManager)
PCA-FR-011,PCA-3,YES,NO,NO,android/app/src/test/java/org/pca/app/feature/screentime/policy/,,,,android/app/src/main/java/org/pca/app/feature/screentime/policy/ScreenTimeBaselinePolicy.kt (60-min default)
PCA-FR-011A,PCA-3,YES,NO,NO,android/app/src/test/java/org/pca/app/feature/screentime/policy/,,,,android/app/src/main/java/org/pca/app/feature/screentime/policy/ScreenTimeBaselinePolicy.kt (15-180 min / 5-min increment validation)
PCA-FR-012,PCA-3,YES,NO,NO,android/app/src/test/java/org/pca/app/feature/screentime/policy/,,,,android/app/src/main/java/org/pca/app/feature/screentime/policy/ScreenTimeBaselinePolicy.kt (30-min default break)
PCA-FR-012A,PCA-3,YES,NO,NO,android/app/src/test/java/org/pca/app/feature/screentime/policy/,,,,android/app/src/main/java/org/pca/app/feature/screentime/policy/ScreenTimeBaselinePolicy.kt (5-60 min / 1-min increment validation)
PCA-FR-013,PCA-3,YES,NO,NO,android/app/src/test/java/org/pca/app/feature/breakshield/,,,,android/app/src/main/java/org/pca/app/feature/breakshield/BreakShieldScreen.kt + BreakShieldViewState.kt
PCA-FR-014,PCA-3,YES,NO,NO,android/app/src/test/java/org/pca/app/feature/breakshield/,,,,android/app/src/main/java/org/pca/app/feature/breakshield/BreakShieldScreen.kt (dhikr/counter interaction)
PCA-FR-014A,PCA-3,YES,NO,NO,android/app/src/test/java/org/pca/app/feature/breakshield/BreakShieldFormatDurationTest.kt | android/app/src/test/java/org/pca/app/i18n/StringResourceCompletenessTest.kt,,,,android/app/src/main/java/org/pca/app/feature/breakshield/BreakShieldScreen.kt | android/app/src/main/res/values/strings.xml | android/app/src/main/res/values-ar/strings.xml
PCA-FR-015,PCA-2; PCA-3,YES,NO,NO,android/app/src/test/java/org/pca/app/feature/breakshield/,,,,android/app/src/main/java/org/pca/app/feature/breakshield/BreakShieldScreen.kt (emergency button always visible regardless of state per canRequestEmergencyException)
PCA-FR-015A,PCA-3,YES,NO,NO,android/app/src/test/java/org/pca/app/runtime/communication/CommunicationBreakShieldIntegrationTest.kt; android/app/src/test/java/org/pca/app/runtime/communication/CommunicationExceptionCoordinatorTest.kt; android/app/src/test/java/org/pca/app/feature/screentime/engine/ScreenTimeEngineTest.kt; android/app/src/test/java/org/pca/app/runtime/schedule/ScheduleEnforcementConsumerTest.kt; android/app/src/test/java/org/pca/app/runtime/ui/CallStatePermissionPromptPolicyTest.kt; android/app/src/test/java/org/pca/app/runtime/communication/CommunicationCallStateObserverAvailabilityTest.kt,ANDROID_REAL_DEVICE_UAT; REAL_DEVICE_TELEPHONY_SMS_UAT; IOS_MAC_XCODE; IOS_FAMILY_CONTROLS_ENTITLEMENT; IOS_PHYSICAL_DEVICE,,ANDROID_REAL_DEVICE_UAT; REAL_DEVICE_TELEPHONY_SMS_UAT; IOS_MAC_XCODE; IOS_FAMILY_CONTROLS_ENTITLEMENT; IOS_PHYSICAL_DEVICE,android/app/src/main/java/org/pca/app/feature/screentime/engine/ScreenTimeEngine.kt; android/app/src/main/java/org/pca/app/runtime/communication/CommunicationExceptionCoordinator.kt; android/app/src/main/java/org/pca/app/runtime/communication/AndroidTelephonyCallStateObserver.kt; android/app/src/main/java/org/pca/app/runtime/communication/CommunicationCallStateObserver.kt
PCA-FR-016,PCA-3,YES,NO,NO,android/app/src/test/java/org/pca/app/feature/screentime/engine/,,,,android/app/src/main/java/org/pca/app/feature/screentime/engine/ParentOverride.kt
PCA-FR-017,PCA-3; PCA-13,YES,NO,NO,android/app/src/test/java/org/pca/app/feature/screentime/clock/,,,,android/app/src/main/java/org/pca/app/feature/screentime/clock/MonotonicClockBridge.kt + Clocks.kt (elapsed-realtime anchor) + foundation/TimeSources.kt
PCA-FR-018,PCA-3,YES,NO,NO,android/app/src/test/java/org/pca/app/feature/breakshield/,,,,"android/app/src/main/java/org/pca/app/feature/breakshield/BreakShieldScreen.kt (only duration/occurrence persisted, no interaction content transmitted); android/app/src/main/java/org/pca/app/persistence/entity/BreakSessionEntity.kt"
PCA-FR-020,PCA-8,YES,NO,NO,android/app/src/test/java/org/pca/app/platform/proximity/,,,,android/app/src/main/java/org/pca/app/platform/proximity/HardwareProximitySource.kt + PrioritizedProximitySource.kt
PCA-FR-021,PCA-8,YES,NO,NO,android/app/src/test/java/org/pca/app/platform/proximity/AndroidFaceGeometryDetectorTest.kt; android/app/src/test/java/org/pca/app/platform/proximity/CameraProximitySourceTest.kt; android/app/src/test/java/org/pca/app/platform/proximity/CameraPermissionLifecycleTest.kt; android/app/src/test/java/org/pca/app/feature/eyedistance/shield/EyeDistanceShieldViewStateTest.kt; android/app/src/test/java/org/pca/app/feature/eyedistance/shield/EyeRestShieldTriggerTest.kt; android/app/src/test/java/org/pca/app/feature/eyedistance/shield/EyeRestShieldReadingLevelTest.kt; android/app/src/test/java/org/pca/app/runtime/graph/PcaAppGraphTest.kt,,,,android/app/src/main/java/org/pca/app/feature/eyedistance/engine/EyeDistanceEngine.kt; android/app/src/main/java/org/pca/app/platform/proximity/FaceProximityClassifier.kt; android/app/src/main/java/org/pca/app/platform/proximity/AndroidFaceGeometryDetector.kt; android/app/src/main/java/org/pca/app/platform/proximity/CameraProximitySource.kt
PCA-FR-021A,PCA-8,YES,NO,NO,android/app/src/test/java/org/pca/app/feature/eyedistance/engine/,,,,android/app/src/main/java/org/pca/app/feature/eyedistance/engine/EyeDistanceEngine.kt (configurable threshold/cooldown parameters)
PCA-FR-022,PCA-8,YES,NO,NO,android/app/src/test/java/org/pca/app/feature/eyedistance/,,,,android/app/src/main/java/org/pca/app/platform/proximity/FaceProximityEstimator.kt (interface contract explicitly forbids retaining any frame/landmark/embedding) + persistence/entity/ProximityEventEntity.kt (boolean/duration only)
PCA-FR-023,PCA-8,YES,NO,NO,android/app/src/test/java/org/pca/app/platform/proximity/AndroidFaceGeometryDetectorTest.kt; android/app/src/test/java/org/pca/app/platform/proximity/CameraProximitySourceTest.kt; android/app/src/test/java/org/pca/app/platform/proximity/CameraPermissionLifecycleTest.kt; android/app/src/test/java/org/pca/app/platform/proximity/CameraXFrameSourceTest.kt; android/app/src/test/java/org/pca/app/platform/proximity/CameraPrivacyStaticScanTest.kt,CAMERA_REAL_DEVICE_VALIDATION,,CAMERA_REAL_DEVICE_VALIDATION,android/app/src/main/java/org/pca/app/platform/proximity/FaceProximityClassifier.kt; android/app/src/main/java/org/pca/app/platform/proximity/AndroidFaceGeometryDetector.kt; android/app/src/main/java/org/pca/app/platform/proximity/CameraProximitySource.kt; android/app/src/main/java/org/pca/app/platform/proximity/CameraXFrameSource.kt
PCA-FR-024,PCA-8,YES,NO,NO,android/app/src/test/java/org/pca/app/platform/proximity/CameraXFrameSourceTest.kt; android/app/src/androidTest/java/org/pca/app/platform/proximity/CameraXFrameSourceInstrumentedTest.kt; android/app/src/test/java/org/pca/app/runtime/graph/PcaAppGraphTest.kt,CAMERA_REAL_DEVICE_VALIDATION,,CAMERA_REAL_DEVICE_VALIDATION,android/app/src/main/java/org/pca/app/platform/proximity/CameraXFrameSource.kt; android/app/src/main/java/org/pca/app/platform/proximity/CameraProximitySource.kt; android/app/src/main/java/org/pca/app/runtime/graph/PcaAppGraph.kt; android/app/src/main/java/org/pca/app/platform/proximity/AndroidFaceGeometryDetector.kt
PCA-FR-030,PCA-5,YES,NO,NO,android/app/src/test/java/org/pca/app/feature/webprotection/engine/,,,,android/app/src/main/java/org/pca/app/feature/webprotection/engine/WebFilterEngine.kt + WebRuleRepository.kt
PCA-FR-031,PCA-5,YES,NO,NO,android/app/src/test/java/org/pca/app/feature/webprotection/policy/,,,,android/app/src/main/java/org/pca/app/feature/webprotection/policy/WebFilterTypes.kt + WebReasonCodes.kt (malware/phishing/adult categories)
PCA-FR-031A,PCA-5,YES,NO,NO,android/app/src/test/java/org/pca/app/feature/webprotection/policy/WebRuleTaxonomyStaticTest.kt,,,,android/app/src/main/java/org/pca/app/feature/webprotection/policy/WebFilterTypes.kt
PCA-FR-032,PCA-5,YES,NO,NO,android/app/src/test/java/org/pca/app/feature/webprotection/engine/,,,,android/app/src/main/java/org/pca/app/feature/webprotection/engine/WebRuleRepository.kt (allow/deny override storage)
PCA-FR-033,PCA-5,YES,NO,NO,android/app/src/test/java/org/pca/app/feature/webprotection/safebrowser/; android/app/src/test/java/org/pca/app/feature/webprotection/ui/,,,,android/app/src/main/java/org/pca/app/feature/webprotection/ui/SafeBrowserActivity.kt + SafeBrowserController.kt + SafeBrowserScreen.kt
PCA-FR-034,PCA-5,YES,NO,NO,android/app/src/test/java/org/pca/app/feature/webprotection/vpn/,,,,"android/app/src/main/java/org/pca/app/feature/webprotection/vpn/WebProtectionVpnService.kt:36-46 (DNS-only tunnel, no TLS/root-CA interception, addRoute never 0.0.0.0/0)"
PCA-FR-035,PCA-5,YES,NO,NO,android/app/src/test/java/org/pca/app/feature/webprotection/engine/,,,,android/app/src/main/java/org/pca/app/feature/webprotection/engine/WebFilterEngine.kt (deterministic rules only; no on-device classifier wired for browsing decisions)
PCA-FR-036,PCA-5,YES,NO,NO,android/app/src/test/java/org/pca/app/feature/webprotection/policy/,,,,android/app/src/main/java/org/pca/app/feature/webprotection/policy/WebReasonCodes.kt + persistence/entity/ContentBlockEventEntity.kt
PCA-FR-037,PCA-5,YES,NO,NO,android/app/src/test/java/org/pca/app/feature/webprotection/ui/SafeBrowserControllerTest.kt:192-230,,,,android/app/src/main/java/org/pca/app/feature/webprotection/ui/SafeBrowserScreen.kt:229-239; android/app/src/main/java/org/pca/app/feature/webprotection/ui/SafeBrowserController.kt:134-167
PCA-FR-040,PCA-2,YES,NO,NO,android/app/src/test/java/org/pca/app/runtime/usage/UsageSessionRecorderTest.kt; android/app/src/test/java/org/pca/app/runtime/background/UsageIngestionWorkerTest.kt; android/app/src/test/java/org/pca/app/runtime/background/WorkManagerBackgroundExecutionSchedulerTest.kt,,,,android/app/src/main/java/org/pca/app/runtime/usage/UsageSessionRecorder.kt; android/app/src/main/java/org/pca/app/runtime/graph/PcaAppGraph.kt:468; android/app/src/main/java/org/pca/app/runtime/background/UsageIngestionWorker.kt
PCA-FR-041,PCA-2,YES,NO,NO,android/app/src/test/java/org/pca/app/runtime/schedule/,,,,android/app/src/main/java/org/pca/app/runtime/schedule/SchedulePolicyRules.kt + ScheduleEvaluator.kt
PCA-FR-042,PCA-2,YES,NO,NO,android/app/src/test/java/org/pca/app/runtime/schedule/,,,,android/app/src/main/java/org/pca/app/runtime/schedule/SchedulePolicy.kt (per-app/category allow/block)
PCA-FR-043,PCA-4,YES,NO,NO,android/app/src/test/java/org/pca/app/runtime/schedule/,,,,android/app/src/main/java/org/pca/app/runtime/schedule/SchedulePolicyRules.kt (school-mode/bedtime window rules)
PCA-FR-043A,PCA-4,YES,NO,NO,android/app/src/test/java/org/pca/app/runtime/schedule/,,,,android/app/src/main/java/org/pca/app/runtime/schedule/SchedulePolicyRules.kt (per-day-of-week + override-approval toggle)
PCA-FR-043B,PCA-4,YES,NO,NO,android/app/src/test/java/org/pca/app/runtime/schedule/NightProtectionScheduleTest.kt; android/app/src/test/java/org/pca/app/runtime/schedule/ScheduleEnforcementConsumerTest.kt,ANDROID_REAL_DEVICE_UAT; DEVICE_OWNER_REAL_DEVICE_AUTHORIZATION,,ANDROID_REAL_DEVICE_UAT; DEVICE_OWNER_REAL_DEVICE_AUTHORIZATION,android/app/src/main/java/org/pca/app/runtime/schedule/SchedulePolicy.kt; android/app/src/main/java/org/pca/app/runtime/schedule/ScheduleRuntime.kt; android/app/src/main/java/org/pca/app/runtime/schedule/ProductionScheduleRuntimePort.kt; android/app/src/main/java/org/pca/app/runtime/schedule/ScheduleEnforcementConsumer.kt
PCA-FR-043C,PCA-3; PCA-4,YES,NO,NO,android/app/src/test/java/org/pca/app/runtime/communication/CommunicationExceptionCoordinatorTest.kt; android/app/src/test/java/org/pca/app/runtime/communication/CommunicationCallLifecycleAdapterTest.kt; android/app/src/test/java/org/pca/app/runtime/schedule/ScheduleEnforcementConsumerTest.kt,ANDROID_REAL_DEVICE_UAT; REAL_DEVICE_TELEPHONY_UAT; IOS_MAC_XCODE; IOS_FAMILY_CONTROLS_ENTITLEMENT; IOS_PHYSICAL_DEVICE,,ANDROID_REAL_DEVICE_UAT; REAL_DEVICE_TELEPHONY_UAT; IOS_MAC_XCODE; IOS_FAMILY_CONTROLS_ENTITLEMENT; IOS_PHYSICAL_DEVICE,android/app/src/main/java/org/pca/app/runtime/schedule/AndroidCommunicationSurfaceResolver.kt; android/app/src/main/java/org/pca/app/runtime/communication/AndroidTelephonyCallStateObserver.kt; android/app/src/main/java/org/pca/app/runtime/communication/CommunicationCallLifecycleAdapter.kt; android/app/src/main/java/org/pca/app/runtime/communication/CommunicationExceptionCoordinator.kt
PCA-FR-044,PCA-2,YES,NO,NO,android/app/src/test/java/org/pca/app/feature/capabilities/CapabilityUnavailableLabelStaticTest.kt,,,,android/app/src/main/java/org/pca/app/platform/PlatformProtectionCapabilities.kt; android/app/src/main/java/org/pca/app/runtime/ui/ChildHomeScreen.kt; android/app/src/main/java/org/pca/app/feature/youtube/ui/YouTubeModeScreen.kt
PCA-FR-045,PCA-2,YES,NO,NO,android/app/src/test/java/org/pca/app/runtime/installobserver/InstalledAppEventReceiverTest.kt,,,,android/app/src/main/java/org/pca/app/runtime/installobserver/InstalledAppEventReceiver.kt; android/app/src/main/AndroidManifest.xml:141-148
PCA-FR-050,PCA-6,YES,NO,NO,android/app/src/test/java/org/pca/app/feature/youtube/engine/,,,,android/app/src/main/java/org/pca/app/feature/youtube/engine/ModeAAndroidUsageAdapter.kt + ModeAUsageReportBuilder.kt
PCA-FR-051,PCA-6,YES,NO,NO,android/app/src/test/java/org/pca/app/feature/youtube/policy/,,,,android/app/src/main/java/org/pca/app/feature/youtube/policy/YouTubePolicy.kt + YouTubeTypes.kt (Mode A never queries per-video watch history by construction - only duration)
PCA-FR-052,PCA-6,NO,NO,NO,,YOUTUBE_MODE_B_POLICY_REVIEW,Blocked by YOUTUBE_MODE_B_POLICY_REVIEW,YOUTUBE_MODE_B_POLICY_REVIEW,android/app/src/main/java/org/pca/app/feature/youtube/policy/ModeBFeatureFlagLocalStore.kt (read-only mirror of BLOCKED_EXTERNAL_POLICY_REVIEW default; no mutator exists anywhere)
PCA-FR-053,PCA-6,YES,NO,NO,backend/test/youtube/policy.test.mjs; backend/test/youtube/SafeContentCapability.test.mjs,YOUTUBE_PLATFORM_API_PARTNERSHIP,,YOUTUBE_PLATFORM_API_PARTNERSHIP,backend/src/youtube/types.ts; backend/src/youtube/policy.ts; backend/src/youtube/ModeBFeatureFlagStore.ts
PCA-FR-054,PCA-6,YES,NO,NO,YouTubeModeLoaderTest.kt (4 tests: Loading/Success/Error states),,,,"android/app/src/main/java/org/pca/app/feature/youtube/ui/YouTubeModeActivity.kt, YouTubeModeLoader.kt (Writer73); ChildHomeScreen.kt YouTubeModeEntryCard; MainActivity.kt wiring; AndroidManifest.xml registration"
PCA-FR-060,PCA-7,YES,NO,NO,android/app/src/test/java/org/pca/app/runtime/location/,,,,android/app/src/main/java/org/pca/app/runtime/location/LocationSampleRecorder.kt + platform/StandardLocationCapabilitySource.kt
PCA-FR-061,PCA-7,YES,NO,NO,android/app/src/test/java/org/pca/app/runtime/location/,,,,android/app/src/main/java/org/pca/app/runtime/location/LocationSampleStatus.kt (accuracy class/staleness modeled)
PCA-FR-062,PCA-7,PARTIAL,NO,NO,"android/app/src/test/java/org/pca/app/runtime/sync/DeviceSessionManagerTest.kt (first-use challenge authentication, unexpired token reuse, and initial unauthenticated state); android/app/src/test/java/org/pca/app/runtime/sync/ReconnectSyncOrchestratorTest.kt (reconnect/session recovery and offline queue behavior)",PRODUCTION_CRYPTO_SECURITY_REVIEW,Blocked by PRODUCTION_CRYPTO_SECURITY_REVIEW,PRODUCTION_CRYPTO_SECURITY_REVIEW,android/app/src/main/java/org/pca/app/runtime/sync/DeviceSessionManager.kt (heartbeat/session concept exists)
PCA-FR-063,PCA-7,PARTIAL,NO,NO,android/app/src/test/java/org/pca/app/runtime/location/geofence/GeofenceEngineTest.kt; android/app/src/test/java/org/pca/app/runtime/location/geofence/SafeZonePolicyReceiverTest.kt; android/app/src/test/java/org/pca/app/runtime/location/geofence/SafeZoneRuntimeTest.kt; backend/test/location/safeZoneRepository.test.mjs; backend/test/parentaccount/preferencesSafeZonesRoute.test.mjs; backend/test/parentaccount/preferencesSafeZonesSchema.test.mjs; backend/test/familyrbac/ParentActionAuthorizationService.test.mjs; parent-web/tests/unit/realSafeZoneClient.test.ts; parent-web/tests/unit/safeZonePolicyAuthoring.test.ts; tooling/release/ValidateSafeZoneMutationBoundary.mjs; backend/test/device/BrowserEndpointService.test.mjs; backend/test/http/browserEndpointRoutes.test.mjs; backend/test/pairing/service.test.mjs; backend/test/db/browserEndpoint.mysql.test.mjs; backend/test/db/device.mysql.test.mjs,CRYPTO_ACTIVATION,Blocked by CRYPTO_ACTIVATION,CRYPTO_ACTIVATION,android/app/src/main/java/org/pca/app/runtime/location/geofence/GeofenceEngine.kt; android/app/src/main/java/org/pca/app/runtime/location/geofence/GeofenceMonitor.kt; backend/src/location/SafeZoneRepository.ts; backend/src/location/MySqlSafeZoneRepository.ts
PCA-FR-064,PCA-7,YES,NO,NO,android/app/src/test/java/org/pca/app/runtime/location/LocationSampleRecorderTest.kt; android/app/src/test/java/org/pca/app/persistence/WebVisitAndLocationPointTest.kt,,,,android/app/src/main/java/org/pca/app/runtime/location/LocationSampleRecorder.kt; android/app/src/main/java/org/pca/app/runtime/location/LocationSampleRecorder.kt + persistence/entity/LocationPointEntity.kt (no ad/analytics consumer of location data found anywhere in the module)
PCA-FR-065,PCA-7,YES,NO,NO,"android/app/src/test/java/org/pca/app/persistence/DeleteNowCoordinatorTest.kt (device, child, and family deletion scope/isolation, policy snapshot erasure, receipts, and tombstones); android/app/src/test/java/org/pca/app/feature/settings/data/DeleteNowUseCaseTest.kt (Delete Now request validation and coordinator delegation)",,,,android/app/src/main/java/org/pca/app/persistence/retention/RetentionCutoffCalculator.kt (location retention distinct from/bounded by general retention)
PCA-FR-070,PCA-9,YES,NO,NO,android/app/src/test/java/org/pca/app/feature/prayer/calc/,,,,"android/app/src/main/java/org/pca/app/feature/prayer/calc/PrayerTimeCalculator.kt + SolarCalculator.kt (fully local calculation, no server dependency)"
PCA-FR-071,PCA-9,YES,NO,NO,android/app/src/test/java/org/pca/app/feature/prayer/model/,,,,android/app/src/main/java/org/pca/app/feature/prayer/model/PrayerName.kt (Fajr/Sunrise/Dhuhr/Asr/Maghrib/Isha)
PCA-FR-072,PCA-9,YES,NO,NO,android/app/src/test/java/org/pca/app/feature/prayer/,,,,android/app/src/main/java/org/pca/app/feature/prayer/model/AsrMethod.kt + CalculationMethod.kt
PCA-FR-073,PCA-9,YES,NO,NO,android/app/src/test/java/org/pca/app/runtime/ (present),,,,"android/app/src/main/java/org/pca/app/runtime/prayer/AlarmManagerPrayerScheduler.kt (exact alarm scheduling, unchanged) + PrayerReminderReceiver.kt (new: posts a real NotificationCompat notification, records delivery) + PrayerReminderIntents.kt (shared action-string contract); AndroidManifest.xml:124-130 (receiver registered exported=false with matching intent-filter action org.pca.app.action.PRAYER_REMINDER)"
PCA-FR-074,PCA-9,YES,NO,NO,android/app/src/test/java/org/pca/app/feature/prayer/calc/,,,,"android/app/src/main/java/org/pca/app/feature/prayer/calc/PrayerTimeCalculator.kt (uses last known location/timezone, no network call)"
PCA-FR-074A,PCA-9,YES,NO,NO,android/app/src/test/java/org/pca/app/feature/prayer/location/PrayerLocationStalenessDetectorTest.kt,,,,android/app/src/main/java/org/pca/app/feature/prayer/location/PrayerLocationStalenessDetector.kt; android/app/src/main/java/org/pca/app/runtime/prayer/PrayerLocationStalenessNotificationDelivery.kt; android/app/src/main/java/org/pca/app/runtime/graph/PcaAppGraph.kt; android/app/src/main/res/values/strings.xml
PCA-FR-080,PCA-13,YES,NO,NO,android/app/src/test/java/org/pca/app/platform/UsageAccessStateTrackerTest.kt; android/app/src/test/java/org/pca/app/platform/VpnCapabilityStateTrackerTest.kt; android/app/src/test/java/org/pca/app/platform/DevicePolicyCapabilityLifecycleTest.kt; android/app/src/test/java/org/pca/app/runtime/tamper/CapabilityDegradationMonitorTest.kt; android/app/src/test/java/org/pca/app/platform/CameraPermissionStateTrackerTest.kt; android/app/src/test/java/org/pca/app/platform/proximity/CameraProximitySourceTest.kt,CAMERA_REAL_DEVICE_VALIDATION,,CAMERA_REAL_DEVICE_VALIDATION,android/app/src/main/java/org/pca/app/platform/UsageAccessStateTracker.kt; android/app/src/main/java/org/pca/app/platform/StandardVpnCapabilitySource.kt; android/app/src/main/java/org/pca/app/platform/VpnCapabilityStateTracker.kt; android/app/src/main/java/org/pca/app/platform/DevicePolicyCapabilitySource.kt
PCA-FR-081,PCA-13,YES,NO,NO,android/app/src/test/java/org/pca/app/runtime/tamper/UsageAccessDegradationMonitorTest.kt; android/app/src/test/java/org/pca/app/runtime/tamper/UsageAccessDegradationMonitorTest.kt,PRODUCTION_CRYPTO_SUITE,,PRODUCTION_CRYPTO_SUITE,"android/app/src/main/java/org/pca/app/runtime/tamper/UsageAccessDegradationMonitor.kt (new: transition-debounced REVOKED/DEGRADED handler) wired in PcaAppGraph.kt:167,173 to org/pca/app/platform/UsageAccessAlertNotificationDelivery.kt (real notification delivery, not the wellbeing pipeline this audit's predecessor flagged as the only wired mechanism); android/app/src/main/java/org/pca/app/runtime/tamper/UsageAccessDegradationMonitor.kt; android/app/src/main/java/org/pca/app/platform/UsageAccessAlertNotificationDelivery.kt; android/app/src/main/java/org/pca/app/runtime/graph/PcaAppGraph.kt"
PCA-FR-082,PCA-13,PARTIAL,NO,NO,android/app/src/test/java/org/pca/app/platform/DevicePolicyCapabilityLifecycleTest.kt; android/app/src/test/java/org/pca/app/platform/ProtectedModeProvisioningGateTest.kt; android/app/src/test/java/org/pca/app/platform/DevicePolicyProtectionCapabilitiesTest.kt,PENDING_OWNER_DECISION,Blocked by PENDING_OWNER_DECISION,PENDING_OWNER_DECISION,android/app/src/main/java/org/pca/app/platform/DevicePolicyCapabilitySource.kt (interface only queries state); android/app/src/main/java/org/pca/app/platform/DevicePolicyCapabilitySource.kt; android/app/src/main/java/org/pca/app/platform/StandardDevicePolicyCapabilitySource.kt; android/app/src/main/java/org/pca/app/platform/ProtectedModeProvisioningGate.kt
PCA-FR-083,PCA-13,YES,NO,NO,ios/PCATests/ChildAuthorizationCenterTests.swift,REQUIRES_ENTITLEMENT,,REQUIRES_ENTITLEMENT,ios/PCA/FamilyControls/ChildAuthorizationCenter.swift
PCA-FR-084,PCA-13,YES,NO,NO,android/app/src/test/java/org/pca/app/security/Pbkdf2AdminPinVerifierTest.kt; android/app/src/test/java/org/pca/app/security/UnavailableBiometricAuthGateTest.kt; android/app/src/test/java/org/pca/app/feature/removaldecision/RemovalDecisionStateMachineTest.kt; android/app/src/test/java/org/pca/app/feature/removaldecision/RemovalDecisionCoordinatorTest.kt; android/app/src/test/java/org/pca/app/feature/removaldecision/PersistentRemovalDecisionRepositoryTest.kt,DEVICE_OWNER_REAL_DEVICE_AUTHORIZATION,,DEVICE_OWNER_REAL_DEVICE_AUTHORIZATION,android/app/src/main/java/org/pca/app/security/ui/AdminSecurityActivity.kt; android/app/src/main/java/org/pca/app/security/Pbkdf2AdminPinVerifier.kt; android/app/src/main/java/org/pca/app/security/RealBiometricAuthGate.kt; android/app/src/main/java/org/pca/app/feature/removaldecision/ui/RemovalDecisionScreen.kt
PCA-FR-085,PCA-13,YES,NO,NO,backend/test/tamper/TamperStateEngine.test.mjs; android/app/src/test/java/org/pca/app/runtime/tamper/WallClockRollbackMonitorTest.kt; android/app/src/test/java/org/pca/app/runtime/tamper/UsageAccessDegradationMonitorTest.kt; android/app/src/test/java/org/pca/app/runtime/tamper/CapabilityDegradationMonitorTest.kt,PRODUCTION_CRYPTO_SUITE,,PRODUCTION_CRYPTO_SUITE,backend/src/tamper/TamperEventLedger.ts; backend/src/tamper/TamperStateEngine.ts; backend/src/tamper/policy.ts; android/app/src/main/java/org/pca/app/runtime/tamper/WallClockRollbackMonitor.kt
PCA-FR-090,PCA-10,YES,NO,NO,backend/test/parentpanel/DashboardAggregatorService.test.mjs,,,,parent-web/src/pages/Dashboard.tsx:47-90; backend/src/parentpanel/DashboardAggregatorService.ts
PCA-FR-091,PCA-10,YES,NO,NO,backend/test/parentaccount/preferencesSafeZonesRoute.test.mjs; parent-web/tests/unit/realSafeZoneClient.test.ts; parent-web/tests/unit/safeZonePolicyAuthoring.test.ts,PRODUCTION_CRYPTO_SUITE,,PRODUCTION_CRYPTO_SUITE,parent-web/src/pages/children/LocationPage.tsx; parent-web/src/api/interfaces.ts; parent-web/src/api/safeZonePolicyAuthoring.ts; parent-web/src/api/client.ts
PCA-FR-092,PCA-10,YES,NO,NO,parent-web/tests/accessibility/axe.test.tsx:146-155,,,,parent-web/src/pages/children/ActivityTimelinePage.tsx; parent-web/src/App.tsx:59-84; parent-web/src/nav/navConfig.ts:76-77
PCA-FR-093,PCA-10,YES,NO,NO,parent-web/tests/component/Retention.test.tsx | backend/test/retention/retentionRoutes.test.mjs,,,,parent-web/src/pages/privacy/Retention.tsx | parent-web/src/domain/retention.ts | backend/src/http/routes/retentionRoutes.ts | parent-web/src/api/real/realRetentionClient.ts
PCA-FR-094,PCA-10,YES,NO,NO,backend/test/parentaccount/preferencesSafeZonesRoute.test.mjs,,,,backend/src/parentaccount/ParentPreferenceRepository.ts; backend/src/parentaccount/MySqlParentPreferenceRepository.ts; backend/src/http/routes/parentAccountRoutes.ts; backend/migrations/0020_parent_preferences_safe_zones.sql
PCA-FR-095,PCA-10,YES,NO,NO,backend/test/familyrbac/*.test.mjs,,,,"backend/src/familyrbac/** (role resolver, permission matrix, ParentActionAuthorizationService); backend/src/http/routes/familyRbacRoutes.ts (if present) / familyCommercialRoutes.ts role gating"
PCA-FR-096,PCA-10,YES,NO,NO,parent-web/tests/accessibility/axe.test.tsx:136-144,,,,parent-web/src/pages/privacy/Transparency.tsx; parent-web/src/App.tsx:117; parent-web/src/nav/navConfig.ts:42-44
PCA-FR-100,PCA-12,YES,NO,NO,backend/test/retention/retentionRoutes.test.mjs,,,,backend/src/retention/policy.ts (validateRetentionPolicy against 14d/1/3/6/9-month option set)
PCA-FR-101,PCA-12,YES,NO,NO,backend/test/retention/retentionRoutes.test.mjs | parent-web/tests/accessibility/axe.test.tsx,,,,backend/src/retention/policy.ts | backend/src/http/routes/retentionRoutes.ts | parent-web/src/pages/privacy/Retention.tsx
PCA-FR-102,PCA-12,YES,NO,NO,backend/test/retention/retentionRoutes.test.mjs | parent-web/tests/component/Retention.test.tsx,,,,backend/src/retention/engine.ts | backend/src/http/routes/retentionRoutes.ts | parent-web/src/pages/privacy/Retention.tsx | parent-web/src/domain/retention.ts
PCA-FR-103,PCA-12,YES,NO,NO,android/app/src/test/java/org/pca/app/feature/settings/data/,,,,android/app/src/main/java/org/pca/app/feature/settings/data/DeleteNowUseCase.kt + persistence/retention/DeleteNowCoordinator.kt + feature/settings/ui/DeleteNowScreen.kt
PCA-FR-104,PCA-12,PARTIAL,NO,NO,android/app/src/test/java/org/pca/app/persistence/retention/; android/app/src/test/java/org/pca/app/persistence/retention/RetentionMaintenanceCycleTest.kt; android/app/src/test/java/org/pca/app/persistence/RetentionEngineTest.kt; android/app/src/test/java/org/pca/app/runtime/tamper/WallClockRollbackMonitorTest.kt,PRODUCTION_CRYPTO_SECURITY_REVIEW,Blocked by PRODUCTION_CRYPTO_SECURITY_REVIEW,PRODUCTION_CRYPTO_SECURITY_REVIEW,android/app/src/main/java/org/pca/app/persistence/retention/DeleteNowCoordinator.kt + sync/SyncOutboxRepository.kt; android/app/src/main/java/org/pca/app/persistence/retention/RetentionEngine.kt; android/app/src/main/java/org/pca/app/persistence/retention/RetentionMaintenanceCycle.kt
PCA-FR-105,PCA-12,YES,NO,NO,android/app/src/test/java/org/pca/app/persistence/retention/RetentionMaintenanceCycleTest.kt; android/app/src/test/java/org/pca/app/persistence/RetentionEngineTest.kt,,,,android/app/src/main/java/org/pca/app/persistence/retention/RetentionEngine.kt; android/app/src/main/java/org/pca/app/persistence/retention/RetentionMaintenanceCycle.kt; android/app/src/main/java/org/pca/app/runtime/background/RetentionMaintenanceWorker.kt
PCA-FR-110,PCA-16,YES,NO,NO,parent-web/tests/accessibility/axe.test.tsx (13 pages + 1 component rendered and asserted violation-free in the default en/ltr configuration),,,,"parent-web/src/i18n/locales/en.json (593 lines / 477 flattened keys) | parent-web/src/i18n/index.ts (fallbackLng: 'en', supportedLngs ['en','ar'], LTR is the non-RTL default via applyDocumentDirection) | platform-admin-web/src/i18n/locales/en.json (499 lines / 417 flattened keys) | platform-admin-web/src/i18n/index.ts (identical pattern)"
PCA-FR-111,PCA-16,YES,NO,NO,parent-web/tests/i18n/rtl.test.tsx + 4 sibling RTL test files (5 total) -- genuinely render pages with language='ar'/dir='rtl' and assert both the DOM attribute flip and real Arabic text content; platform-admin-web/tests/i18n/rtl.test.tsx adds the same real Dashboard coverage for the operator console.; platform-admin-web/tests/i18n/rtl.test.tsx; ios/PCATests/LocalizationKeyParityTests.swift,,,,"parent-web/src/i18n/locales/ar.json (480 flattened keys) | parent-web/src/i18n/index.ts applyDocumentDirection() | parent-web/src/styles/global.css:134 mirrored-nav rule | platform-admin-web equivalent i18n files -- unchanged from first audit, PLUS this round: parent-web/tests/i18n/rtl.test.tsx (NEW, real test) asserts document.documentElement dir='rtl'/lang='ar' after i18n.changeLanguage('ar') and that Dashboard actually renders the Arabic string لوحة التحكم -- plus parent-web/tests/i18n/deviceEnrollmentRtl.test.tsx, freeAccessRtl.test.tsx, settingsRtl.test.tsx, subscriptionRtl.test.tsx (4 more RTL-specific test files, all new this round, each rendering a real page in the ar/rtl configuration) and platform-admin-web/tests/i18n/rtl.test.tsx (NEW, real Dashboard render with Arabic direction and label assertion).; platform-admin-web/tests/i18n/rtl.test.tsx; ios/PCA/Localizable.xcstrings; ios/PCA/Localization/PCALocalizedStrings.swift"
PCA-FR-112,PCA-16,YES,NO,NO,backend/test/parentaccount/preferencesSafeZonesRoute.test.mjs,,,,backend/src/parentaccount/ParentPreferenceRepository.ts; backend/src/parentaccount/MySqlParentPreferenceRepository.ts; backend/src/http/routes/parentAccountRoutes.ts; parent-web/src/pages/Settings.tsx
PCA-FR-113,PCA-16,YES,NO,NO,backend/test/retention/engine.test.mjs; backend/test/retention/deletionStateMachine.test.mjs; backend/test/export/pipeline.test.mjs; backend/test/commercialnotifications/service.test.mjs; backend/test/i18n/translate.test.mjs; parent-web/tests/i18n/fr113LocaleContent.test.ts; parent-web/tests/mutation/privacyBoundaries.test.ts; backend/test/schedule/engine.test.mjs; backend/test/youtube/policy.test.mjs,,,,backend/src/retention/engine.ts; backend/src/retention/deletionStateMachine.ts; backend/src/retention/deleteNow.ts; backend/src/export/types.ts
PCA-FR-114,PCA-16,YES,NO,NO,android/app/src/test/java/org/pca/app/i18n/ArabicResourceParityTest.kt,,,,android/app/src/main/res/values/strings.xml; android/app/src/main/res/values-ar/strings.xml
PCA-FR-120,PCA-2; PCA-10,YES,NO,NO,,,,,android/app/src/main/java/org/pca/app/feature/webprotection/vpn/WebProtectionVpnService.kt:257-276 (persistent non-dismissible foreground-service notification via setOngoing(true); the general 'PCA protection active' indicator for the VPN specifically)
PCA-FR-121,PCA-10,YES,NO,NO,parent-web/tests/accessibility/axe.test.tsx,,,,parent-web/src/pages/privacy/Transparency.tsx | parent-web/src/App.tsx | parent-web/src/i18n/locales/en.json | parent-web/src/i18n/locales/ar.json
PCA-FR-122,PCA-17,PARTIAL,NO,NO,,PRODUCTION_CRYPTO_SECURITY_REVIEW,Blocked by PRODUCTION_CRYPTO_SECURITY_REVIEW,PRODUCTION_CRYPTO_SECURITY_REVIEW,android/app/src/main/java/org/pca/app/persistence/PcaLocalDatabase.kt (child device is plaintext system of record)
PCA-FR-123,PCA-17,YES,NO,NO,backend/test/security/checkNoAdTrackingSdks.test.mjs; backend/test/security/sdkDisclosure.test.mjs,,,,backend/scripts/checkNoAdTrackingSdks.mjs; backend/src/sdkDisclosure/thirdPartySdks.generated.ts
PCA-FR-124,PCA-12,YES,NO,NO,android/app/src/test/java/org/pca/app/persistence/AuditRecordExportServiceTest.kt; android/app/src/test/java/org/pca/app/persistence/RetentionEngineTest.kt; android/app/src/test/java/org/pca/app/persistence/DeleteNowCoordinatorTest.kt,,,,android/app/src/main/java/org/pca/app/persistence/entity/ParentActionAuditEntity.kt; android/app/src/main/java/org/pca/app/persistence/dao/ParentActionAuditDao.kt; android/app/src/main/java/org/pca/app/persistence/entity/TamperEventEntity.kt; android/app/src/main/java/org/pca/app/persistence/dao/TamperEventDao.kt
PCA-FR-125,PCA-12,PARTIAL,NO,NO,backend/test/export/pipeline.test.mjs,CRYPTO_ACTIVATION,Blocked by CRYPTO_ACTIVATION,CRYPTO_ACTIVATION,"backend/src/export/pipeline.ts, manifest.ts, types.ts; backend/src/http/routes/retentionRoutes.ts (export intake, 202/PENDING)"
PCA-FR-126,PCA-8; PCA-17,YES,NO,NO,,,,,"android/app/src/main/java/org/pca/app (structural absence verified: no android.media.MediaRecorder/AudioRecord usage anywhere in the module; only camera usage is the gated, unimplemented eye-distance CameraProximitySource scaffold which itself never persists frames)"
PCA-FR-127,PCA-17,YES,NO,NO,backend/scripts/checkNoAdTrackingSdks.mjs,,,,android/app/build.gradle.kts; android/build.gradle.kts; android/gradle/libs.versions.toml
PCA-FR-130,PCA-3; PCA-10,YES,NO,NO,backend/test/childrequests/ChildRequestService.test.mjs; backend/test/childrequests/BonusGrantLedger.test.mjs; backend/test/http/childRequestRoutes.test.mjs; backend/test/schedule/engine.test.mjs; android/app/src/test/java/org/pca/app/runtime/schedule/BonusGrantSyncTest.kt; parent-web/tests/component/Requests.test.tsx,PRODUCTION_CRYPTO_SUITE,,PRODUCTION_CRYPTO_SUITE,backend/src/childrequests/ChildRequestService.ts; backend/src/childrequests/BonusGrantLedger.ts; backend/src/childrequests/policy.ts; backend/src/childrequests/types.ts
PCA-FR-131,PCA-2; PCA-10,YES,NO,NO,backend/test/childrequests/ChildRequestService.test.mjs; backend/test/http/childRequestRoutes.test.mjs; backend/test/familyrbac/policy.test.mjs; android/app/src/test/java/org/pca/app/feature/installapproval/InstallApprovalCapabilityResolverTest.kt; android/app/src/test/java/org/pca/app/feature/installapproval/InstallApprovalControllerTest.kt; android/app/src/test/java/org/pca/app/feature/installapproval/InstallApprovalDecisionApplierTest.kt; ios/PCATests/InstallApprovalCapabilityTests.swift; parent-web/tests/component/Requests.test.tsx,PRODUCTION_CRYPTO_SUITE; IOS_MAC_XCODE,,PRODUCTION_CRYPTO_SUITE; IOS_MAC_XCODE,backend/src/childrequests/types.ts; backend/src/childrequests/ChildRequestService.ts; backend/src/childrequests/policy.ts; backend/src/familyrbac/policy.ts
PCA-FR-132,PCA-2; PCA-3,YES,NO,NO,"EmergencyDialIntentTest.kt, EmergencyDialUsageAlertDeliveryTest.kt (unit+androidTest)",,,,"android/app/src/main/java/org/pca/app/feature/breakshield/EmergencyDialIntent.kt, EmergencyDialUsageAlertDelivery.kt (Writer73)"
PCA-FR-133,PCA-1,YES,NO,NO,android/app/src/test/java/org/pca/app/enrollment/EnrollmentContentFilterDefaultTest.kt; android/app/src/test/java/org/pca/app/enrollment/EnrollmentProfileContractTest.kt,,,,android/app/src/main/java/org/pca/app/enrollment/ContentFilterDefault.kt; android/app/src/main/java/org/pca/app/enrollment/screenTimeConfigForEnrollmentProfile.kt; android/app/src/main/java/org/pca/app/runtime/graph/PcaAppGraph.kt
PCA-FR-134,PCA-2; PCA-3,YES,NO,NO,backend/test/schedule/*; ScheduleConformanceVectorTest.kt; PolicyAcceptanceConformanceVectorTest.kt,,,,"backend/src/schedule/engine.ts:68-138; backend/src/schedule/types.ts:91; android SchedulePolicy.kt:121,148,172 (DailyAppLimit); parent-web/src/pages/children/AppsPage.tsx:45 (dailyLimitMinutes)"
PCA-FR-135,PCA-7; PCA-10,YES,NO,NO,backend/test/location/safeZone.test.mjs; backend/test/location/safeZoneRepository.test.mjs; android/app/src/test/java/org/pca/app/runtime/location/geofence/GeofenceEngineTest.kt; android/app/src/test/java/org/pca/app/runtime/location/geofence/SafeZonePolicyReceiverTest.kt; android/app/src/test/java/org/pca/app/runtime/location/geofence/SafeZoneRuntimeTest.kt,PRODUCTION_CRYPTO_SUITE,,PRODUCTION_CRYPTO_SUITE,backend/src/location/safeZone.ts; android/app/src/main/java/org/pca/app/runtime/location/geofence/GeofenceEngine.kt; android/app/src/main/java/org/pca/app/runtime/location/geofence/SafeZonePolicyReceiver.kt; android/app/src/main/java/org/pca/app/runtime/location/geofence/GeofenceZoneStateStore.kt
PCA-FR-136,PCA-17,YES,NO,NO,backend/test/db/schema-privacy.mysql.test.mjs,,,,backend/test/db/schema-privacy.mysql.test.mjs (regression guard: no Enrollment/Licensing Service or Relay schema field capable of holding activity payloads)
PCA-FR-137,PCA-17,YES,NO,NO,backend/test/relay/noPayloadLoggingHttp.test.mjs; backend/test/relay/service.test.mjs; backend/test/security/sdkDisclosure.test.mjs,DEPLOYED_LOG_METRICS_PIPELINE_CONFIG,,DEPLOYED_LOG_METRICS_PIPELINE_CONFIG,"backend/src/relay/** (routing-metadata only surface, expected)"
PCA-FR-138,PCA-11,PARTIAL,NO,NO,backend/test/familyenvelope/policy.test.mjs,CRYPTO_ACTIVATION,Blocked by CRYPTO_ACTIVATION,CRYPTO_ACTIVATION,backend/src/familyenvelope/policy.ts (expiry check as part of ReceiverPipeline)
PCA-FR-139,PCA-10; PCA-11,YES,NO,NO,parent-web/tests/component/PolicyStatusBadge.test.tsx; parent-web/tests/component/DeviceOfflineNotice.test.tsx; parent-web/tests/component/ScreenTimePage.test.tsx; parent-web/tests/unit/policyStatus.test.ts,,,,parent-web/src/pages/children/ScreenTimePage.tsx; parent-web/src/components/common/DeviceOfflineNotice.tsx
PCA-FR-140,PCA-1; PCA-11,YES,NO,NO,ios/PCATests/RecoveryLifecycleTests.swift; android/app/src/test/java/org/pca/app/enrollment/ProfileConfirmationStateTransitionTest.kt; android/app/src/test/java/org/pca/app/enrollment/EnrollmentLifecycleAuditTest.kt; android/app/src/test/java/org/pca/app/enrollment/EnrollmentCoordinatorTest.kt,IOS_MAC_XCODE,,IOS_MAC_XCODE,ios/PCA/Recovery/EnrollmentLifecycle.swift; android/app/src/main/java/org/pca/app/enrollment/EnrollmentState.kt; android/app/src/main/java/org/pca/app/enrollment/EnrollmentLifecycleAudit.kt; android/app/src/main/java/org/pca/app/enrollment/EnrollmentCoordinator.kt
PCA-FR-141,PCA-1; PCA-11,YES,NO,NO,KeyFingerprintTest.kt,,,,android/app/src/main/java/org/pca/app/enrollment/KeyFingerprint.kt; ui/EnrollmentScreen.kt KeyFingerprintConfirmation composable
PCA-FR-142,PCA-1; PCA-11,YES,NO,NO,parent-web/tests/component/DeviceEnrollmentPanel.test.tsx; parent-web/tests/i18n/deviceEnrollmentRtl.test.tsx,,,,parent-web/src/pages/family/DeviceEnrollmentPanel.tsx; parent-web/src/i18n/locales/en.json; parent-web/src/i18n/locales/ar.json
PCA-FR-143,PCA-10; PCA-11,PARTIAL,NO,NO,backend/test/familyrbac/*.test.mjs; backend/test/familytrustset/engine.test.mjs,CRYPTO_ACTIVATION,Blocked by CRYPTO_ACTIVATION,CRYPTO_ACTIVATION,backend/src/familyrbac/** (role removal); backend/src/familytrustset/FamilyTrustSetEngine.ts (key drop from trust set)
PCA-FR-144,PCA-11; PCA-13,YES,NO,NO,ios/PCATests/RecoverySecretDisclosureTests.swift; backend/test/familytrustset/recoveryRedTeam.test.mjs; backend/test/familytrustset/recoveryEngine.test.mjs,IOS_MAC_XCODE,,IOS_MAC_XCODE,ios/PCA/Recovery/RecoverySecretDisclosure.swift; parent-web/src/pages/security/RecoverySecretDisclosure.tsx; parent-web/src/pages/security/Recovery.tsx; parent-web/src/i18n/locales/en.json
PCA-FR-145,PCA-13; PCA-15,PARTIAL,NO,NO,android/app/src/test/java/org/pca/app/feature/removaldecision/RemovalDecisionCoordinatorTest.kt; backend/test/familyrbac/RealProtectiveAuthorityResolver.test.mjs,PENDING_OWNER_DECISION; PRODUCTION_CRYPTO_SUITE,Blocked by PENDING_OWNER_DECISION; PRODUCTION_CRYPTO_SUITE,PENDING_OWNER_DECISION; PRODUCTION_CRYPTO_SUITE,android/app/src/main/java/org/pca/app/platform/DevicePolicyCapabilitySource.kt + ProtectedModeProvisioningGate.kt; android/app/src/main/java/org/pca/app/feature/removaldecision/RemovalDecisionAuditRecorder.kt; android/app/src/main/java/org/pca/app/platform/ProtectedModeProvisioningGate.kt; backend/src/familyrbac/RealProtectiveAuthorityResolver.ts
PCA-FR-146,PCA-11; PCA-13,PARTIAL,NO,NO,backend/test/familytrustset/engine.test.mjs,CRYPTO_ACTIVATION,Blocked by CRYPTO_ACTIVATION,CRYPTO_ACTIVATION,"backend/src/familytrustset/FamilyTrustSetEngine.ts (permanent exclusion, no re-adoption without fresh enrollment)"
PCA-IOS-001,PCA-15,YES,NO,NO,ios/scripts/static-safety-scan.sh (automatable grep-based check for dlopen/dlsym/NSSelectorFromString/method_exchangeImplementations/class_getInstanceMethod/objc_getClass/SBSSpringBoard/LSApplicationWorkspace/MCProfile/jailbreak paths/MobileGestalt/IOKit -- run manually per its own header comment; AUDIT-C ran the equivalent check by hand via grep with the same conclusion: clean),IOS_MAC_XCODE,,IOS_MAC_XCODE,"ios/PCA/ManagedSettings/ShieldSafetyValidator.swift (doc comments explicitly reject reverse-engineering tokens via private symbols); ios/PCA/FamilyControls/ChildAuthorizationState.swift:11 (""Controls API. No private API, no runtime introspection.""); ios/PCA/Location/LocationCapabilityAdapter.swift:7 (same pattern); repo-wide grep across ios/PCA, ios/PCADeviceActivityMonitor, ios/PCAShieldAction, ios/PCAShieldConfiguration for dlopen/dlsym/NSClassFromString/perform(Selector) returned zero matches"
PCA-IOS-002,PCA-15,YES,NO,NO,ios/PCATests (AboutProtectionView/AntiRemovalClaimCopy covered indirectly via ChildAuthorizationCenterTests fixtures; no dedicated snapshot test for copy string content found); ios/PCATests/AntiRemovalClaimCopyTests.swift,,,,"ios/PCA/Protection/AntiRemovalClaimCopy.swift (real, scoped anti-removal copy: statusHeadline strings incl. ""Not yet active""/protected-state variants, explicitly avoids unscoped ""cannot be removed"" claims per doc 07 Section 14 discipline) | ios/PCA/Protection/AboutProtectionView.swift (renders the copy, reachable from ContentView.swift via a real NavigationLink at ContentView.swift:27-33) | ios/PCAShieldAction/ShieldActionExtension.swift (pre-existing anti-bypass invariant comments consistent with this copy's scope); ios/PCA/Protection/AntiRemovalClaimCopy.swift; ios/PCA/Protection/AboutProtectionView.swift; ios/PCA/ContentView.swift"
PCA-IOS-003,PCA-15,YES,NO,NO,"ios/PCATests/EmergencyShieldFloorTests.swift (4 tests: phone-shield rejected, emergency-SOS rejected, well-formed policy accepted, rejection proven independent of signature validity by construction) + ios/PCATests/ShieldSafetyValidatorTests.swift",IOS_MAC_XCODE; IOS_FAMILY_CONTROLS_ENTITLEMENT; IOS_PHYSICAL_DEVICE,,IOS_MAC_XCODE; IOS_FAMILY_CONTROLS_ENTITLEMENT; IOS_PHYSICAL_DEVICE,"ios/PCA/ManagedSettings/ShieldSafetyValidator.swift (ShieldSafetyValidator<Token>, ShieldPolicyValidator<Token>); ios/PCA/ManagedSettings/ManagedSettingsAdapter.swift:47-58 (apply() calls safetyValidator.validate(...) before ever touching ManagedSettingsStore); ios/PCADeviceActivityMonitor/DeviceActivityMonitorExtension.swift applyCurrentDecision(for:) (the REAL production DeviceActivityMonitor extension entry point builds a ShieldPolicyValidator<ApplicationToken> inline from the synced policy's protectedApplicationTokens and guards the managedSettings.shield.applications write on a .accepted outcome)"
PCA-NFR-000,PCA-0,N/A,NO,NO,,,,,docs/architecture/00_DOCUMENT_CONTROL.md:159
PCA-NFR-001,PCA-17; PCA-11,N/A,NO,NO,,DEPLOYED_TLS_TERMINATION_CONFIG,,DEPLOYED_TLS_TERMINATION_CONFIG,
PCA-NFR-002,PCA-17; PCA-11,PARTIAL,NO,NO,android/app/src/test/java/org/pca/app/runtime/sync/,PRODUCTION_CRYPTO_SECURITY_REVIEW,Blocked by PRODUCTION_CRYPTO_SECURITY_REVIEW,PRODUCTION_CRYPTO_SECURITY_REVIEW,android/app/src/main/java/org/pca/app/runtime/sync/envelope/FamilyEnvelope.kt + EnvelopeSignatureVerifier.kt + EnvelopeWireCodec.kt
PCA-NFR-003,PCA-17; PCA-11,YES,NO,NO,,,,,android/app/src/main/java/org/pca/app/foundation/EncryptedSharedPreferencesStateStore.kt
PCA-NFR-004,PCA-17; PCA-11,PARTIAL,NO,NO,android/app/src/test/java/org/pca/app/runtime/sync/; backend/test/security/genesisSignerImportBoundary.test.mjs,PRODUCTION_CRYPTO_SECURITY_REVIEW,Blocked by PRODUCTION_CRYPTO_SECURITY_REVIEW,PRODUCTION_CRYPTO_SECURITY_REVIEW,android/app/src/main/java/org/pca/app/runtime/sync/envelope/EnvelopeSignatureVerifier.kt
PCA-NFR-005,PCA-17; PCA-11,YES,NO,NO,backend/test/runtime-sync/RejectingCryptoVerifiers.test.mjs; backend/test/runtime-sync/http/productionCryptoGateFailClosed.test.mjs,,,,"backend/src/runtime-sync/RejectingCryptoVerifiers.ts; backend/src/runtime-sync/RejectingCryptoVerifiers.ts (explicitly refuses to ship any real/placeholder decryption capability, fails closed instead of a hardcoded bypass key)"
PCA-NFR-006,PCA-17; PCA-11,YES,NO,NO,"QA73 independently ran the SBOM generation command itself and confirmed real CycloneDX 1.6 output (backend 61 components, platform-admin-web 472 components)",,,,.github/workflows/quality-gates.yml dependency-audit job (Writer73): npm audit --audit-level=high (Writer65) + npx @cyclonedx/cyclonedx-npm SBOM generation (Writer73) for backend+platform-admin-web
PCA-NFR-007,PCA-17; PCA-11,YES,NO,NO,backend/test/invitation/*.test.mjs; backend/test/db/authz.mysql.test.mjs,,,,backend/src/invitation/InvitationService.ts (redeemAtomically rejects REDEEMED/EXPIRED); backend/src/invitation/policy.ts
PCA-NFR-008,PCA-17; PCA-11,YES,NO,NO,backend/test/auth/*.test.mjs; backend/test/parentaccount/*.test.mjs,,,,"backend/src/auth/AuthService.ts, token.ts; backend/src/parentaccount/ParentAccountService.ts, cookies.ts"
PCA-NFR-009,PCA-17; PCA-11,YES,NO,NO,backend/test/parentaccount/*.test.mjs,,,,backend/src/parentaccount/rateLimiter.ts; backend/src/parentaccount/policy.ts
PCA-NFR-010,PCA-17,YES,NO,NO,android/app/src/test/java/org/pca/app/platform/proximity/CameraProximitySourceTest.kt,,,,android/app/src/main/java/org/pca/app/platform/proximity/FaceProximityClassifier.kt; android/app/src/main/java/org/pca/app/persistence/entity/ProximityEventEntity.kt
PCA-NFR-011,PCA-17,PARTIAL,NO,NO,,PRODUCTION_CRYPTO_SECURITY_REVIEW,Blocked by PRODUCTION_CRYPTO_SECURITY_REVIEW,PRODUCTION_CRYPTO_SECURITY_REVIEW,android/app/src/main/java/org/pca/app/runtime/sync/envelope/
PCA-NFR-012,PCA-17,YES,NO,NO,backend/test/security/noTelemetryEndpoint.test.mjs,,,,backend/src/http route registration surface
PCA-NFR-013,PCA-17,YES,NO,NO,backend/test/retention/calendar.test.mjs; backend/test/retention/engine.test.mjs,,,,"backend/src/retention/calendar.ts, engine.ts, policy.ts"
PCA-NFR-014,PCA-17,YES,NO,NO,backend/test/telemetry/consent.test.mjs; backend/test/mutation/privacyBoundaries.test.mjs; backend/test/security/noTelemetryEndpoint.test.mjs,TELEMETRY_ACTIVATION_OWNER_SIGNOFF,,TELEMETRY_ACTIVATION_OWNER_SIGNOFF,backend/src/telemetry/consent.ts; backend/src/main.ts
PCA-NFR-015,PCA-17,YES,NO,NO,backend/test/platformadmin/privacy.test.mjs,,,,"backend/src/platformadmin/audit/**; backend/src/platformadmin/auth/rbacPolicy.ts (support-role scope limited to account metadata, no activity-content query surface exists in schema per PCA-DATA-011)"
PCA-NFR-020,PCA-3; PCA-5,YES,NO,NO,android/app/src/test/java/org/pca/app/runtime/schedule/,,,,"android/app/src/main/java/org/pca/app/runtime/schedule/ScheduleRuntime.kt + feature/screentime/engine/ScreenTimeEngine.kt (both operate on locally persisted policy, no network dependency for enforcement continuation)"
PCA-NFR-021,PCA-10,YES,NO,NO,parent-web/tests/component/DashboardFreshnessState.test.tsx; parent-web/tests/component/DeviceOfflineNotice.test.tsx,,,,parent-web/src/domain/types.ts; parent-web/src/pages/Dashboard.tsx; parent-web/src/components/common/DeviceOfflineNotice.tsx
PCA-NFR-022,PCA-5; PCA-17,YES,NO,NO,android/app/src/test/java/org/pca/app/feature/webprotection/securityfeed/,,,,"android/app/src/main/java/org/pca/app/feature/webprotection/policy/WebRulePolicy.kt (default-uncertain/fail-closed policy referenced in doc, security feed fail-closed per status doc); android/app/src/main/java/org/pca/app/feature/webprotection/securityfeed/SignedRulePackageConsumer.kt"
PCA-NFR-023,PCA-2; PCA-3,YES,NO,NO,android/app/src/test/java/org/pca/app/feature/breakshield/,,,,android/app/src/main/java/org/pca/app/feature/breakshield/BreakShieldScreen.kt (emergency button invokes native dialer independent of PCA cloud)
PCA-NFR-024,PCA-11,PARTIAL,NO,NO,backend/test/familyenvelope/dataVersionLedger.test.mjs; backend/test/familyenvelope/messageIdempotencyLedger.test.mjs,CRYPTO_ACTIVATION,Blocked by CRYPTO_ACTIVATION,CRYPTO_ACTIVATION,"backend/src/familyenvelope/DataVersionLedger.ts, MySqlDataVersionLedger.ts; backend/src/familyenvelope/MessageIdempotencyLedger.ts"
PCA-NFR-025,PCA-11,YES,NO,NO,android/app/src/test/java/org/pca/app/runtime/schedule/ScheduleRuntimeRebootOfflineTest.kt; android/app/src/test/java/org/pca/app/persistence/retention/RetentionMaintenanceCycleTest.kt; android/app/src/test/java/org/pca/app/runtime/background/RetentionMaintenanceWorkerTest.kt,CRYPTO_SECURITY_REVIEW; OFFLINE_DEVICE_INTERRUPTION_RECOVERY_VALIDATION,,CRYPTO_SECURITY_REVIEW; OFFLINE_DEVICE_INTERRUPTION_RECOVERY_VALIDATION,android/app/src/main/java/org/pca/app/runtime/schedule/ScheduleRuntime.kt; android/app/src/main/java/org/pca/app/runtime/schedule/ScheduleEnforcementConsumer.kt; parent-web/src/api/real/realParentFamilyDataGateway.ts; parent-web/src/security/localFamilyDataStore.ts
PCA-NFR-030,PCA-8,YES,NO,NO,android/app/src/test/java/org/pca/app/platform/proximity/CameraProximitySourceTest.kt,,,,"android/app/src/main/java/org/pca/app/platform/proximity/CameraProximitySource.kt (foreground-only lifecycle, immediate-stop-on-backgrounding per class doc)"
PCA-NFR-031,PCA-2,YES,NO,NO,android/app/src/test/java/org/pca/app/runtime/screenstate/,,,,"android/app/src/main/java/org/pca/app/runtime/screenstate/ScreenStateObserver.kt (event-driven BroadcastReceiver, not polling)"
PCA-NFR-032,PCA-5,YES,NO,NO,android/app/src/test/java/org/pca/app/feature/webprotection/vpn/VpnDnsRequestHandlerLatencyBenchmarkTest.kt (new); android/app/src/test/java/org/pca/app/feature/webprotection/vpn/VpnDnsRequestHandlerLatencyBenchmarkTest.kt,ANDROID_REAL_DEVICE_UAT,,ANDROID_REAL_DEVICE_UAT,android/app/src/main/java/org/pca/app/feature/webprotection/vpn/VpnDnsRequestHandler.kt; android/app/src/main/java/org/pca/app/feature/webprotection/vpn/VpnDnsRequestHandler.kt
PCA-NFR-033,PCA-2; PCA-15,YES,NO,NO,android/app/src/test/java/org/pca/app/runtime/background/WorkManagerBackgroundExecutionSchedulerTest.kt,,,,"android/app/src/main/java/org/pca/app/runtime/background/BackgroundExecutionScheduler.kt (WorkManagerBackgroundExecutionScheduler, real WorkManager usage) + UsageIngestionWorker.kt"
PCA-NFR-034,PCA-2; PCA-15,YES,NO,NO,android/app/src/test/java/org/pca/app/runtime/background/PcaBatteryBudgetPolicyTest.kt; android/app/src/test/java/org/pca/app/runtime/background/BatteryBudgetedCycleRunnerTest.kt; android/app/src/test/java/org/pca/app/platform/StandardPowerSaveModeSourceTest.kt; android/app/src/test/java/org/pca/app/runtime/graph/PcaAppGraphTest.kt,ANDROID_REAL_DEVICE_UAT; IOS_PHYSICAL_DEVICE; PCA_DEC_009_DISCLOSURE_TEXT,,ANDROID_REAL_DEVICE_UAT; IOS_PHYSICAL_DEVICE; PCA_DEC_009_DISCLOSURE_TEXT,android/app/src/main/java/org/pca/app/runtime/background/PcaBatteryBudgetPolicy.kt; android/app/src/main/java/org/pca/app/runtime/background/BatteryBudgetedCycleRunner.kt; android/app/src/main/java/org/pca/app/runtime/background/BackgroundExecutionScheduler.kt; android/app/src/main/java/org/pca/app/platform/PowerSaveModeSource.kt
PCA-NFR-040,PCA-16,YES,NO,NO,android/app/src/test/java/org/pca/app/accessibility/AccessibilityPreferencesTest.kt,,,,android/app/src/main/java/org/pca/app/accessibility/PcaAccessibilityContent.kt; android/app/src/main/java/org/pca/app/accessibility/AccessibilityPreferences.kt; android/app/src/main/java/org/pca/app/MainActivity.kt; android/app/src/main/java/org/pca/app/enrollment/EnrollmentActivity.kt
PCA-NFR-041,PCA-16,YES,NO,NO,"parent-web/tests/accessibility/axe.test.tsx (23/39 parent-web pages, ~59%, up from 13/39); platform-admin-web/tests/accessibility/axe.test.tsx (21 of platform-admin-web's ~21 real routed surfaces -- effectively full coverage, up from 0); parent-web/tests/accessibility/axe.test.tsx; ios/PCATests/LocalizationKeyParityTests.swift; android/app/src/test/java/org/pca/app/i18n/MixedDirectionIsolationStaticTest.kt; parent-web/e2e/forced-colors.spec.ts; platform-admin-web/e2e/forced-colors.spec.ts",,,,"parent-web: parent-web/tests/accessibility/axe.test.tsx now imports and renders 23 distinct page components (up from 13), confirmed by direct file read -- cross-referenced against parent-web/src/App.tsx's real route list, all 23 imports correspond to genuinely routed pages. platform-admin-web/tests/accessibility/axe.test.tsx is BRAND NEW this round (previously zero axe test files existed): imports and renders all 19 real routed page components in platform-admin-web/src/App.tsx (Dashboard, AccountsList, AccountDetail, Entitlements x2 variants, EntitlementRequests, ComplimentaryCapacity, FreeAccessPolicy, 5 billing pages, 3 settlement pages, AdminUsers, Audit, Settings) plus NotPermitted and NotFound -- 21 test cases total, verified 1:1 against every non-Login route in App.tsx.; parent-web/tests/accessibility/axe.test.tsx; ios/PCA/Localizable.xcstrings; ios/PCA/Localization/PCALocalizedStrings.swift"
PCA-NFR-042,PCA-16,YES,NO,NO,android/app/src/test/java/org/pca/app/feature/breakshield/BreakShieldAccessibilityWiringTest.kt; android/app/src/test/java/org/pca/app/feature/breakshield/BreakShieldFormatDurationTest.kt; android/app/src/test/java/org/pca/app/feature/breakshield/EmergencyDialIntentTest.kt; android/app/src/test/java/org/pca/app/i18n/NoHardcodedUiStringsTest.kt,,,,android/app/src/main/java/org/pca/app/feature/breakshield/BreakShieldScreen.kt; android/app/src/main/res/values/strings.xml; android/app/src/main/res/values-ar/strings.xml
PCA-NFR-043,PCA-16,YES,NO,NO,platform-admin-web/tests/unit/i18nRtl.test.ts; parent-web/tests/i18n/rtl.test.tsx; parent-web/tests/i18n/deviceEnrollmentRtl.test.tsx; parent-web/tests/i18n/freeAccessRtl.test.tsx; parent-web/tests/i18n/settingsRtl.test.tsx; parent-web/tests/i18n/subscriptionRtl.test.tsx,,,,platform-admin-web/src/i18n/index.ts; platform-admin-web/src/i18n/locales/en.json; platform-admin-web/src/i18n/locales/ar.json; platform-admin-web/src/styles/global.css
PCA-NFR-044,PCA-16,YES,NO,NO,android/app/src/test/java/org/pca/app/enrollment/EnrollmentReadingLevelTest.kt; ios/PCATests/EnrollmentProfileTests.swift; android/app/src/test/java/org/pca/app/runtime/ui/ChildHomeReadingLevelTest.kt; android/app/src/test/java/org/pca/app/feature/breakshield/BreakShieldReadingLevelTest.kt; android/app/src/test/java/org/pca/app/feature/webprotection/ui/SafeBrowserReadingLevelTest.kt; android/app/src/test/java/org/pca/app/feature/eyedistance/shield/EyeRestShieldReadingLevelTest.kt,,,,android/app/src/main/java/org/pca/app/enrollment/EnrollmentProfile.kt; android/app/src/main/java/org/pca/app/enrollment/ui/EnrollmentScreen.kt; android/app/src/main/res/values/strings.xml; android/app/src/main/res/values-ar/strings.xml
PCA-NFR-045,PCA-16,YES,NO,NO,parent-web/tests/accessibility/axe.test.tsx (40/40 PASS across all 38 App page routes plus dialog/banner states); platform-admin-web/tests/accessibility/axe.test.tsx (21/21 PASS across all routed admin surfaces),,,,parent-web/src/styles/global.css; platform-admin-web/src/styles/global.css; parent-web/tests/accessibility/axe.test.tsx; platform-admin-web/tests/accessibility/axe.test.tsx
PCA-NFR-050,PCA-0,YES,NO,NO,,,,,"backend/src directory structure itself (auth/authz/billing/entitlements/familyenvelope/familytrustset/recovery/retention/tamper as separate bounded modules, each with its own repository/service/routes layering)"
PCA-NFR-051,PCA-0; PCA-17,YES,NO,NO,backend/test/** (extensive suite exists); backend/test/tooling/RebuildR3DerivedLedgers.test.mjs,,,,docs/implementation/PCA_COMPLETION_V2_MATRIX.json; docs/architecture/32_TRACEABILITY_ACCEPTANCE_MATRIX.md; docs/implementation/R3_FINAL_CURRENT_GAP_REDERIVATION.csv; tooling/release/RebuildR3DerivedLedgers.mjs
PCA-NFR-052,PCA-0,YES,NO,NO,,,,,docs/architecture/00_DOCUMENT_CONTROL.md Section 9 (conflict-entry/change-control process); extensive docs/implementation/addenda/* and PCA_DEC-* decision records referenced throughout architecture docs
PCA-NFR-053,PCA-5; PCA-14,YES,NO,NO,backend/test/safebrowser/*.test.mjs,CRYPTO_ACTIVATION,,CRYPTO_ACTIVATION,"backend/src/safebrowser/** (filter-list distribution); backend/src/web/SignedRulePackageConsumer.ts (signed rule package consumption, implying versioned/signed content)"
PCA-NFR-054,PCA-0,YES,NO,NO,android/app/src/test/java/org/pca/app/feature/screentime/policy/ScreenTimeBaselinePolicyTest.kt; android/app/src/test/java/org/pca/app/feature/screentime/policy/ScreenTimePolicyApplierTest.kt,,,,android/app/src/main/java/org/pca/app/feature/screentime/policy/ScreenTimeBaselinePolicy.kt; android/app/src/main/java/org/pca/app/feature/screentime/policy/ScreenTimePolicyApplier.kt; android/app/src/main/java/org/pca/app/feature/screentime/engine/ScreenTimeEngine.kt
PCA-NFR-060,PCA-17; PCA-10,YES,NO,NO,parent-web/tests/i18n/fr113LocaleContent.test.ts; parent-web/tests/mutation/privacyBoundaries.test.ts,PRODUCER_CATALOGUE_AUDIT_SIGNOFF,,PRODUCER_CATALOGUE_AUDIT_SIGNOFF,parent-web/src/pages/privacy/Transparency.tsx; parent-web/src/i18n/locales/en.json; parent-web/src/i18n/locales/ar.json
PCA-NFR-061,PCA-17; PCA-10,YES,NO,NO,parent-web/tests/component/PermissionsPolicy.test.tsx,,,,parent-web/src/pages/privacy/PermissionsPolicy.tsx; parent-web/src/App.tsx; parent-web/src/nav/navConfig.ts; parent-web/src/i18n/locales/en.json
PCA-NFR-062,PCA-17; PCA-10,YES,NO,NO,backend/test/retention/retentionRoutes.test.mjs; backend/test/retention/retentionRoutes.test.mjs; android/app/src/test/java/org/pca/app/persistence/DeleteNowCoordinatorTest.kt,PRODUCTION_CRYPTO_SUITE,,PRODUCTION_CRYPTO_SUITE,backend/src/http/routes/retentionRoutes.ts (delete-now / export intake without contacting support); backend/src/http/routes/retentionRoutes.ts; android/app/src/main/java/org/pca/app/persistence/retention/DeleteNowCoordinator.kt
PCA-NFR-063,PCA-17; PCA-10,YES,NO,NO,backend/test/db/schema-privacy.mysql.test.mjs; backend/test/platformadmin/privacy.test.mjs,,,,"backend/test/db/schema-privacy.mysql.test.mjs; backend/src/platformadmin/auth/rbacPolicy.ts (support roles have no activity-content query capability by construction, per PCA-DATA-011 schema)"
PCA-NFR-064,PCA-17; PCA-10,YES,NO,NO,backend/test/security/sdkDisclosure.test.mjs,,,,backend/src/http/routes/sdkDisclosureRoutes.ts; backend/src/sdkDisclosure/thirdPartySdks.generated.ts; backend/scripts/generateSdkDisclosure.mjs; backend/scripts/sdkDisclosureCompute.mjs
PCA-PRIV-001,PCA-8,YES,NO,NO,android/app/src/test/java/org/pca/app/feature/eyedistance/ui/EyeDistanceCameraPermissionUiStateResolverTest.kt; android/app/src/test/java/org/pca/app/platform/proximity/CameraProximitySourceTest.kt; android/app/src/test/java/org/pca/app/platform/proximity/CameraPermissionLifecycleTest.kt,CAMERA_REAL_DEVICE_VALIDATION,,CAMERA_REAL_DEVICE_VALIDATION,android/app/src/main/java/org/pca/app/feature/eyedistance/ui/EyeDistanceCameraPermissionScreen.kt; android/app/src/main/java/org/pca/app/feature/eyedistance/ui/EyeDistanceCameraPermissionActivity.kt; android/app/src/main/java/org/pca/app/feature/eyedistance/ui/EyeDistanceCameraPermissionUiState.kt; android/app/src/main/java/org/pca/app/platform/proximity/CameraProximitySource.kt
PCA-PRIV-002,PCA-5; PCA-17,YES,NO,NO,backend/test/security/noTelemetryEndpoint.test.mjs | android/app/src/test/java/org/pca/app/feature/webprotection/privacy/WebProtectionPrivacyStaticScanTest.kt,,,,backend/src/http | android/app/src/main/java/org/pca/app/feature/webprotection/vpn/WebProtectionVpnService.kt | android/app/src/main/java/org/pca/app/feature/webprotection/vpn/VpnMetadataDecisionAdapter.kt
PCA-SEC-001,PCA-1,YES,NO,NO,backend/test/invitation/*.test.mjs; backend/test/db/authz.mysql.test.mjs,,,,"backend/src/invitation/token.ts (generateInvitationToken, 256-bit CSPRNG); backend/src/invitation/policy.ts (resolveInvitationTtlMs default 15min, parent-configurable up to 24h); backend/src/invitation/InvitationService.ts (redeemInvitation single-use via redeemAtomically)"
PCA-SEC-002,PCA-2,YES,NO,NO,,,,,android/app/src/main/java/org/pca/app/feature/webprotection/engine/WebFilterEngine.kt; android/app/src/main/java/org/pca/app/feature/webprotection/vpn/VpnMetadataDecisionAdapter.kt; android/app/src/main/java/org/pca/app/feature/webprotection/vpn/VpnDnsDecisionChannel.kt
PCA-SEC-010,PCA-11,PARTIAL,NO,NO,backend/test/familyenvelope/verifier.test.mjs; backend/test/db/schema-privacy.mysql.test.mjs,CRYPTO_ACTIVATION,Blocked by CRYPTO_ACTIVATION,CRYPTO_ACTIVATION,backend/src/familyenvelope/ReceiverPipeline.ts (ciphertext-only receipt pipeline); backend/src/familyenvelope/types.ts (envelope carries opaque payload only); backend/test/db/schema-privacy.mysql.test.mjs (regression guard against plaintext columns)
PCA-SEC-011,PCA-11,PARTIAL,NO,NO,backend/test/familytrustset/engine.test.mjs; backend/test/familyrbac/*.test.mjs,CRYPTO_ACTIVATION,Blocked by CRYPTO_ACTIVATION,CRYPTO_ACTIVATION,backend/src/familyrbac/TrustSetRoleResolver.ts; backend/src/familytrustset/FamilyTrustSetEngine.ts; backend/src/familytrustset/TrustSetSignatureVerifier.ts
PCA-SEC-012,PCA-11,PARTIAL,NO,NO,backend/test/familyenvelope/policy.test.mjs,CRYPTO_ACTIVATION,Blocked by CRYPTO_ACTIVATION,CRYPTO_ACTIVATION,backend/src/familyenvelope/policy.ts (version monotonicity check); backend/src/familyenvelope/ReceiverPipeline.ts
PCA-SEC-013,PCA-11,PARTIAL,NO,NO,backend/test/familytrustset/engine.test.mjs; backend/test/familytrustset/FdekRotationContract.test.mjs; backend/test/tamper/TamperStateEngine.test.mjs,CRYPTO_ACTIVATION,Blocked by CRYPTO_ACTIVATION,CRYPTO_ACTIVATION,backend/src/familytrustset/FamilyTrustSetEngine.ts; backend/src/familytrustset/FdekRotationContract.ts; backend/src/tamper/TamperStateEngine.ts (REVOKED state)
PCA-SEC-014,PCA-12,YES,NO,NO,backend/test/retention/engine.test.mjs; backend/test/retention/retentionRoutes.test.mjs; android/app/src/test/java/org/pca/app/persistence/RetentionEngineTest.kt; backend/test/retention/engine.test.mjs; backend/test/retention/retentionRoutes.test.mjs,,,,"backend/src/http/routes/retentionRoutes.ts (route comment: ""NONE of these routes execute a real data purge/export against family activity data...device-local/E2EE, never held by this backend""); backend/src/retention/engine.ts, calendar.ts (cutoff-computation library used for policy validation/preview only); android/app/src/main/java/org/pca/app/persistence/retention/RetentionEngine.kt; backend/src/http/routes/retentionRoutes.ts"
PCA-SEC-015,PCA-13; PCA-15,YES,NO,NO,backend/test/recovery/service.test.mjs; backend/test/recovery/RecoveryEnvelopeOpener.test.mjs,,,,"backend/src/recovery/RecoveryEnvelopeCipher.ts; backend/src/recovery/RecoveryRepository.ts / MySqlRecoveryRepository.ts (stores only the opaque authenticated-encrypted recovery envelope, no plaintext/escrow key); backend/test/db/schema-privacy.mysql.test.mjs"
PCA-SEC-017,PCA-11,PARTIAL,NO,NO,backend/test/familyenvelope/verifier.test.mjs,CRYPTO_ACTIVATION,Blocked by CRYPTO_ACTIVATION,CRYPTO_ACTIVATION,backend/src/familyenvelope/EnvelopeSignatureVerifier.ts (interface); backend/src/runtime-sync/RejectingCryptoVerifiers.ts (production default)
PCA-SEC-018,PCA-13; PCA-15,YES,NO,NO,backend/test/recovery/service.test.mjs; backend/test/recovery/RecoveryEnvelopeOpener.test.mjs,,,,"backend/src/recovery/RecoveryEnvelopeCipher.ts; backend/src/recovery/types.ts (opaque recovery-envelope fields: familyId, suite IDs, salt, envelope ID, epochs, encrypted FDEK(s)); backend/src/recovery/MySqlRecoveryRepository.ts"
PCA-SEC-019,PCA-11,PARTIAL,NO,NO,backend/test/familytrustset/FdekRotationContract.test.mjs,CRYPTO_ACTIVATION,Blocked by CRYPTO_ACTIVATION,CRYPTO_ACTIVATION,backend/src/familytrustset/FdekRotationContract.ts
PCA-SEC-020,PCA-13; PCA-15,PARTIAL,NO,NO,backend/test/familytrustset/engine.test.mjs; backend/test/tamper/TamperStateEngine.test.mjs,CRYPTO_ACTIVATION,Blocked by CRYPTO_ACTIVATION,CRYPTO_ACTIVATION,backend/src/familytrustset/FamilyTrustSetEngine.ts; backend/src/tamper/types.ts (TamperState: EPOCH_STALE/DEVICE_OFFLINE/DEGRADED); backend/src/tamper/TamperStateEngine.ts
PCA-SEC-021,PCA-11,YES,NO,NO,backend/test/familyenvelope/replayLedger.test.mjs,,,,backend/src/familyenvelope/ReplayLedger.ts; backend/src/familyenvelope/InMemoryReplayLedger.ts; backend/src/familyenvelope/MySqlReplayLedger.ts
PCA-SEC-022,PCA-11,PARTIAL,NO,NO,backend/test/familyenvelope/verifier.test.mjs; backend/test/familyenvelope/replayLedger.test.mjs; backend/test/familyenvelope/policy.test.mjs,CRYPTO_ACTIVATION,Blocked by CRYPTO_ACTIVATION,CRYPTO_ACTIVATION,"backend/src/familyenvelope/ReceiverPipeline.ts (combines signature, replay, expiry, version checks as independent gates)"
PCA-SEC-023,PCA-17,YES,NO,NO,backend/test/db/schema-privacy.mysql.test.mjs,,,,backend/test/db/schema-privacy.mysql.test.mjs; backend/test/schema-privacy.test.mjs; backend/test/db/billingCoreSchemaPrivacy.mysql.test.mjs (schema-wide regression guard against activity-payload-capable columns/tables)
PCA-SEC-024,PCA-13; PCA-15,YES,NO,NO,,,,,android/app/src/main/java/org/pca/app/foundation/EncryptedSharedPreferencesStateStore.kt
PCA-SEC-025,PCA-2,YES,NO,NO,android/app/src/test/java/org/pca/app/security/AllowBackupManifestTest.kt,,,,android/app/src/main/AndroidManifest.xml
PCA-SEC-026,PCA-12,YES,NO,NO,android/app/src/test/java/org/pca/app/persistence/export/FamilyExportContractTest.kt,CRYPTO_ACTIVATION,,CRYPTO_ACTIVATION,android/app/src/main/java/org/pca/app/persistence/export/FamilyExportContract.kt; android/app/src/main/java/org/pca/app/persistence/export/LocalRoomFamilyExportDataSource.kt; android/app/src/main/java/org/pca/app/persistence/export/AuditRecordExportService.kt; android/app/src/main/java/org/pca/app/persistence/PcaLocalPersistence.kt
