TABLE_NAME,COLUMN_NAME,ORDINAL_POSITION,DATA_TYPE,LENGTH_PRECISION,UNSIGNED,NULLABLE,DEFAULT_VALUE,AUTO_INCREMENT,PRIMARY_KEY,UNIQUE_KEY,INDEXES,FOREIGN_KEY,REFERENCED_TABLE,REFERENCED_COLUMN,ON_DELETE,ON_UPDATE,APPLICATION_ENFORCED_RELATION,CHARSET,COLLATION,COMMENTS_PURPOSE,READERS,WRITERS
account_entitlements,family_id,1,varchar,varchar(128),NO,NO,,NO,YES,,,,,,,,YES -> families.family_id (Soft (unenforced) family_id reference -- schema-wide convention. families.family_id is CHAR(36) ascii_bin; every other table's family_id is VARCHAR(128) utf8mb4_bin. Membership existence is checked at the application layer (AuthzService.requiresFamilyScope).),utf8mb4,utf8mb4_bin,Opaque application identifier (see PCA_RELATIONSHIP_ENFORCEMENT_MATRIX.md for FK/soft-reference classification).,backend/src/entitlements/complimentary/EffectiveEntitlementCapacity.ts;backend/src/entitlements/EntitlementRepository.ts;backend/src/entitlements/MySqlEntitlementRepository.ts;backend/src/entitlements/slots/MySqlSlotReservationRepository.ts;backend/src/platformadmin/readmodels/AccountsReadModel.ts;backend/src/platformadmin/readmodels/DashboardReadModel.ts,backend/src/entitlements/complimentary/EffectiveEntitlementCapacity.ts;backend/src/entitlements/EntitlementRepository.ts;backend/src/entitlements/MySqlEntitlementRepository.ts
account_entitlements,plan_ref,2,varchar,varchar(32),NO,NO,FREE_STARTER,NO,NO,,,,,,,,"YES -> billing_plans.plan_id (Bounded enum-like plan code (e.g. FREE_STARTER), not billing_plans' opaque row id -- type-incompatible by design, same plane-isolation convention.)",utf8mb4,utf8mb4_bin,Opaque application identifier (see PCA_RELATIONSHIP_ENFORCEMENT_MATRIX.md for FK/soft-reference classification).,backend/src/entitlements/complimentary/EffectiveEntitlementCapacity.ts;backend/src/entitlements/EntitlementRepository.ts;backend/src/entitlements/MySqlEntitlementRepository.ts;backend/src/entitlements/slots/MySqlSlotReservationRepository.ts;backend/src/platformadmin/readmodels/AccountsReadModel.ts;backend/src/platformadmin/readmodels/DashboardReadModel.ts,backend/src/entitlements/complimentary/EffectiveEntitlementCapacity.ts;backend/src/entitlements/EntitlementRepository.ts;backend/src/entitlements/MySqlEntitlementRepository.ts
account_entitlements,parent_member_limit,3,int,int,NO,NO,,NO,NO,,,,,,,,,,,"Numeric/boolean operational counter, limit, flag, rate, or version.",backend/src/entitlements/complimentary/EffectiveEntitlementCapacity.ts;backend/src/entitlements/EntitlementRepository.ts;backend/src/entitlements/MySqlEntitlementRepository.ts;backend/src/entitlements/slots/MySqlSlotReservationRepository.ts;backend/src/platformadmin/readmodels/AccountsReadModel.ts;backend/src/platformadmin/readmodels/DashboardReadModel.ts,backend/src/entitlements/complimentary/EffectiveEntitlementCapacity.ts;backend/src/entitlements/EntitlementRepository.ts;backend/src/entitlements/MySqlEntitlementRepository.ts
account_entitlements,managed_device_limit,4,int,int,NO,NO,,NO,NO,,,,,,,,,,,"Numeric/boolean operational counter, limit, flag, rate, or version.",backend/src/entitlements/complimentary/EffectiveEntitlementCapacity.ts;backend/src/entitlements/EntitlementRepository.ts;backend/src/entitlements/MySqlEntitlementRepository.ts;backend/src/entitlements/slots/MySqlSlotReservationRepository.ts;backend/src/platformadmin/readmodels/AccountsReadModel.ts;backend/src/platformadmin/readmodels/DashboardReadModel.ts,backend/src/entitlements/complimentary/EffectiveEntitlementCapacity.ts;backend/src/entitlements/EntitlementRepository.ts;backend/src/entitlements/MySqlEntitlementRepository.ts
account_entitlements,parent_member_used_count,5,int,int,NO,NO,0,NO,NO,,,,,,,,,,,"Numeric/boolean operational counter, limit, flag, rate, or version.",backend/src/entitlements/complimentary/EffectiveEntitlementCapacity.ts;backend/src/entitlements/EntitlementRepository.ts;backend/src/entitlements/MySqlEntitlementRepository.ts;backend/src/entitlements/slots/MySqlSlotReservationRepository.ts;backend/src/platformadmin/readmodels/AccountsReadModel.ts;backend/src/platformadmin/readmodels/DashboardReadModel.ts,backend/src/entitlements/complimentary/EffectiveEntitlementCapacity.ts;backend/src/entitlements/EntitlementRepository.ts;backend/src/entitlements/MySqlEntitlementRepository.ts
account_entitlements,managed_device_active_count,6,int,int,NO,NO,0,NO,NO,,,,,,,,,,,"Numeric/boolean operational counter, limit, flag, rate, or version.",backend/src/entitlements/complimentary/EffectiveEntitlementCapacity.ts;backend/src/entitlements/EntitlementRepository.ts;backend/src/entitlements/MySqlEntitlementRepository.ts;backend/src/entitlements/slots/MySqlSlotReservationRepository.ts;backend/src/platformadmin/readmodels/AccountsReadModel.ts;backend/src/platformadmin/readmodels/DashboardReadModel.ts,backend/src/entitlements/complimentary/EffectiveEntitlementCapacity.ts;backend/src/entitlements/EntitlementRepository.ts;backend/src/entitlements/MySqlEntitlementRepository.ts
account_entitlements,managed_device_reserved_count,7,int,int,NO,NO,0,NO,NO,,,,,,,,,,,"Numeric/boolean operational counter, limit, flag, rate, or version.",backend/src/entitlements/complimentary/EffectiveEntitlementCapacity.ts;backend/src/entitlements/EntitlementRepository.ts;backend/src/entitlements/MySqlEntitlementRepository.ts;backend/src/entitlements/slots/MySqlSlotReservationRepository.ts;backend/src/platformadmin/readmodels/AccountsReadModel.ts;backend/src/platformadmin/readmodels/DashboardReadModel.ts,backend/src/entitlements/complimentary/EffectiveEntitlementCapacity.ts;backend/src/entitlements/EntitlementRepository.ts;backend/src/entitlements/MySqlEntitlementRepository.ts
account_entitlements,over_limit_parent_member,8,tinyint,tinyint(1),NO,NO,0,NO,NO,,,,,,,,,,,"Numeric/boolean operational counter, limit, flag, rate, or version.",backend/src/entitlements/complimentary/EffectiveEntitlementCapacity.ts;backend/src/entitlements/EntitlementRepository.ts;backend/src/entitlements/MySqlEntitlementRepository.ts;backend/src/entitlements/slots/MySqlSlotReservationRepository.ts;backend/src/platformadmin/readmodels/AccountsReadModel.ts;backend/src/platformadmin/readmodels/DashboardReadModel.ts,backend/src/entitlements/complimentary/EffectiveEntitlementCapacity.ts;backend/src/entitlements/EntitlementRepository.ts;backend/src/entitlements/MySqlEntitlementRepository.ts
account_entitlements,over_limit_managed_device,9,tinyint,tinyint(1),NO,NO,0,NO,NO,,,,,,,,,,,"Numeric/boolean operational counter, limit, flag, rate, or version.",backend/src/entitlements/complimentary/EffectiveEntitlementCapacity.ts;backend/src/entitlements/EntitlementRepository.ts;backend/src/entitlements/MySqlEntitlementRepository.ts;backend/src/entitlements/slots/MySqlSlotReservationRepository.ts;backend/src/platformadmin/readmodels/AccountsReadModel.ts;backend/src/platformadmin/readmodels/DashboardReadModel.ts,backend/src/entitlements/complimentary/EffectiveEntitlementCapacity.ts;backend/src/entitlements/EntitlementRepository.ts;backend/src/entitlements/MySqlEntitlementRepository.ts
account_entitlements,revision,10,bigint,bigint,NO,NO,0,NO,NO,,,,,,,,,,,"Numeric/boolean operational counter, limit, flag, rate, or version.",backend/src/entitlements/complimentary/EffectiveEntitlementCapacity.ts;backend/src/entitlements/EntitlementRepository.ts;backend/src/entitlements/MySqlEntitlementRepository.ts;backend/src/entitlements/slots/MySqlSlotReservationRepository.ts;backend/src/platformadmin/readmodels/AccountsReadModel.ts;backend/src/platformadmin/readmodels/DashboardReadModel.ts,backend/src/entitlements/complimentary/EffectiveEntitlementCapacity.ts;backend/src/entitlements/EntitlementRepository.ts;backend/src/entitlements/MySqlEntitlementRepository.ts
account_entitlements,created_at,11,datetime,datetime(3),NO,NO,CURRENT_TIMESTAMP(3),NO,NO,,,,,,,,,,,Timestamp.,backend/src/entitlements/complimentary/EffectiveEntitlementCapacity.ts;backend/src/entitlements/EntitlementRepository.ts;backend/src/entitlements/MySqlEntitlementRepository.ts;backend/src/entitlements/slots/MySqlSlotReservationRepository.ts;backend/src/platformadmin/readmodels/AccountsReadModel.ts;backend/src/platformadmin/readmodels/DashboardReadModel.ts,backend/src/entitlements/complimentary/EffectiveEntitlementCapacity.ts;backend/src/entitlements/EntitlementRepository.ts;backend/src/entitlements/MySqlEntitlementRepository.ts
account_entitlements,updated_at,12,datetime,datetime(3),NO,NO,CURRENT_TIMESTAMP(3),NO,NO,,,,,,,,,,,Timestamp.,backend/src/entitlements/complimentary/EffectiveEntitlementCapacity.ts;backend/src/entitlements/EntitlementRepository.ts;backend/src/entitlements/MySqlEntitlementRepository.ts;backend/src/entitlements/slots/MySqlSlotReservationRepository.ts;backend/src/platformadmin/readmodels/AccountsReadModel.ts;backend/src/platformadmin/readmodels/DashboardReadModel.ts,backend/src/entitlements/complimentary/EffectiveEntitlementCapacity.ts;backend/src/entitlements/EntitlementRepository.ts;backend/src/entitlements/MySqlEntitlementRepository.ts
billing_commercial_markets,commercial_market,1,varchar,varchar(16),NO,NO,,NO,YES,,,,,,,,,ascii,ascii_bin,Closed-vocabulary status/type/category/currency/market column.,,
billing_commercial_markets,default_currency_code,2,char,char(3),NO,NO,,NO,NO,,billing_commercial_markets_currency_fk,billing_commercial_markets_currency_fk,billing_currencies,currency_code,NO ACTION,NO ACTION,,ascii,ascii_bin,Closed-vocabulary status/type/category/currency/market column.,,
billing_country_market_rules,country_code,1,char,char(2),NO,NO,,NO,YES,,,,,,,,,ascii,ascii_bin,Closed-vocabulary status/type/category/currency/market column.,backend/src/billing/market.ts,backend/src/billing/market.ts
billing_country_market_rules,commercial_market,2,varchar,varchar(16),NO,NO,,NO,NO,,billing_country_market_rules_market_fk,billing_country_market_rules_market_fk,billing_commercial_markets,commercial_market,NO ACTION,NO ACTION,,ascii,ascii_bin,Closed-vocabulary status/type/category/currency/market column.,backend/src/billing/market.ts,backend/src/billing/market.ts
billing_country_market_rules,created_at,3,datetime,datetime(3),NO,NO,CURRENT_TIMESTAMP(3),NO,NO,,,,,,,,,,,Timestamp.,backend/src/billing/market.ts,backend/src/billing/market.ts
billing_currencies,currency_code,1,char,char(3),NO,NO,,NO,YES,,,,,,,,,ascii,ascii_bin,Closed-vocabulary status/type/category/currency/market column.,,
billing_currencies,minor_unit_exponent,2,tinyint,tinyint unsigned,YES,NO,,NO,NO,,,,,,,,,,,"Numeric/boolean operational counter, limit, flag, rate, or version.",,
billing_currencies,enabled,3,tinyint,tinyint(1),NO,NO,1,NO,NO,,,,,,,,,,,"Numeric/boolean operational counter, limit, flag, rate, or version.",,
billing_disputes,dispute_id,1,char,char(36),NO,NO,,NO,YES,,,,,,,,,ascii,ascii_bin,Opaque application identifier (see PCA_RELATIONSHIP_ENFORCEMENT_MATRIX.md for FK/soft-reference classification).,backend/src/billing/dispute.ts;backend/src/platformadmin/readmodels/BillingReadModel.ts;backend/src/platformadmin/readmodels/DashboardReadModel.ts,backend/src/billing/dispute.ts;backend/src/platformadmin/readmodels/BillingReadModel.ts
billing_disputes,payment_transaction_id,2,char,char(36),NO,NO,,NO,NO,,billing_disputes_transaction_idx,billing_disputes_transaction_fk,billing_payment_transactions,payment_transaction_id,NO ACTION,NO ACTION,,ascii,ascii_bin,Opaque application identifier (see PCA_RELATIONSHIP_ENFORCEMENT_MATRIX.md for FK/soft-reference classification).,backend/src/billing/dispute.ts;backend/src/platformadmin/readmodels/BillingReadModel.ts;backend/src/platformadmin/readmodels/DashboardReadModel.ts,backend/src/billing/dispute.ts;backend/src/platformadmin/readmodels/BillingReadModel.ts
billing_disputes,status,3,varchar,varchar(16),NO,NO,,NO,NO,,,,,,,,,utf8mb4,utf8mb4_bin,Closed-vocabulary status/type/category/currency/market column.,backend/src/billing/dispute.ts;backend/src/platformadmin/readmodels/BillingReadModel.ts;backend/src/platformadmin/readmodels/DashboardReadModel.ts,backend/src/billing/dispute.ts;backend/src/platformadmin/readmodels/BillingReadModel.ts
billing_disputes,evidence_submitted_at,4,datetime,datetime(3),NO,YES,,NO,NO,,,,,,,,,,,Timestamp.,backend/src/billing/dispute.ts;backend/src/platformadmin/readmodels/BillingReadModel.ts;backend/src/platformadmin/readmodels/DashboardReadModel.ts,backend/src/billing/dispute.ts;backend/src/platformadmin/readmodels/BillingReadModel.ts
billing_disputes,evidence_due_at,5,datetime,datetime(3),NO,YES,,NO,NO,,,,,,,,,,,Timestamp.,backend/src/billing/dispute.ts;backend/src/platformadmin/readmodels/BillingReadModel.ts;backend/src/platformadmin/readmodels/DashboardReadModel.ts,backend/src/billing/dispute.ts;backend/src/platformadmin/readmodels/BillingReadModel.ts
billing_disputes,created_at,6,datetime,datetime(3),NO,NO,CURRENT_TIMESTAMP(3),NO,NO,,,,,,,,,,,Timestamp.,backend/src/billing/dispute.ts;backend/src/platformadmin/readmodels/BillingReadModel.ts;backend/src/platformadmin/readmodels/DashboardReadModel.ts,backend/src/billing/dispute.ts;backend/src/platformadmin/readmodels/BillingReadModel.ts
billing_disputes,updated_at,7,datetime,datetime(3),NO,NO,CURRENT_TIMESTAMP(3),NO,NO,,,,,,,,,,,Timestamp.,backend/src/billing/dispute.ts;backend/src/platformadmin/readmodels/BillingReadModel.ts;backend/src/platformadmin/readmodels/DashboardReadModel.ts,backend/src/billing/dispute.ts;backend/src/platformadmin/readmodels/BillingReadModel.ts
billing_invoice_lines,invoice_line_id,1,char,char(36),NO,NO,,NO,YES,,,,,,,,,ascii,ascii_bin,Opaque application identifier (see PCA_RELATIONSHIP_ENFORCEMENT_MATRIX.md for FK/soft-reference classification).,backend/src/familycommercial/FamilyInvoiceReadRepository.ts,backend/src/billing/invoice.ts
billing_invoice_lines,invoice_id,2,char,char(36),NO,NO,,NO,NO,,billing_invoice_lines_invoice_id_idx,billing_invoice_lines_invoice_fk,billing_invoices,invoice_id,NO ACTION,NO ACTION,,ascii,ascii_bin,Opaque application identifier (see PCA_RELATIONSHIP_ENFORCEMENT_MATRIX.md for FK/soft-reference classification).,backend/src/familycommercial/FamilyInvoiceReadRepository.ts,backend/src/billing/invoice.ts
billing_invoice_lines,description,3,varchar,varchar(255),NO,NO,,NO,NO,,,,,,,,,utf8mb4,utf8mb4_bin,"Parent-visible billing/display label (e.g. invoice line description, masked card label) — not child/family activity content.",backend/src/familycommercial/FamilyInvoiceReadRepository.ts,backend/src/billing/invoice.ts
billing_invoice_lines,line_type,4,varchar,varchar(32),NO,NO,,NO,NO,,,,,,,,,utf8mb4,utf8mb4_bin,Closed-vocabulary status/type/category/currency/market column.,backend/src/familycommercial/FamilyInvoiceReadRepository.ts,backend/src/billing/invoice.ts
billing_invoice_lines,amount_minor,5,bigint,bigint,NO,NO,,NO,NO,,,,,,,,,,,"Numeric/boolean operational counter, limit, flag, rate, or version.",backend/src/familycommercial/FamilyInvoiceReadRepository.ts,backend/src/billing/invoice.ts
billing_invoice_lines,currency_code,6,char,char(3),NO,NO,,NO,NO,,billing_invoice_lines_currency_fk,billing_invoice_lines_currency_fk,billing_currencies,currency_code,NO ACTION,NO ACTION,,ascii,ascii_bin,Closed-vocabulary status/type/category/currency/market column.,backend/src/familycommercial/FamilyInvoiceReadRepository.ts,backend/src/billing/invoice.ts
billing_invoice_lines,quantity,7,int,int unsigned,YES,NO,1,NO,NO,,,,,,,,,,,"Numeric/boolean operational counter, limit, flag, rate, or version.",backend/src/familycommercial/FamilyInvoiceReadRepository.ts,backend/src/billing/invoice.ts
billing_invoice_lines,plan_id,8,char,char(36),NO,YES,,NO,NO,,billing_invoice_lines_plan_fk,billing_invoice_lines_plan_fk,billing_plans,plan_id,NO ACTION,NO ACTION,,ascii,ascii_bin,Opaque application identifier (see PCA_RELATIONSHIP_ENFORCEMENT_MATRIX.md for FK/soft-reference classification).,backend/src/familycommercial/FamilyInvoiceReadRepository.ts,backend/src/billing/invoice.ts
billing_invoice_lines,price_book_id,9,char,char(36),NO,YES,,NO,NO,,billing_invoice_lines_price_book_fk,billing_invoice_lines_price_book_fk,billing_price_books,price_book_id,NO ACTION,NO ACTION,,ascii,ascii_bin,Opaque application identifier (see PCA_RELATIONSHIP_ENFORCEMENT_MATRIX.md for FK/soft-reference classification).,backend/src/familycommercial/FamilyInvoiceReadRepository.ts,backend/src/billing/invoice.ts
billing_invoice_lines,created_at,10,datetime,datetime(3),NO,NO,CURRENT_TIMESTAMP(3),NO,NO,,,,,,,,,,,Timestamp.,backend/src/familycommercial/FamilyInvoiceReadRepository.ts,backend/src/billing/invoice.ts
billing_invoices,invoice_id,1,char,char(36),NO,NO,,NO,YES,,,,,,,,,ascii,ascii_bin,Opaque application identifier (see PCA_RELATIONSHIP_ENFORCEMENT_MATRIX.md for FK/soft-reference classification).,backend/src/billing/invoice.ts;backend/src/familycommercial/FamilyInvoiceReadRepository.ts;backend/src/platformadmin/readmodels/BillingReadModel.ts;backend/src/platformadmin/readmodels/DashboardReadModel.ts,backend/src/billing/invoice.ts
billing_invoices,account_ref,2,varchar,varchar(64),NO,NO,,NO,NO,,billing_invoices_account_ref_idx,,,,,,YES -> parent_accounts.account_id (Billing/commercial plane isolation from the family plane.),utf8mb4,utf8mb4_bin,Opaque application identifier (see PCA_RELATIONSHIP_ENFORCEMENT_MATRIX.md for FK/soft-reference classification).,backend/src/billing/invoice.ts;backend/src/familycommercial/FamilyInvoiceReadRepository.ts;backend/src/platformadmin/readmodels/BillingReadModel.ts;backend/src/platformadmin/readmodels/DashboardReadModel.ts,backend/src/billing/invoice.ts
billing_invoices,subscription_id,3,char,char(36),NO,YES,,NO,NO,,billing_invoices_subscription_fk,billing_invoices_subscription_fk,billing_subscriptions,subscription_id,NO ACTION,NO ACTION,,ascii,ascii_bin,Opaque application identifier (see PCA_RELATIONSHIP_ENFORCEMENT_MATRIX.md for FK/soft-reference classification).,backend/src/billing/invoice.ts;backend/src/familycommercial/FamilyInvoiceReadRepository.ts;backend/src/platformadmin/readmodels/BillingReadModel.ts;backend/src/platformadmin/readmodels/DashboardReadModel.ts,backend/src/billing/invoice.ts
billing_invoices,status,4,varchar,varchar(16),NO,NO,,NO,NO,,,,,,,,,utf8mb4,utf8mb4_bin,Closed-vocabulary status/type/category/currency/market column.,backend/src/billing/invoice.ts;backend/src/familycommercial/FamilyInvoiceReadRepository.ts;backend/src/platformadmin/readmodels/BillingReadModel.ts;backend/src/platformadmin/readmodels/DashboardReadModel.ts,backend/src/billing/invoice.ts
billing_invoices,currency_code,5,char,char(3),NO,NO,,NO,NO,,billing_invoices_currency_fk,billing_invoices_currency_fk,billing_currencies,currency_code,NO ACTION,NO ACTION,,ascii,ascii_bin,Closed-vocabulary status/type/category/currency/market column.,backend/src/billing/invoice.ts;backend/src/familycommercial/FamilyInvoiceReadRepository.ts;backend/src/platformadmin/readmodels/BillingReadModel.ts;backend/src/platformadmin/readmodels/DashboardReadModel.ts,backend/src/billing/invoice.ts
billing_invoices,total_amount_minor,6,bigint,bigint,NO,NO,,NO,NO,,,,,,,,,,,"Numeric/boolean operational counter, limit, flag, rate, or version.",backend/src/billing/invoice.ts;backend/src/familycommercial/FamilyInvoiceReadRepository.ts;backend/src/platformadmin/readmodels/BillingReadModel.ts;backend/src/platformadmin/readmodels/DashboardReadModel.ts,backend/src/billing/invoice.ts
billing_invoices,created_at,7,datetime,datetime(3),NO,NO,CURRENT_TIMESTAMP(3),NO,NO,,,,,,,,,,,Timestamp.,backend/src/billing/invoice.ts;backend/src/familycommercial/FamilyInvoiceReadRepository.ts;backend/src/platformadmin/readmodels/BillingReadModel.ts;backend/src/platformadmin/readmodels/DashboardReadModel.ts,backend/src/billing/invoice.ts
billing_invoices,due_at,8,datetime,datetime(3),NO,YES,,NO,NO,,,,,,,,,,,Timestamp.,backend/src/billing/invoice.ts;backend/src/familycommercial/FamilyInvoiceReadRepository.ts;backend/src/platformadmin/readmodels/BillingReadModel.ts;backend/src/platformadmin/readmodels/DashboardReadModel.ts,backend/src/billing/invoice.ts
billing_invoices,period_start,9,datetime,datetime(3),NO,YES,,NO,NO,,,,,,,,,,,Timestamp.,backend/src/billing/invoice.ts;backend/src/familycommercial/FamilyInvoiceReadRepository.ts;backend/src/platformadmin/readmodels/BillingReadModel.ts;backend/src/platformadmin/readmodels/DashboardReadModel.ts,backend/src/billing/invoice.ts
billing_invoices,period_end,10,datetime,datetime(3),NO,YES,,NO,NO,,,,,,,,,,,Timestamp.,backend/src/billing/invoice.ts;backend/src/familycommercial/FamilyInvoiceReadRepository.ts;backend/src/platformadmin/readmodels/BillingReadModel.ts;backend/src/platformadmin/readmodels/DashboardReadModel.ts,backend/src/billing/invoice.ts
billing_payment_attempts,payment_attempt_id,1,char,char(36),NO,NO,,NO,YES,,,,,,,,,ascii,ascii_bin,Opaque application identifier (see PCA_RELATIONSHIP_ENFORCEMENT_MATRIX.md for FK/soft-reference classification).,backend/src/billing/payment.ts;backend/src/billing/shared/paymentAttemptLookup.ts;backend/src/platformadmin/readmodels/BillingReadModel.ts;backend/src/platformadmin/readmodels/DashboardReadModel.ts,backend/src/billing/payment.ts
billing_payment_attempts,account_ref,2,varchar,varchar(64),NO,NO,,NO,NO,,billing_payment_attempts_account_ref_idx,,,,,,YES -> parent_accounts.account_id (Billing/commercial plane isolation from the family plane.),utf8mb4,utf8mb4_bin,Opaque application identifier (see PCA_RELATIONSHIP_ENFORCEMENT_MATRIX.md for FK/soft-reference classification).,backend/src/billing/payment.ts;backend/src/billing/shared/paymentAttemptLookup.ts;backend/src/platformadmin/readmodels/BillingReadModel.ts;backend/src/platformadmin/readmodels/DashboardReadModel.ts,backend/src/billing/payment.ts
billing_payment_attempts,invoice_id,3,char,char(36),NO,YES,,NO,NO,,billing_payment_attempts_invoice_id_idx,billing_payment_attempts_invoice_fk,billing_invoices,invoice_id,NO ACTION,NO ACTION,,ascii,ascii_bin,Opaque application identifier (see PCA_RELATIONSHIP_ENFORCEMENT_MATRIX.md for FK/soft-reference classification).,backend/src/billing/payment.ts;backend/src/billing/shared/paymentAttemptLookup.ts;backend/src/platformadmin/readmodels/BillingReadModel.ts;backend/src/platformadmin/readmodels/DashboardReadModel.ts,backend/src/billing/payment.ts
billing_payment_attempts,increase_request_ref,4,varchar,varchar(64),NO,YES,,NO,NO,,billing_payment_attempts_increase_request_ref_idx,,,,,,YES -> entitlement_change_requests.request_id (Opaque identifier of the entitlement increase-request this payment corresponds to; no FK.),utf8mb4,utf8mb4_bin,Opaque application identifier (see PCA_RELATIONSHIP_ENFORCEMENT_MATRIX.md for FK/soft-reference classification).,backend/src/billing/payment.ts;backend/src/billing/shared/paymentAttemptLookup.ts;backend/src/platformadmin/readmodels/BillingReadModel.ts;backend/src/platformadmin/readmodels/DashboardReadModel.ts,backend/src/billing/payment.ts
billing_payment_attempts,payment_method_id,5,char,char(36),NO,YES,,NO,NO,,billing_payment_attempts_payment_method_fk,billing_payment_attempts_payment_method_fk,billing_payment_methods,payment_method_id,NO ACTION,NO ACTION,,ascii,ascii_bin,Opaque application identifier (see PCA_RELATIONSHIP_ENFORCEMENT_MATRIX.md for FK/soft-reference classification).,backend/src/billing/payment.ts;backend/src/billing/shared/paymentAttemptLookup.ts;backend/src/platformadmin/readmodels/BillingReadModel.ts;backend/src/platformadmin/readmodels/DashboardReadModel.ts,backend/src/billing/payment.ts
billing_payment_attempts,quote_id,6,char,char(36),NO,YES,,NO,NO,,billing_payment_attempts_quote_fk,billing_payment_attempts_quote_fk,billing_quotes,quote_id,NO ACTION,NO ACTION,,ascii,ascii_bin,Opaque application identifier (see PCA_RELATIONSHIP_ENFORCEMENT_MATRIX.md for FK/soft-reference classification).,backend/src/billing/payment.ts;backend/src/billing/shared/paymentAttemptLookup.ts;backend/src/platformadmin/readmodels/BillingReadModel.ts;backend/src/platformadmin/readmodels/DashboardReadModel.ts,backend/src/billing/payment.ts
billing_payment_attempts,price_book_id,7,char,char(36),NO,YES,,NO,NO,,billing_payment_attempts_price_book_fk,billing_payment_attempts_price_book_fk,billing_price_books,price_book_id,NO ACTION,NO ACTION,,ascii,ascii_bin,Opaque application identifier (see PCA_RELATIONSHIP_ENFORCEMENT_MATRIX.md for FK/soft-reference classification).,backend/src/billing/payment.ts;backend/src/billing/shared/paymentAttemptLookup.ts;backend/src/platformadmin/readmodels/BillingReadModel.ts;backend/src/platformadmin/readmodels/DashboardReadModel.ts,backend/src/billing/payment.ts
billing_payment_attempts,price_book_version,8,int,int unsigned,YES,YES,,NO,NO,,,,,,,,,,,"Numeric/boolean operational counter, limit, flag, rate, or version.",backend/src/billing/payment.ts;backend/src/billing/shared/paymentAttemptLookup.ts;backend/src/platformadmin/readmodels/BillingReadModel.ts;backend/src/platformadmin/readmodels/DashboardReadModel.ts,backend/src/billing/payment.ts
billing_payment_attempts,target_device_limit,9,int,int unsigned,YES,YES,,NO,NO,,,,,,,,,,,"Numeric/boolean operational counter, limit, flag, rate, or version.",backend/src/billing/payment.ts;backend/src/billing/shared/paymentAttemptLookup.ts;backend/src/platformadmin/readmodels/BillingReadModel.ts;backend/src/platformadmin/readmodels/DashboardReadModel.ts,backend/src/billing/payment.ts
billing_payment_attempts,amount_minor,10,bigint,bigint,NO,NO,,NO,NO,,,,,,,,,,,"Numeric/boolean operational counter, limit, flag, rate, or version.",backend/src/billing/payment.ts;backend/src/billing/shared/paymentAttemptLookup.ts;backend/src/platformadmin/readmodels/BillingReadModel.ts;backend/src/platformadmin/readmodels/DashboardReadModel.ts,backend/src/billing/payment.ts
billing_payment_attempts,currency_code,11,char,char(3),NO,NO,,NO,NO,,billing_payment_attempts_currency_fk,billing_payment_attempts_currency_fk,billing_currencies,currency_code,NO ACTION,NO ACTION,,ascii,ascii_bin,Closed-vocabulary status/type/category/currency/market column.,backend/src/billing/payment.ts;backend/src/billing/shared/paymentAttemptLookup.ts;backend/src/platformadmin/readmodels/BillingReadModel.ts;backend/src/platformadmin/readmodels/DashboardReadModel.ts,backend/src/billing/payment.ts
billing_payment_attempts,status,12,varchar,varchar(16),NO,NO,,NO,NO,,,,,,,,,utf8mb4,utf8mb4_bin,Closed-vocabulary status/type/category/currency/market column.,backend/src/billing/payment.ts;backend/src/billing/shared/paymentAttemptLookup.ts;backend/src/platformadmin/readmodels/BillingReadModel.ts;backend/src/platformadmin/readmodels/DashboardReadModel.ts,backend/src/billing/payment.ts
billing_payment_attempts,provider,13,varchar,varchar(32),NO,YES,,NO,NO,,,,,,,,,utf8mb4,utf8mb4_bin,Closed-vocabulary status/type/category/currency/market column.,backend/src/billing/payment.ts;backend/src/billing/shared/paymentAttemptLookup.ts;backend/src/platformadmin/readmodels/BillingReadModel.ts;backend/src/platformadmin/readmodels/DashboardReadModel.ts,backend/src/billing/payment.ts
billing_payment_attempts,provider_reference,14,varchar,varchar(128),NO,YES,,NO,NO,,,,,,,,,utf8mb4,utf8mb4_bin,"External payment provider's own correlation string, not a PCA table reference.",backend/src/billing/payment.ts;backend/src/billing/shared/paymentAttemptLookup.ts;backend/src/platformadmin/readmodels/BillingReadModel.ts;backend/src/platformadmin/readmodels/DashboardReadModel.ts,backend/src/billing/payment.ts
billing_payment_attempts,created_at,15,datetime,datetime(3),NO,NO,CURRENT_TIMESTAMP(3),NO,NO,,,,,,,,,,,Timestamp.,backend/src/billing/payment.ts;backend/src/billing/shared/paymentAttemptLookup.ts;backend/src/platformadmin/readmodels/BillingReadModel.ts;backend/src/platformadmin/readmodels/DashboardReadModel.ts,backend/src/billing/payment.ts
billing_payment_attempts,updated_at,16,datetime,datetime(3),NO,NO,CURRENT_TIMESTAMP(3),NO,NO,,,,,,,,,,,Timestamp.,backend/src/billing/payment.ts;backend/src/billing/shared/paymentAttemptLookup.ts;backend/src/platformadmin/readmodels/BillingReadModel.ts;backend/src/platformadmin/readmodels/DashboardReadModel.ts,backend/src/billing/payment.ts
billing_payment_methods,payment_method_id,1,char,char(36),NO,NO,,NO,YES,,,,,,,,,ascii,ascii_bin,Opaque application identifier (see PCA_RELATIONSHIP_ENFORCEMENT_MATRIX.md for FK/soft-reference classification).,backend/src/billing/paymentMethod.ts,backend/src/billing/paymentMethod.ts
billing_payment_methods,account_ref,2,varchar,varchar(64),NO,NO,,NO,NO,,billing_payment_methods_account_ref_idx,,,,,,YES -> parent_accounts.account_id (Billing/commercial plane isolation from the family plane.),utf8mb4,utf8mb4_bin,Opaque application identifier (see PCA_RELATIONSHIP_ENFORCEMENT_MATRIX.md for FK/soft-reference classification).,backend/src/billing/paymentMethod.ts,backend/src/billing/paymentMethod.ts
billing_payment_methods,provider,3,varchar,varchar(32),NO,NO,,NO,NO,,,,,,,,,utf8mb4,utf8mb4_bin,Closed-vocabulary status/type/category/currency/market column.,backend/src/billing/paymentMethod.ts,backend/src/billing/paymentMethod.ts
billing_payment_methods,provider_payment_method_ref,4,varchar,varchar(128),NO,NO,,NO,NO,,,,,,,,,utf8mb4,utf8mb4_bin,Opaque application identifier (see PCA_RELATIONSHIP_ENFORCEMENT_MATRIX.md for FK/soft-reference classification).,backend/src/billing/paymentMethod.ts,backend/src/billing/paymentMethod.ts
billing_payment_methods,brand,5,varchar,varchar(32),NO,YES,,NO,NO,,,,,,,,,utf8mb4,utf8mb4_bin,Closed-vocabulary status/type/category/currency/market column.,backend/src/billing/paymentMethod.ts,backend/src/billing/paymentMethod.ts
billing_payment_methods,display_label,6,varchar,varchar(64),NO,NO,,NO,NO,,,,,,,,,utf8mb4,utf8mb4_bin,"Parent-visible billing/display label (e.g. invoice line description, masked card label) — not child/family activity content.",backend/src/billing/paymentMethod.ts,backend/src/billing/paymentMethod.ts
billing_payment_methods,last4,7,char,char(4),NO,YES,,NO,NO,,,,,,,,,ascii,ascii_bin,"Last 4 digits of a payment card, standard minimal display data.",backend/src/billing/paymentMethod.ts,backend/src/billing/paymentMethod.ts
billing_payment_methods,expiry_month,8,tinyint,tinyint unsigned,YES,YES,,NO,NO,,,,,,,,,,,"Numeric/boolean operational counter, limit, flag, rate, or version.",backend/src/billing/paymentMethod.ts,backend/src/billing/paymentMethod.ts
billing_payment_methods,expiry_year,9,smallint,smallint unsigned,YES,YES,,NO,NO,,,,,,,,,,,"Numeric/boolean operational counter, limit, flag, rate, or version.",backend/src/billing/paymentMethod.ts,backend/src/billing/paymentMethod.ts
billing_payment_methods,status,10,varchar,varchar(16),NO,NO,,NO,NO,,,,,,,,,utf8mb4,utf8mb4_bin,Closed-vocabulary status/type/category/currency/market column.,backend/src/billing/paymentMethod.ts,backend/src/billing/paymentMethod.ts
billing_payment_methods,created_at,11,datetime,datetime(3),NO,NO,CURRENT_TIMESTAMP(3),NO,NO,,,,,,,,,,,Timestamp.,backend/src/billing/paymentMethod.ts,backend/src/billing/paymentMethod.ts
billing_payment_transactions,payment_transaction_id,1,char,char(36),NO,NO,,NO,YES,,,,,,,,,ascii,ascii_bin,Opaque application identifier (see PCA_RELATIONSHIP_ENFORCEMENT_MATRIX.md for FK/soft-reference classification).,backend/src/billing/payment.ts;backend/src/billing/refundOrchestration/RefundOrchestrationService.ts;backend/src/platformadmin/readmodels/BillingReadModel.ts,backend/src/billing/payment.ts;backend/src/billing/refundOrchestration/RefundOrchestrationService.ts
billing_payment_transactions,payment_attempt_id,2,char,char(36),NO,NO,,NO,NO,billing_payment_transactions_attempt_key,,billing_payment_transactions_attempt_fk,billing_payment_attempts,payment_attempt_id,NO ACTION,NO ACTION,,ascii,ascii_bin,Opaque application identifier (see PCA_RELATIONSHIP_ENFORCEMENT_MATRIX.md for FK/soft-reference classification).,backend/src/billing/payment.ts;backend/src/billing/refundOrchestration/RefundOrchestrationService.ts;backend/src/platformadmin/readmodels/BillingReadModel.ts,backend/src/billing/payment.ts;backend/src/billing/refundOrchestration/RefundOrchestrationService.ts
billing_payment_transactions,account_ref,3,varchar,varchar(64),NO,NO,,NO,NO,,billing_payment_transactions_account_ref_idx,,,,,,,utf8mb4,utf8mb4_bin,Opaque application identifier (see PCA_RELATIONSHIP_ENFORCEMENT_MATRIX.md for FK/soft-reference classification).,backend/src/billing/payment.ts;backend/src/billing/refundOrchestration/RefundOrchestrationService.ts;backend/src/platformadmin/readmodels/BillingReadModel.ts,backend/src/billing/payment.ts;backend/src/billing/refundOrchestration/RefundOrchestrationService.ts
billing_payment_transactions,invoice_id,4,char,char(36),NO,YES,,NO,NO,,billing_payment_transactions_invoice_fk,billing_payment_transactions_invoice_fk,billing_invoices,invoice_id,NO ACTION,NO ACTION,,ascii,ascii_bin,Opaque application identifier (see PCA_RELATIONSHIP_ENFORCEMENT_MATRIX.md for FK/soft-reference classification).,backend/src/billing/payment.ts;backend/src/billing/refundOrchestration/RefundOrchestrationService.ts;backend/src/platformadmin/readmodels/BillingReadModel.ts,backend/src/billing/payment.ts;backend/src/billing/refundOrchestration/RefundOrchestrationService.ts
billing_payment_transactions,amount_minor,5,bigint,bigint,NO,NO,,NO,NO,,,,,,,,,,,"Numeric/boolean operational counter, limit, flag, rate, or version.",backend/src/billing/payment.ts;backend/src/billing/refundOrchestration/RefundOrchestrationService.ts;backend/src/platformadmin/readmodels/BillingReadModel.ts,backend/src/billing/payment.ts;backend/src/billing/refundOrchestration/RefundOrchestrationService.ts
billing_payment_transactions,currency_code,6,char,char(3),NO,NO,,NO,NO,,billing_payment_transactions_currency_fk,billing_payment_transactions_currency_fk,billing_currencies,currency_code,NO ACTION,NO ACTION,,ascii,ascii_bin,Closed-vocabulary status/type/category/currency/market column.,backend/src/billing/payment.ts;backend/src/billing/refundOrchestration/RefundOrchestrationService.ts;backend/src/platformadmin/readmodels/BillingReadModel.ts,backend/src/billing/payment.ts;backend/src/billing/refundOrchestration/RefundOrchestrationService.ts
billing_payment_transactions,provider,7,varchar,varchar(32),NO,NO,,NO,NO,,,,,,,,,utf8mb4,utf8mb4_bin,Closed-vocabulary status/type/category/currency/market column.,backend/src/billing/payment.ts;backend/src/billing/refundOrchestration/RefundOrchestrationService.ts;backend/src/platformadmin/readmodels/BillingReadModel.ts,backend/src/billing/payment.ts;backend/src/billing/refundOrchestration/RefundOrchestrationService.ts
billing_payment_transactions,provider_transaction_ref,8,varchar,varchar(128),NO,NO,,NO,NO,,,,,,,,,utf8mb4,utf8mb4_bin,Opaque application identifier (see PCA_RELATIONSHIP_ENFORCEMENT_MATRIX.md for FK/soft-reference classification).,backend/src/billing/payment.ts;backend/src/billing/refundOrchestration/RefundOrchestrationService.ts;backend/src/platformadmin/readmodels/BillingReadModel.ts,backend/src/billing/payment.ts;backend/src/billing/refundOrchestration/RefundOrchestrationService.ts
billing_payment_transactions,quote_id,9,char,char(36),NO,YES,,NO,NO,,billing_payment_transactions_quote_fk,billing_payment_transactions_quote_fk,billing_quotes,quote_id,NO ACTION,NO ACTION,,ascii,ascii_bin,Opaque application identifier (see PCA_RELATIONSHIP_ENFORCEMENT_MATRIX.md for FK/soft-reference classification).,backend/src/billing/payment.ts;backend/src/billing/refundOrchestration/RefundOrchestrationService.ts;backend/src/platformadmin/readmodels/BillingReadModel.ts,backend/src/billing/payment.ts;backend/src/billing/refundOrchestration/RefundOrchestrationService.ts
billing_payment_transactions,price_book_id,10,char,char(36),NO,YES,,NO,NO,,billing_payment_transactions_price_book_fk,billing_payment_transactions_price_book_fk,billing_price_books,price_book_id,NO ACTION,NO ACTION,,ascii,ascii_bin,Opaque application identifier (see PCA_RELATIONSHIP_ENFORCEMENT_MATRIX.md for FK/soft-reference classification).,backend/src/billing/payment.ts;backend/src/billing/refundOrchestration/RefundOrchestrationService.ts;backend/src/platformadmin/readmodels/BillingReadModel.ts,backend/src/billing/payment.ts;backend/src/billing/refundOrchestration/RefundOrchestrationService.ts
billing_payment_transactions,price_book_version,11,int,int unsigned,YES,YES,,NO,NO,,,,,,,,,,,"Numeric/boolean operational counter, limit, flag, rate, or version.",backend/src/billing/payment.ts;backend/src/billing/refundOrchestration/RefundOrchestrationService.ts;backend/src/platformadmin/readmodels/BillingReadModel.ts,backend/src/billing/payment.ts;backend/src/billing/refundOrchestration/RefundOrchestrationService.ts
billing_payment_transactions,confirmed_at,12,datetime,datetime(3),NO,NO,,NO,NO,,,,,,,,,,,Timestamp.,backend/src/billing/payment.ts;backend/src/billing/refundOrchestration/RefundOrchestrationService.ts;backend/src/platformadmin/readmodels/BillingReadModel.ts,backend/src/billing/payment.ts;backend/src/billing/refundOrchestration/RefundOrchestrationService.ts
billing_plans,plan_id,1,char,char(36),NO,NO,,NO,YES,,,,,,,,,ascii,ascii_bin,Opaque application identifier (see PCA_RELATIONSHIP_ENFORCEMENT_MATRIX.md for FK/soft-reference classification).,backend/src/billing/plan.ts;backend/src/platformadmin/readmodels/BillingReadModel.ts;backend/src/platformadmin/readmodels/DashboardReadModel.ts,backend/src/billing/plan.ts
billing_plans,plan_code,2,varchar,varchar(64),NO,NO,,NO,NO,billing_plans_code_version,,,,,,,,utf8mb4,utf8mb4_bin,Closed-vocabulary status/type/category/currency/market column.,backend/src/billing/plan.ts;backend/src/platformadmin/readmodels/BillingReadModel.ts;backend/src/platformadmin/readmodels/DashboardReadModel.ts,backend/src/billing/plan.ts
billing_plans,plan_version,3,int,int unsigned,YES,NO,,NO,NO,billing_plans_code_version,,,,,,,,,,"Numeric/boolean operational counter, limit, flag, rate, or version.",backend/src/billing/plan.ts;backend/src/platformadmin/readmodels/BillingReadModel.ts;backend/src/platformadmin/readmodels/DashboardReadModel.ts,backend/src/billing/plan.ts
billing_plans,status,4,varchar,varchar(16),NO,NO,,NO,NO,,,,,,,,,utf8mb4,utf8mb4_bin,Closed-vocabulary status/type/category/currency/market column.,backend/src/billing/plan.ts;backend/src/platformadmin/readmodels/BillingReadModel.ts;backend/src/platformadmin/readmodels/DashboardReadModel.ts,backend/src/billing/plan.ts
billing_plans,billing_cadence,5,varchar,varchar(16),NO,NO,,NO,NO,,,,,,,,,utf8mb4,utf8mb4_bin,Closed-vocabulary status/type/category/currency/market column.,backend/src/billing/plan.ts;backend/src/platformadmin/readmodels/BillingReadModel.ts;backend/src/platformadmin/readmodels/DashboardReadModel.ts,backend/src/billing/plan.ts
billing_plans,default_parent_member_limit,6,int,int unsigned,YES,NO,,NO,NO,,,,,,,,,,,"Numeric/boolean operational counter, limit, flag, rate, or version.",backend/src/billing/plan.ts;backend/src/platformadmin/readmodels/BillingReadModel.ts;backend/src/platformadmin/readmodels/DashboardReadModel.ts,backend/src/billing/plan.ts
billing_plans,default_managed_device_limit,7,int,int unsigned,YES,NO,,NO,NO,,,,,,,,,,,"Numeric/boolean operational counter, limit, flag, rate, or version.",backend/src/billing/plan.ts;backend/src/platformadmin/readmodels/BillingReadModel.ts;backend/src/platformadmin/readmodels/DashboardReadModel.ts,backend/src/billing/plan.ts
billing_plans,price_book_id,8,char,char(36),NO,YES,,NO,NO,,billing_plans_price_book_fk,billing_plans_price_book_fk,billing_price_books,price_book_id,NO ACTION,NO ACTION,,ascii,ascii_bin,Opaque application identifier (see PCA_RELATIONSHIP_ENFORCEMENT_MATRIX.md for FK/soft-reference classification).,backend/src/billing/plan.ts;backend/src/platformadmin/readmodels/BillingReadModel.ts;backend/src/platformadmin/readmodels/DashboardReadModel.ts,backend/src/billing/plan.ts
billing_plans,created_at,9,datetime,datetime(3),NO,NO,CURRENT_TIMESTAMP(3),NO,NO,,,,,,,,,,,Timestamp.,backend/src/billing/plan.ts;backend/src/platformadmin/readmodels/BillingReadModel.ts;backend/src/platformadmin/readmodels/DashboardReadModel.ts,backend/src/billing/plan.ts
billing_price_books,price_book_id,1,char,char(36),NO,NO,,NO,YES,,,,,,,,,ascii,ascii_bin,Opaque application identifier (see PCA_RELATIONSHIP_ENFORCEMENT_MATRIX.md for FK/soft-reference classification).,backend/src/billing/priceBook.ts,backend/src/billing/priceBook.ts;backend/src/entitlements/types.ts
billing_price_books,commercial_market,2,varchar,varchar(16),NO,NO,,NO,NO,billing_price_books_key_version,billing_price_books_lookup_idx,billing_price_books_market_fk,billing_commercial_markets,commercial_market,NO ACTION,NO ACTION,,ascii,ascii_bin,Closed-vocabulary status/type/category/currency/market column.,backend/src/billing/priceBook.ts,backend/src/billing/priceBook.ts;backend/src/entitlements/types.ts
billing_price_books,currency_code,3,char,char(3),NO,NO,,NO,NO,billing_price_books_key_version,billing_price_books_currency_fk;billing_price_books_lookup_idx,billing_price_books_currency_fk,billing_currencies,currency_code,NO ACTION,NO ACTION,,ascii,ascii_bin,Closed-vocabulary status/type/category/currency/market column.,backend/src/billing/priceBook.ts,backend/src/billing/priceBook.ts;backend/src/entitlements/types.ts
billing_price_books,target_device_limit,4,int,int unsigned,YES,NO,,NO,NO,billing_price_books_key_version,billing_price_books_lookup_idx,,,,,,,,,"Numeric/boolean operational counter, limit, flag, rate, or version.",backend/src/billing/priceBook.ts,backend/src/billing/priceBook.ts;backend/src/entitlements/types.ts
billing_price_books,amount_minor,5,bigint,bigint,NO,NO,,NO,NO,,,,,,,,,,,"Numeric/boolean operational counter, limit, flag, rate, or version.",backend/src/billing/priceBook.ts,backend/src/billing/priceBook.ts;backend/src/entitlements/types.ts
billing_price_books,price_book_version,6,int,int unsigned,YES,NO,,NO,NO,billing_price_books_key_version,,,,,,,,,,"Numeric/boolean operational counter, limit, flag, rate, or version.",backend/src/billing/priceBook.ts,backend/src/billing/priceBook.ts;backend/src/entitlements/types.ts
billing_price_books,status,7,varchar,varchar(16),NO,NO,,NO,NO,,,,,,,,,utf8mb4,utf8mb4_bin,Closed-vocabulary status/type/category/currency/market column.,backend/src/billing/priceBook.ts,backend/src/billing/priceBook.ts;backend/src/entitlements/types.ts
billing_price_books,effective_from,8,datetime,datetime(3),NO,NO,,NO,NO,,billing_price_books_lookup_idx,,,,,,,,,Timestamp.,backend/src/billing/priceBook.ts,backend/src/billing/priceBook.ts;backend/src/entitlements/types.ts
billing_price_books,effective_to,9,datetime,datetime(3),NO,YES,,NO,NO,,,,,,,,,,,Timestamp.,backend/src/billing/priceBook.ts,backend/src/billing/priceBook.ts;backend/src/entitlements/types.ts
billing_price_books,created_by_admin_id,10,char,char(36),NO,NO,,NO,NO,,billing_price_books_admin_fk,billing_price_books_admin_fk,platform_admin_accounts,admin_id,NO ACTION,NO ACTION,,ascii,ascii_bin,Opaque application identifier (see PCA_RELATIONSHIP_ENFORCEMENT_MATRIX.md for FK/soft-reference classification).,backend/src/billing/priceBook.ts,backend/src/billing/priceBook.ts;backend/src/entitlements/types.ts
billing_price_books,created_at,11,datetime,datetime(3),NO,NO,CURRENT_TIMESTAMP(3),NO,NO,,,,,,,,,,,Timestamp.,backend/src/billing/priceBook.ts,backend/src/billing/priceBook.ts;backend/src/entitlements/types.ts
billing_price_books,open_active_key,12,varchar,varchar(64),NO,YES,,NO,NO,billing_price_books_open_active_key,,,,,,,,utf8mb4,utf8mb4_bin,"Idempotency/dedup/uniqueness key, opaque.",backend/src/billing/priceBook.ts,backend/src/billing/priceBook.ts;backend/src/entitlements/types.ts
billing_provider_events,provider_event_row_id,1,char,char(36),NO,NO,,NO,YES,,,,,,,,,ascii,ascii_bin,Opaque application identifier (see PCA_RELATIONSHIP_ENFORCEMENT_MATRIX.md for FK/soft-reference classification).,backend/src/billing/providerEvent.ts;backend/src/platformadmin/readmodels/BillingReadModel.ts,backend/src/billing/providerEvent.ts
billing_provider_events,provider,2,varchar,varchar(32),NO,NO,,NO,NO,billing_provider_events_provider_event_key,,,,,,,,utf8mb4,utf8mb4_bin,Closed-vocabulary status/type/category/currency/market column.,backend/src/billing/providerEvent.ts;backend/src/platformadmin/readmodels/BillingReadModel.ts,backend/src/billing/providerEvent.ts
billing_provider_events,provider_event_id,3,varchar,varchar(128),NO,NO,,NO,NO,billing_provider_events_provider_event_key,,,,,,,,utf8mb4,utf8mb4_bin,Opaque application identifier (see PCA_RELATIONSHIP_ENFORCEMENT_MATRIX.md for FK/soft-reference classification).,backend/src/billing/providerEvent.ts;backend/src/platformadmin/readmodels/BillingReadModel.ts,backend/src/billing/providerEvent.ts
billing_provider_events,received_at,4,datetime,datetime(3),NO,NO,CURRENT_TIMESTAMP(3),NO,NO,,,,,,,,,,,Timestamp.,backend/src/billing/providerEvent.ts;backend/src/platformadmin/readmodels/BillingReadModel.ts,backend/src/billing/providerEvent.ts
billing_provider_events,processing_status,5,varchar,varchar(16),NO,NO,,NO,NO,,,,,,,,,utf8mb4,utf8mb4_bin,Closed-vocabulary status/type/category/currency/market column.,backend/src/billing/providerEvent.ts;backend/src/platformadmin/readmodels/BillingReadModel.ts,backend/src/billing/providerEvent.ts
billing_provider_events,correlation_ref,6,varchar,varchar(64),NO,YES,,NO,NO,,,,,,,,,utf8mb4,utf8mb4_bin,Opaque application identifier (see PCA_RELATIONSHIP_ENFORCEMENT_MATRIX.md for FK/soft-reference classification).,backend/src/billing/providerEvent.ts;backend/src/platformadmin/readmodels/BillingReadModel.ts,backend/src/billing/providerEvent.ts
billing_quotes,quote_id,1,char,char(36),NO,NO,,NO,YES,,,,,,,,,ascii,ascii_bin,Opaque application identifier (see PCA_RELATIONSHIP_ENFORCEMENT_MATRIX.md for FK/soft-reference classification).,backend/src/billing/quote.ts;backend/src/commercialmaintenance/CommercialMaintenanceRunner.ts;backend/src/platformadmin/readmodels/DashboardReadModel.ts,backend/src/billing/quote.ts;backend/src/commercialmaintenance/CommercialMaintenanceRunner.ts
billing_quotes,increase_request_ref,2,varchar,varchar(64),NO,YES,,NO,NO,,billing_quotes_increase_request_ref_idx,,,,,,YES -> entitlement_change_requests.request_id (Opaque identifier of the entitlement increase-request; no FK.),utf8mb4,utf8mb4_bin,Opaque application identifier (see PCA_RELATIONSHIP_ENFORCEMENT_MATRIX.md for FK/soft-reference classification).,backend/src/billing/quote.ts;backend/src/commercialmaintenance/CommercialMaintenanceRunner.ts;backend/src/platformadmin/readmodels/DashboardReadModel.ts,backend/src/billing/quote.ts;backend/src/commercialmaintenance/CommercialMaintenanceRunner.ts
billing_quotes,commercial_market,3,varchar,varchar(16),NO,NO,,NO,NO,,billing_quotes_market_fk,billing_quotes_market_fk,billing_commercial_markets,commercial_market,NO ACTION,NO ACTION,,ascii,ascii_bin,Closed-vocabulary status/type/category/currency/market column.,backend/src/billing/quote.ts;backend/src/commercialmaintenance/CommercialMaintenanceRunner.ts;backend/src/platformadmin/readmodels/DashboardReadModel.ts,backend/src/billing/quote.ts;backend/src/commercialmaintenance/CommercialMaintenanceRunner.ts
billing_quotes,target_device_limit,4,int,int unsigned,YES,NO,,NO,NO,,,,,,,,,,,"Numeric/boolean operational counter, limit, flag, rate, or version.",backend/src/billing/quote.ts;backend/src/commercialmaintenance/CommercialMaintenanceRunner.ts;backend/src/platformadmin/readmodels/DashboardReadModel.ts,backend/src/billing/quote.ts;backend/src/commercialmaintenance/CommercialMaintenanceRunner.ts
billing_quotes,amount_minor,5,bigint,bigint,NO,NO,,NO,NO,,,,,,,,,,,"Numeric/boolean operational counter, limit, flag, rate, or version.",backend/src/billing/quote.ts;backend/src/commercialmaintenance/CommercialMaintenanceRunner.ts;backend/src/platformadmin/readmodels/DashboardReadModel.ts,backend/src/billing/quote.ts;backend/src/commercialmaintenance/CommercialMaintenanceRunner.ts
billing_quotes,currency_code,6,char,char(3),NO,NO,,NO,NO,,billing_quotes_currency_fk,billing_quotes_currency_fk,billing_currencies,currency_code,NO ACTION,NO ACTION,,ascii,ascii_bin,Closed-vocabulary status/type/category/currency/market column.,backend/src/billing/quote.ts;backend/src/commercialmaintenance/CommercialMaintenanceRunner.ts;backend/src/platformadmin/readmodels/DashboardReadModel.ts,backend/src/billing/quote.ts;backend/src/commercialmaintenance/CommercialMaintenanceRunner.ts
billing_quotes,issued_by_admin_id,7,char,char(36),NO,NO,,NO,NO,,billing_quotes_admin_fk,billing_quotes_admin_fk,platform_admin_accounts,admin_id,NO ACTION,NO ACTION,,ascii,ascii_bin,Opaque application identifier (see PCA_RELATIONSHIP_ENFORCEMENT_MATRIX.md for FK/soft-reference classification).,backend/src/billing/quote.ts;backend/src/commercialmaintenance/CommercialMaintenanceRunner.ts;backend/src/platformadmin/readmodels/DashboardReadModel.ts,backend/src/billing/quote.ts;backend/src/commercialmaintenance/CommercialMaintenanceRunner.ts
billing_quotes,issued_at,8,datetime,datetime(3),NO,NO,,NO,NO,,,,,,,,,,,Timestamp.,backend/src/billing/quote.ts;backend/src/commercialmaintenance/CommercialMaintenanceRunner.ts;backend/src/platformadmin/readmodels/DashboardReadModel.ts,backend/src/billing/quote.ts;backend/src/commercialmaintenance/CommercialMaintenanceRunner.ts
billing_quotes,expires_at,9,datetime,datetime(3),NO,NO,,NO,NO,,,,,,,,,,,Timestamp.,backend/src/billing/quote.ts;backend/src/commercialmaintenance/CommercialMaintenanceRunner.ts;backend/src/platformadmin/readmodels/DashboardReadModel.ts,backend/src/billing/quote.ts;backend/src/commercialmaintenance/CommercialMaintenanceRunner.ts
billing_quotes,status,10,varchar,varchar(16),NO,NO,,NO,NO,,,,,,,,,utf8mb4,utf8mb4_bin,Closed-vocabulary status/type/category/currency/market column.,backend/src/billing/quote.ts;backend/src/commercialmaintenance/CommercialMaintenanceRunner.ts;backend/src/platformadmin/readmodels/DashboardReadModel.ts,backend/src/billing/quote.ts;backend/src/commercialmaintenance/CommercialMaintenanceRunner.ts
billing_refund_operations,refund_operation_id,1,char,char(36),NO,NO,,NO,YES,,,,,,,,,ascii,ascii_bin,Opaque application identifier (see PCA_RELATIONSHIP_ENFORCEMENT_MATRIX.md for FK/soft-reference classification).,backend/src/billing/refundOrchestration/RefundOrchestrationService.ts,backend/src/billing/refundOrchestration/RefundOrchestrationService.ts
billing_refund_operations,payment_transaction_id,2,char,char(36),NO,NO,,NO,NO,,billing_refund_operations_transaction_idx,billing_refund_operations_transaction_fk,billing_payment_transactions,payment_transaction_id,NO ACTION,NO ACTION,,ascii,ascii_bin,Opaque application identifier (see PCA_RELATIONSHIP_ENFORCEMENT_MATRIX.md for FK/soft-reference classification).,backend/src/billing/refundOrchestration/RefundOrchestrationService.ts,backend/src/billing/refundOrchestration/RefundOrchestrationService.ts
billing_refund_operations,amount_minor,3,bigint,bigint,NO,NO,,NO,NO,,,,,,,,,,,"Numeric/boolean operational counter, limit, flag, rate, or version.",backend/src/billing/refundOrchestration/RefundOrchestrationService.ts,backend/src/billing/refundOrchestration/RefundOrchestrationService.ts
billing_refund_operations,currency_code,4,char,char(3),NO,NO,,NO,NO,,billing_refund_operations_currency_fk,billing_refund_operations_currency_fk,billing_currencies,currency_code,NO ACTION,NO ACTION,,ascii,ascii_bin,Closed-vocabulary status/type/category/currency/market column.,backend/src/billing/refundOrchestration/RefundOrchestrationService.ts,backend/src/billing/refundOrchestration/RefundOrchestrationService.ts
billing_refund_operations,reason_code,5,varchar,varchar(32),NO,NO,,NO,NO,,,,,,,,,utf8mb4,utf8mb4_bin,Closed-vocabulary status/type/category/currency/market column.,backend/src/billing/refundOrchestration/RefundOrchestrationService.ts,backend/src/billing/refundOrchestration/RefundOrchestrationService.ts
billing_refund_operations,reason_note,6,varchar,varchar(255),NO,YES,,NO,NO,,,,,,,,,utf8mb4,utf8mb4_bin,"Admin-authored free-text business-process justification (always paired with a *_by_admin_id column) — never child/family personal content, but genuinely free-text; see PCA_CANONICAL_SCHEMA_REPORT.md caveat.",backend/src/billing/refundOrchestration/RefundOrchestrationService.ts,backend/src/billing/refundOrchestration/RefundOrchestrationService.ts
billing_refund_operations,initiated_by_admin_id,7,char,char(36),NO,NO,,NO,NO,,billing_refund_operations_admin_fk,billing_refund_operations_admin_fk,platform_admin_accounts,admin_id,NO ACTION,NO ACTION,,ascii,ascii_bin,Opaque application identifier (see PCA_RELATIONSHIP_ENFORCEMENT_MATRIX.md for FK/soft-reference classification).,backend/src/billing/refundOrchestration/RefundOrchestrationService.ts,backend/src/billing/refundOrchestration/RefundOrchestrationService.ts
billing_refund_operations,step_up_session_id,8,char,char(36),NO,NO,,NO,NO,,billing_refund_operations_step_up_fk,billing_refund_operations_step_up_fk,platform_admin_step_up_sessions,step_up_id,NO ACTION,NO ACTION,,ascii,ascii_bin,Opaque application identifier (see PCA_RELATIONSHIP_ENFORCEMENT_MATRIX.md for FK/soft-reference classification).,backend/src/billing/refundOrchestration/RefundOrchestrationService.ts,backend/src/billing/refundOrchestration/RefundOrchestrationService.ts
billing_refund_operations,provider,9,varchar,varchar(32),NO,NO,,NO,NO,,,,,,,,,utf8mb4,utf8mb4_bin,Closed-vocabulary status/type/category/currency/market column.,backend/src/billing/refundOrchestration/RefundOrchestrationService.ts,backend/src/billing/refundOrchestration/RefundOrchestrationService.ts
billing_refund_operations,idempotency_key,10,varchar,varchar(128),NO,NO,,NO,NO,billing_refund_operations_idempotency_key,,,,,,,,utf8mb4,utf8mb4_bin,"Idempotency/dedup/uniqueness key, opaque.",backend/src/billing/refundOrchestration/RefundOrchestrationService.ts,backend/src/billing/refundOrchestration/RefundOrchestrationService.ts
billing_refund_operations,provider_refund_ref,11,varchar,varchar(128),NO,YES,,NO,NO,,,,,,,,,utf8mb4,utf8mb4_bin,Opaque application identifier (see PCA_RELATIONSHIP_ENFORCEMENT_MATRIX.md for FK/soft-reference classification).,backend/src/billing/refundOrchestration/RefundOrchestrationService.ts,backend/src/billing/refundOrchestration/RefundOrchestrationService.ts
billing_refund_operations,state,12,varchar,varchar(20),NO,NO,,NO,NO,,,,,,,,,utf8mb4,utf8mb4_bin,Closed-vocabulary status/type/category/currency/market column.,backend/src/billing/refundOrchestration/RefundOrchestrationService.ts,backend/src/billing/refundOrchestration/RefundOrchestrationService.ts
billing_refund_operations,refund_id,13,char,char(36),NO,YES,,NO,NO,,billing_refund_operations_refund_fk,billing_refund_operations_refund_fk,billing_refunds,refund_id,NO ACTION,NO ACTION,,ascii,ascii_bin,Opaque application identifier (see PCA_RELATIONSHIP_ENFORCEMENT_MATRIX.md for FK/soft-reference classification).,backend/src/billing/refundOrchestration/RefundOrchestrationService.ts,backend/src/billing/refundOrchestration/RefundOrchestrationService.ts
billing_refund_operations,created_at,14,datetime,datetime(3),NO,NO,CURRENT_TIMESTAMP(3),NO,NO,,,,,,,,,,,Timestamp.,backend/src/billing/refundOrchestration/RefundOrchestrationService.ts,backend/src/billing/refundOrchestration/RefundOrchestrationService.ts
billing_refund_operations,updated_at,15,datetime,datetime(3),NO,NO,CURRENT_TIMESTAMP(3),NO,NO,,,,,,,,,,,Timestamp.,backend/src/billing/refundOrchestration/RefundOrchestrationService.ts,backend/src/billing/refundOrchestration/RefundOrchestrationService.ts
billing_refunds,refund_id,1,char,char(36),NO,NO,,NO,YES,,,,,,,,,ascii,ascii_bin,Opaque application identifier (see PCA_RELATIONSHIP_ENFORCEMENT_MATRIX.md for FK/soft-reference classification).,backend/src/billing/refund.ts;backend/src/platformadmin/readmodels/BillingReadModel.ts;backend/src/platformadmin/readmodels/DashboardReadModel.ts,backend/src/billing/refund.ts
billing_refunds,payment_transaction_id,2,char,char(36),NO,NO,,NO,NO,,billing_refunds_transaction_idx,billing_refunds_transaction_fk,billing_payment_transactions,payment_transaction_id,NO ACTION,NO ACTION,,ascii,ascii_bin,Opaque application identifier (see PCA_RELATIONSHIP_ENFORCEMENT_MATRIX.md for FK/soft-reference classification).,backend/src/billing/refund.ts;backend/src/platformadmin/readmodels/BillingReadModel.ts;backend/src/platformadmin/readmodels/DashboardReadModel.ts,backend/src/billing/refund.ts
billing_refunds,amount_minor,3,bigint,bigint,NO,NO,,NO,NO,,,,,,,,,,,"Numeric/boolean operational counter, limit, flag, rate, or version.",backend/src/billing/refund.ts;backend/src/platformadmin/readmodels/BillingReadModel.ts;backend/src/platformadmin/readmodels/DashboardReadModel.ts,backend/src/billing/refund.ts
billing_refunds,currency_code,4,char,char(3),NO,NO,,NO,NO,,billing_refunds_currency_fk,billing_refunds_currency_fk,billing_currencies,currency_code,NO ACTION,NO ACTION,,ascii,ascii_bin,Closed-vocabulary status/type/category/currency/market column.,backend/src/billing/refund.ts;backend/src/platformadmin/readmodels/BillingReadModel.ts;backend/src/platformadmin/readmodels/DashboardReadModel.ts,backend/src/billing/refund.ts
billing_refunds,reason_code,5,varchar,varchar(32),NO,NO,,NO,NO,,,,,,,,,utf8mb4,utf8mb4_bin,Closed-vocabulary status/type/category/currency/market column.,backend/src/billing/refund.ts;backend/src/platformadmin/readmodels/BillingReadModel.ts;backend/src/platformadmin/readmodels/DashboardReadModel.ts,backend/src/billing/refund.ts
billing_refunds,reason_note,6,varchar,varchar(255),NO,YES,,NO,NO,,,,,,,,,utf8mb4,utf8mb4_bin,"Admin-authored free-text business-process justification (always paired with a *_by_admin_id column) — never child/family personal content, but genuinely free-text; see PCA_CANONICAL_SCHEMA_REPORT.md caveat.",backend/src/billing/refund.ts;backend/src/platformadmin/readmodels/BillingReadModel.ts;backend/src/platformadmin/readmodels/DashboardReadModel.ts,backend/src/billing/refund.ts
billing_refunds,initiated_by_admin_id,7,char,char(36),NO,NO,,NO,NO,,billing_refunds_admin_fk,billing_refunds_admin_fk,platform_admin_accounts,admin_id,NO ACTION,NO ACTION,,ascii,ascii_bin,Opaque application identifier (see PCA_RELATIONSHIP_ENFORCEMENT_MATRIX.md for FK/soft-reference classification).,backend/src/billing/refund.ts;backend/src/platformadmin/readmodels/BillingReadModel.ts;backend/src/platformadmin/readmodels/DashboardReadModel.ts,backend/src/billing/refund.ts
billing_refunds,step_up_session_id,8,char,char(36),NO,NO,,NO,NO,,billing_refunds_step_up_fk,billing_refunds_step_up_fk,platform_admin_step_up_sessions,step_up_id,NO ACTION,NO ACTION,,ascii,ascii_bin,Opaque application identifier (see PCA_RELATIONSHIP_ENFORCEMENT_MATRIX.md for FK/soft-reference classification).,backend/src/billing/refund.ts;backend/src/platformadmin/readmodels/BillingReadModel.ts;backend/src/platformadmin/readmodels/DashboardReadModel.ts,backend/src/billing/refund.ts
billing_refunds,entitlement_treatment,9,varchar,varchar(32),NO,NO,NOT_APPLICABLE,NO,NO,,,,,,,,,utf8mb4,utf8mb4_bin,"Closed enum ('NOT_APPLICABLE','ENTITLEMENT_UNCHANGED','ENTITLEMENT_REDUCTION_PENDING').",backend/src/billing/refund.ts;backend/src/platformadmin/readmodels/BillingReadModel.ts;backend/src/platformadmin/readmodels/DashboardReadModel.ts,backend/src/billing/refund.ts
billing_refunds,status,10,varchar,varchar(16),NO,NO,,NO,NO,,,,,,,,,utf8mb4,utf8mb4_bin,Closed-vocabulary status/type/category/currency/market column.,backend/src/billing/refund.ts;backend/src/platformadmin/readmodels/BillingReadModel.ts;backend/src/platformadmin/readmodels/DashboardReadModel.ts,backend/src/billing/refund.ts
billing_refunds,created_at,11,datetime,datetime(3),NO,NO,CURRENT_TIMESTAMP(3),NO,NO,,,,,,,,,,,Timestamp.,backend/src/billing/refund.ts;backend/src/platformadmin/readmodels/BillingReadModel.ts;backend/src/platformadmin/readmodels/DashboardReadModel.ts,backend/src/billing/refund.ts
billing_subscriptions,subscription_id,1,char,char(36),NO,NO,,NO,YES,,,,,,,,,ascii,ascii_bin,Opaque application identifier (see PCA_RELATIONSHIP_ENFORCEMENT_MATRIX.md for FK/soft-reference classification).,backend/src/billing/subscription.ts;backend/src/commercialmaintenance/CommercialMaintenanceRunner.ts;backend/src/platformadmin/readmodels/AccountsReadModel.ts;backend/src/platformadmin/readmodels/BillingReadModel.ts;backend/src/platformadmin/readmodels/DashboardReadModel.ts,backend/src/billing/subscription.ts;backend/src/http/routes/familyCommercialRoutes.ts
billing_subscriptions,account_ref,2,varchar,varchar(64),NO,NO,,NO,NO,,billing_subscriptions_account_ref_idx,,,,,,YES -> parent_accounts.account_id (Billing/commercial plane isolation from the family plane.),utf8mb4,utf8mb4_bin,Opaque application identifier (see PCA_RELATIONSHIP_ENFORCEMENT_MATRIX.md for FK/soft-reference classification).,backend/src/billing/subscription.ts;backend/src/commercialmaintenance/CommercialMaintenanceRunner.ts;backend/src/platformadmin/readmodels/AccountsReadModel.ts;backend/src/platformadmin/readmodels/BillingReadModel.ts;backend/src/platformadmin/readmodels/DashboardReadModel.ts,backend/src/billing/subscription.ts;backend/src/http/routes/familyCommercialRoutes.ts
billing_subscriptions,plan_id,3,char,char(36),NO,NO,,NO,NO,,billing_subscriptions_plan_fk,billing_subscriptions_plan_fk,billing_plans,plan_id,NO ACTION,NO ACTION,,ascii,ascii_bin,Opaque application identifier (see PCA_RELATIONSHIP_ENFORCEMENT_MATRIX.md for FK/soft-reference classification).,backend/src/billing/subscription.ts;backend/src/commercialmaintenance/CommercialMaintenanceRunner.ts;backend/src/platformadmin/readmodels/AccountsReadModel.ts;backend/src/platformadmin/readmodels/BillingReadModel.ts;backend/src/platformadmin/readmodels/DashboardReadModel.ts,backend/src/billing/subscription.ts;backend/src/http/routes/familyCommercialRoutes.ts
billing_subscriptions,status,4,varchar,varchar(16),NO,NO,,NO,NO,,,,,,,,,utf8mb4,utf8mb4_bin,Closed-vocabulary status/type/category/currency/market column.,backend/src/billing/subscription.ts;backend/src/commercialmaintenance/CommercialMaintenanceRunner.ts;backend/src/platformadmin/readmodels/AccountsReadModel.ts;backend/src/platformadmin/readmodels/BillingReadModel.ts;backend/src/platformadmin/readmodels/DashboardReadModel.ts,backend/src/billing/subscription.ts;backend/src/http/routes/familyCommercialRoutes.ts
billing_subscriptions,current_period_start,5,datetime,datetime(3),NO,NO,,NO,NO,,,,,,,,,,,Timestamp.,backend/src/billing/subscription.ts;backend/src/commercialmaintenance/CommercialMaintenanceRunner.ts;backend/src/platformadmin/readmodels/AccountsReadModel.ts;backend/src/platformadmin/readmodels/BillingReadModel.ts;backend/src/platformadmin/readmodels/DashboardReadModel.ts,backend/src/billing/subscription.ts;backend/src/http/routes/familyCommercialRoutes.ts
billing_subscriptions,current_period_end,6,datetime,datetime(3),NO,NO,,NO,NO,,,,,,,,,,,Timestamp.,backend/src/billing/subscription.ts;backend/src/commercialmaintenance/CommercialMaintenanceRunner.ts;backend/src/platformadmin/readmodels/AccountsReadModel.ts;backend/src/platformadmin/readmodels/BillingReadModel.ts;backend/src/platformadmin/readmodels/DashboardReadModel.ts,backend/src/billing/subscription.ts;backend/src/http/routes/familyCommercialRoutes.ts
billing_subscriptions,payment_method_id,7,char,char(36),NO,YES,,NO,NO,,billing_subscriptions_payment_method_fk,billing_subscriptions_payment_method_fk,billing_payment_methods,payment_method_id,NO ACTION,NO ACTION,,ascii,ascii_bin,Opaque application identifier (see PCA_RELATIONSHIP_ENFORCEMENT_MATRIX.md for FK/soft-reference classification).,backend/src/billing/subscription.ts;backend/src/commercialmaintenance/CommercialMaintenanceRunner.ts;backend/src/platformadmin/readmodels/AccountsReadModel.ts;backend/src/platformadmin/readmodels/BillingReadModel.ts;backend/src/platformadmin/readmodels/DashboardReadModel.ts,backend/src/billing/subscription.ts;backend/src/http/routes/familyCommercialRoutes.ts
billing_subscriptions,created_at,8,datetime,datetime(3),NO,NO,CURRENT_TIMESTAMP(3),NO,NO,,,,,,,,,,,Timestamp.,backend/src/billing/subscription.ts;backend/src/commercialmaintenance/CommercialMaintenanceRunner.ts;backend/src/platformadmin/readmodels/AccountsReadModel.ts;backend/src/platformadmin/readmodels/BillingReadModel.ts;backend/src/platformadmin/readmodels/DashboardReadModel.ts,backend/src/billing/subscription.ts;backend/src/http/routes/familyCommercialRoutes.ts
billing_subscriptions,canceled_at,9,datetime,datetime(3),NO,YES,,NO,NO,,,,,,,,,,,Timestamp.,backend/src/billing/subscription.ts;backend/src/commercialmaintenance/CommercialMaintenanceRunner.ts;backend/src/platformadmin/readmodels/AccountsReadModel.ts;backend/src/platformadmin/readmodels/BillingReadModel.ts;backend/src/platformadmin/readmodels/DashboardReadModel.ts,backend/src/billing/subscription.ts;backend/src/http/routes/familyCommercialRoutes.ts
billing_subscriptions,auto_renew,10,tinyint,tinyint(1),NO,NO,1,NO,NO,,,,,,,,,,,"Numeric/boolean operational counter, limit, flag, rate, or version.",backend/src/billing/subscription.ts;backend/src/commercialmaintenance/CommercialMaintenanceRunner.ts;backend/src/platformadmin/readmodels/AccountsReadModel.ts;backend/src/platformadmin/readmodels/BillingReadModel.ts;backend/src/platformadmin/readmodels/DashboardReadModel.ts,backend/src/billing/subscription.ts;backend/src/http/routes/familyCommercialRoutes.ts
billing_subscriptions,active_account_key,11,varchar,varchar(80),NO,YES,,NO,NO,billing_subscriptions_active_account_key,,,,,,,,utf8mb4,utf8mb4_bin,"Idempotency/dedup/uniqueness key, opaque.",backend/src/billing/subscription.ts;backend/src/commercialmaintenance/CommercialMaintenanceRunner.ts;backend/src/platformadmin/readmodels/AccountsReadModel.ts;backend/src/platformadmin/readmodels/BillingReadModel.ts;backend/src/platformadmin/readmodels/DashboardReadModel.ts,backend/src/billing/subscription.ts;backend/src/http/routes/familyCommercialRoutes.ts
commercial_notifications,notification_id,1,char,char(36),NO,NO,,NO,YES,,,,,,,,,ascii,ascii_bin,Opaque application identifier (see PCA_RELATIONSHIP_ENFORCEMENT_MATRIX.md for FK/soft-reference classification).,backend/src/commercialmaintenance/CommercialMaintenanceRunner.ts;backend/src/commercialnotifications/CommercialNotificationRepository.ts,backend/src/commercialnotifications/CommercialNotificationRepository.ts
commercial_notifications,account_ref,2,varchar,varchar(128),NO,NO,,NO,NO,,commercial_notifications_account_created_idx;commercial_notifications_account_unread_idx,,,,,,"YES -> parent_accounts.account_id (Deliberately NOT a family_id FK into the family/parent plane -- commercial/family-plane isolation, enforced by billing_core's own schemaPrivacy test.)",utf8mb4,utf8mb4_bin,Opaque application identifier (see PCA_RELATIONSHIP_ENFORCEMENT_MATRIX.md for FK/soft-reference classification).,backend/src/commercialmaintenance/CommercialMaintenanceRunner.ts;backend/src/commercialnotifications/CommercialNotificationRepository.ts,backend/src/commercialnotifications/CommercialNotificationRepository.ts
commercial_notifications,event_type,3,varchar,varchar(32),NO,NO,,NO,NO,,,,,,,,,utf8mb4,utf8mb4_bin,Closed-vocabulary status/type/category/currency/market column.,backend/src/commercialmaintenance/CommercialMaintenanceRunner.ts;backend/src/commercialnotifications/CommercialNotificationRepository.ts,backend/src/commercialnotifications/CommercialNotificationRepository.ts
commercial_notifications,dedupe_key,4,varchar,varchar(191),NO,NO,,NO,NO,commercial_notifications_dedupe_key,,,,,,,,utf8mb4,utf8mb4_bin,"Idempotency/dedup/uniqueness key, opaque.",backend/src/commercialmaintenance/CommercialMaintenanceRunner.ts;backend/src/commercialnotifications/CommercialNotificationRepository.ts,backend/src/commercialnotifications/CommercialNotificationRepository.ts
commercial_notifications,resource_ref,5,varchar,varchar(128),NO,YES,,NO,NO,,,,,,,,,utf8mb4,utf8mb4_bin,Opaque application identifier (see PCA_RELATIONSHIP_ENFORCEMENT_MATRIX.md for FK/soft-reference classification).,backend/src/commercialmaintenance/CommercialMaintenanceRunner.ts;backend/src/commercialnotifications/CommercialNotificationRepository.ts,backend/src/commercialnotifications/CommercialNotificationRepository.ts
commercial_notifications,message_key,6,varchar,varchar(64),NO,NO,,NO,NO,,,,,,,,,utf8mb4,utf8mb4_bin,"Fixed enum-like localization key into a client-side translation table (migration 0012: 'never free-text, never a pre-rendered English sentence').",backend/src/commercialmaintenance/CommercialMaintenanceRunner.ts;backend/src/commercialnotifications/CommercialNotificationRepository.ts,backend/src/commercialnotifications/CommercialNotificationRepository.ts
commercial_notifications,params_json,7,json,json,NO,YES,,NO,NO,,,,,,,,,,,"Server-controlled structured parameter bag (migration 0012), never free-text.",backend/src/commercialmaintenance/CommercialMaintenanceRunner.ts;backend/src/commercialnotifications/CommercialNotificationRepository.ts,backend/src/commercialnotifications/CommercialNotificationRepository.ts
commercial_notifications,created_at,8,datetime,datetime(3),NO,NO,CURRENT_TIMESTAMP(3),NO,NO,,commercial_notifications_account_created_idx,,,,,,,,,Timestamp.,backend/src/commercialmaintenance/CommercialMaintenanceRunner.ts;backend/src/commercialnotifications/CommercialNotificationRepository.ts,backend/src/commercialnotifications/CommercialNotificationRepository.ts
commercial_notifications,read_at,9,datetime,datetime(3),NO,YES,,NO,NO,,commercial_notifications_account_unread_idx,,,,,,,,,Timestamp.,backend/src/commercialmaintenance/CommercialMaintenanceRunner.ts;backend/src/commercialnotifications/CommercialNotificationRepository.ts,backend/src/commercialnotifications/CommercialNotificationRepository.ts
commercial_notifications,acknowledged_at,10,datetime,datetime(3),NO,YES,,NO,NO,,,,,,,,,,,Timestamp.,backend/src/commercialmaintenance/CommercialMaintenanceRunner.ts;backend/src/commercialnotifications/CommercialNotificationRepository.ts,backend/src/commercialnotifications/CommercialNotificationRepository.ts
complimentary_entitlement_grants,grant_id,1,char,char(36),NO,NO,,NO,YES,,,,,,,,,ascii,ascii_bin,Opaque application identifier (see PCA_RELATIONSHIP_ENFORCEMENT_MATRIX.md for FK/soft-reference classification).,backend/src/entitlements/complimentary/MySqlComplimentaryGrantRepository.ts,backend/src/entitlements/complimentary/MySqlComplimentaryGrantRepository.ts
complimentary_entitlement_grants,family_id,2,varchar,varchar(128),NO,NO,,NO,NO,,complimentary_entitlement_grants_family_scope_idx,,,,,,YES -> families.family_id (Soft (unenforced) family_id reference -- schema-wide convention. families.family_id is CHAR(36) ascii_bin; every other table's family_id is VARCHAR(128) utf8mb4_bin. Membership existence is checked at the application layer (AuthzService.requiresFamilyScope).),utf8mb4,utf8mb4_bin,Opaque application identifier (see PCA_RELATIONSHIP_ENFORCEMENT_MATRIX.md for FK/soft-reference classification).,backend/src/entitlements/complimentary/MySqlComplimentaryGrantRepository.ts,backend/src/entitlements/complimentary/MySqlComplimentaryGrantRepository.ts
complimentary_entitlement_grants,entitlement_type,3,varchar,varchar(32),NO,NO,,NO,NO,,complimentary_entitlement_grants_family_scope_idx,,,,,,,utf8mb4,utf8mb4_bin,Closed-vocabulary status/type/category/currency/market column.,backend/src/entitlements/complimentary/MySqlComplimentaryGrantRepository.ts,backend/src/entitlements/complimentary/MySqlComplimentaryGrantRepository.ts
complimentary_entitlement_grants,category,4,varchar,varchar(32),NO,NO,,NO,NO,,,,,,,,,utf8mb4,utf8mb4_bin,Closed-vocabulary grant category.,backend/src/entitlements/complimentary/MySqlComplimentaryGrantRepository.ts,backend/src/entitlements/complimentary/MySqlComplimentaryGrantRepository.ts
complimentary_entitlement_grants,amount_or_allowance,5,int,int,NO,NO,,NO,NO,,,,,,,,,,,"Numeric/boolean operational counter, limit, flag, rate, or version.",backend/src/entitlements/complimentary/MySqlComplimentaryGrantRepository.ts,backend/src/entitlements/complimentary/MySqlComplimentaryGrantRepository.ts
complimentary_entitlement_grants,effective_from,6,datetime,datetime(3),NO,NO,,NO,NO,,,,,,,,,,,Timestamp.,backend/src/entitlements/complimentary/MySqlComplimentaryGrantRepository.ts,backend/src/entitlements/complimentary/MySqlComplimentaryGrantRepository.ts
complimentary_entitlement_grants,expires_at,7,datetime,datetime(3),NO,YES,,NO,NO,,complimentary_entitlement_grants_expiry_idx,,,,,,,,,Timestamp.,backend/src/entitlements/complimentary/MySqlComplimentaryGrantRepository.ts,backend/src/entitlements/complimentary/MySqlComplimentaryGrantRepository.ts
complimentary_entitlement_grants,status,8,varchar,varchar(16),NO,NO,ACTIVE,NO,NO,,complimentary_entitlement_grants_expiry_idx;complimentary_entitlement_grants_family_scope_idx,,,,,,,utf8mb4,utf8mb4_bin,Closed-vocabulary status/type/category/currency/market column.,backend/src/entitlements/complimentary/MySqlComplimentaryGrantRepository.ts,backend/src/entitlements/complimentary/MySqlComplimentaryGrantRepository.ts
complimentary_entitlement_grants,reason_code,9,varchar,varchar(64),NO,NO,,NO,NO,,,,,,,,,utf8mb4,utf8mb4_bin,Closed-vocabulary status/type/category/currency/market column.,backend/src/entitlements/complimentary/MySqlComplimentaryGrantRepository.ts,backend/src/entitlements/complimentary/MySqlComplimentaryGrantRepository.ts
complimentary_entitlement_grants,internal_note,10,varchar,varchar(2000),NO,YES,,NO,NO,,,,,,,,,utf8mb4,utf8mb4_bin,"Admin-authored free-text business-process justification (always paired with a *_by_admin_id column) — never child/family personal content, but genuinely free-text; see PCA_CANONICAL_SCHEMA_REPORT.md caveat.",backend/src/entitlements/complimentary/MySqlComplimentaryGrantRepository.ts,backend/src/entitlements/complimentary/MySqlComplimentaryGrantRepository.ts
complimentary_entitlement_grants,granted_by_admin_id,11,char,char(36),NO,NO,,NO,NO,,complimentary_entitlement_grants_granted_by_idx,complimentary_entitlement_grants_granted_by_fk,platform_admin_accounts,admin_id,NO ACTION,NO ACTION,,ascii,ascii_bin,Opaque application identifier (see PCA_RELATIONSHIP_ENFORCEMENT_MATRIX.md for FK/soft-reference classification).,backend/src/entitlements/complimentary/MySqlComplimentaryGrantRepository.ts,backend/src/entitlements/complimentary/MySqlComplimentaryGrantRepository.ts
complimentary_entitlement_grants,created_at,12,datetime,datetime(3),NO,NO,CURRENT_TIMESTAMP(3),NO,NO,,,,,,,,,,,Timestamp.,backend/src/entitlements/complimentary/MySqlComplimentaryGrantRepository.ts,backend/src/entitlements/complimentary/MySqlComplimentaryGrantRepository.ts
complimentary_entitlement_grants,revoked_at,13,datetime,datetime(3),NO,YES,,NO,NO,,,,,,,,,,,Timestamp.,backend/src/entitlements/complimentary/MySqlComplimentaryGrantRepository.ts,backend/src/entitlements/complimentary/MySqlComplimentaryGrantRepository.ts
complimentary_entitlement_grants,revoked_by_admin_id,14,char,char(36),NO,YES,,NO,NO,,complimentary_entitlement_grants_revoked_by_fk,complimentary_entitlement_grants_revoked_by_fk,platform_admin_accounts,admin_id,NO ACTION,NO ACTION,,ascii,ascii_bin,Opaque application identifier (see PCA_RELATIONSHIP_ENFORCEMENT_MATRIX.md for FK/soft-reference classification).,backend/src/entitlements/complimentary/MySqlComplimentaryGrantRepository.ts,backend/src/entitlements/complimentary/MySqlComplimentaryGrantRepository.ts
complimentary_entitlement_grants,revision,15,bigint,bigint,NO,NO,0,NO,NO,,,,,,,,,,,"Numeric/boolean operational counter, limit, flag, rate, or version.",backend/src/entitlements/complimentary/MySqlComplimentaryGrantRepository.ts,backend/src/entitlements/complimentary/MySqlComplimentaryGrantRepository.ts
device_challenges,challenge_id,1,char,char(36),NO,NO,,NO,YES,,,,,,,,,ascii,ascii_bin,Opaque application identifier (see PCA_RELATIONSHIP_ENFORCEMENT_MATRIX.md for FK/soft-reference classification).,backend/src/deviceauth/MySqlDeviceChallengeRepository.ts,backend/src/deviceauth/MySqlDeviceChallengeRepository.ts
device_challenges,device_id,2,char,char(36),NO,NO,,NO,NO,,device_challenges_device_id_idx,device_challenges_device_id_fk,devices,device_id,NO ACTION,NO ACTION,,ascii,ascii_bin,Opaque application identifier (see PCA_RELATIONSHIP_ENFORCEMENT_MATRIX.md for FK/soft-reference classification).,backend/src/deviceauth/MySqlDeviceChallengeRepository.ts,backend/src/deviceauth/MySqlDeviceChallengeRepository.ts
device_challenges,family_id,3,varchar,varchar(128),NO,NO,,NO,NO,,,,,,,,YES -> families.family_id (Soft (unenforced) family_id reference -- schema-wide convention. families.family_id is CHAR(36) ascii_bin; every other table's family_id is VARCHAR(128) utf8mb4_bin. Membership existence is checked at the application layer (AuthzService.requiresFamilyScope).),utf8mb4,utf8mb4_bin,Opaque application identifier (see PCA_RELATIONSHIP_ENFORCEMENT_MATRIX.md for FK/soft-reference classification).,backend/src/deviceauth/MySqlDeviceChallengeRepository.ts,backend/src/deviceauth/MySqlDeviceChallengeRepository.ts
device_challenges,nonce,4,varchar,varchar(256),NO,NO,,NO,NO,,,,,,,,,utf8mb4,utf8mb4_bin,Opaque encrypted/binary payload.,backend/src/deviceauth/MySqlDeviceChallengeRepository.ts,backend/src/deviceauth/MySqlDeviceChallengeRepository.ts
device_challenges,created_at,5,datetime,datetime(3),NO,NO,,NO,NO,,,,,,,,,,,Timestamp.,backend/src/deviceauth/MySqlDeviceChallengeRepository.ts,backend/src/deviceauth/MySqlDeviceChallengeRepository.ts
device_challenges,expires_at,6,datetime,datetime(3),NO,NO,,NO,NO,,,,,,,,,,,Timestamp.,backend/src/deviceauth/MySqlDeviceChallengeRepository.ts,backend/src/deviceauth/MySqlDeviceChallengeRepository.ts
device_challenges,consumed_at,7,datetime,datetime(3),NO,YES,,NO,NO,,,,,,,,,,,Timestamp.,backend/src/deviceauth/MySqlDeviceChallengeRepository.ts,backend/src/deviceauth/MySqlDeviceChallengeRepository.ts
device_protection_status,device_id,1,char,char(36),NO,NO,,NO,YES,,,device_protection_status_device_id_fk,devices,device_id,NO ACTION,NO ACTION,,ascii,ascii_bin,Opaque application identifier (see PCA_RELATIONSHIP_ENFORCEMENT_MATRIX.md for FK/soft-reference classification).,backend/src/device/DeviceProtectionStatusRepository.ts,backend/src/device/DeviceProtectionStatusRepository.ts
device_protection_status,family_id,2,varchar,varchar(128),NO,NO,,NO,NO,,device_protection_status_family_id_idx,,,,,,YES -> families.family_id (Soft (unenforced) family_id reference -- schema-wide convention. families.family_id is CHAR(36) ascii_bin; every other table's family_id is VARCHAR(128) utf8mb4_bin. Membership existence is checked at the application layer (AuthzService.requiresFamilyScope).),utf8mb4,utf8mb4_bin,Opaque application identifier (see PCA_RELATIONSHIP_ENFORCEMENT_MATRIX.md for FK/soft-reference classification).,backend/src/device/DeviceProtectionStatusRepository.ts,backend/src/device/DeviceProtectionStatusRepository.ts
device_protection_status,protection_level,3,varchar,varchar(32),NO,NO,,NO,NO,,,,,,,,,utf8mb4,utf8mb4_bin,Closed-vocabulary status/type/category/currency/market column.,backend/src/device/DeviceProtectionStatusRepository.ts,backend/src/device/DeviceProtectionStatusRepository.ts
device_protection_status,updated_at,4,datetime,datetime(3),NO,NO,,NO,NO,,,,,,,,,,,Timestamp.,backend/src/device/DeviceProtectionStatusRepository.ts,backend/src/device/DeviceProtectionStatusRepository.ts
device_public_keys,device_id,1,char,char(36),NO,NO,,NO,YES,,device_public_keys_device_id_idx,device_public_keys_device_id_fk,devices,device_id,NO ACTION,NO ACTION,,ascii,ascii_bin,Opaque application identifier (see PCA_RELATIONSHIP_ENFORCEMENT_MATRIX.md for FK/soft-reference classification).,backend/src/device/MySqlDeviceRepository.ts,backend/src/device/MySqlDeviceRepository.ts;backend/src/enrollment/MySqlEnrollmentCoordinatorRepository.ts
device_public_keys,key_id,2,char,char(36),NO,NO,,NO,YES,,,,,,,,,ascii,ascii_bin,Opaque application identifier (see PCA_RELATIONSHIP_ENFORCEMENT_MATRIX.md for FK/soft-reference classification).,backend/src/device/MySqlDeviceRepository.ts,backend/src/device/MySqlDeviceRepository.ts;backend/src/enrollment/MySqlEnrollmentCoordinatorRepository.ts
device_public_keys,key_purpose,3,varchar,varchar(8),NO,NO,,NO,NO,,,,,,,,,utf8mb4,utf8mb4_bin,Closed-vocabulary status/type/category/currency/market column.,backend/src/device/MySqlDeviceRepository.ts,backend/src/device/MySqlDeviceRepository.ts;backend/src/enrollment/MySqlEnrollmentCoordinatorRepository.ts
device_public_keys,public_key,4,varchar,varchar(128),NO,NO,,NO,NO,device_public_keys_public_key_key,,,,,,,,utf8mb4,utf8mb4_bin,Public signing key material (never private).,backend/src/device/MySqlDeviceRepository.ts,backend/src/device/MySqlDeviceRepository.ts;backend/src/enrollment/MySqlEnrollmentCoordinatorRepository.ts
device_public_keys,status,5,varchar,varchar(16),NO,NO,,NO,NO,,,,,,,,,utf8mb4,utf8mb4_bin,Closed-vocabulary status/type/category/currency/market column.,backend/src/device/MySqlDeviceRepository.ts,backend/src/device/MySqlDeviceRepository.ts;backend/src/enrollment/MySqlEnrollmentCoordinatorRepository.ts
device_public_keys,created_at,6,datetime,datetime(3),NO,NO,,NO,NO,,,,,,,,,,,Timestamp.,backend/src/device/MySqlDeviceRepository.ts,backend/src/device/MySqlDeviceRepository.ts;backend/src/enrollment/MySqlEnrollmentCoordinatorRepository.ts
device_public_keys,revoked_at,7,datetime,datetime(3),NO,YES,,NO,NO,,,,,,,,,,,Timestamp.,backend/src/device/MySqlDeviceRepository.ts,backend/src/device/MySqlDeviceRepository.ts;backend/src/enrollment/MySqlEnrollmentCoordinatorRepository.ts
devices,device_id,1,char,char(36),NO,NO,,NO,YES,,,,,,,,,ascii,ascii_bin,Opaque application identifier (see PCA_RELATIONSHIP_ENFORCEMENT_MATRIX.md for FK/soft-reference classification).,backend/src/device/MySqlDeviceRepository.ts;backend/src/familyrbac/MySqlRemovalDecisionRepository.ts,backend/src/device/MySqlDeviceRepository.ts;backend/src/enrollment/MySqlEnrollmentCoordinatorRepository.ts
devices,family_id,2,varchar,varchar(128),NO,NO,,NO,NO,,devices_family_id_idx,,,,,,YES -> families.family_id (Soft (unenforced) family_id reference -- schema-wide convention. families.family_id is CHAR(36) ascii_bin; every other table's family_id is VARCHAR(128) utf8mb4_bin. Membership existence is checked at the application layer (AuthzService.requiresFamilyScope).),utf8mb4,utf8mb4_bin,Opaque application identifier (see PCA_RELATIONSHIP_ENFORCEMENT_MATRIX.md for FK/soft-reference classification).,backend/src/device/MySqlDeviceRepository.ts;backend/src/familyrbac/MySqlRemovalDecisionRepository.ts,backend/src/device/MySqlDeviceRepository.ts;backend/src/enrollment/MySqlEnrollmentCoordinatorRepository.ts
devices,platform,3,varchar,varchar(16),NO,NO,,NO,NO,,,,,,,,,utf8mb4,utf8mb4_bin,Closed-vocabulary status/type/category/currency/market column.,backend/src/device/MySqlDeviceRepository.ts;backend/src/familyrbac/MySqlRemovalDecisionRepository.ts,backend/src/device/MySqlDeviceRepository.ts;backend/src/enrollment/MySqlEnrollmentCoordinatorRepository.ts
devices,status,4,varchar,varchar(16),NO,NO,,NO,NO,,,,,,,,,utf8mb4,utf8mb4_bin,Closed-vocabulary status/type/category/currency/market column.,backend/src/device/MySqlDeviceRepository.ts;backend/src/familyrbac/MySqlRemovalDecisionRepository.ts,backend/src/device/MySqlDeviceRepository.ts;backend/src/enrollment/MySqlEnrollmentCoordinatorRepository.ts
devices,created_at,5,datetime,datetime(3),NO,NO,,NO,NO,,,,,,,,,,,Timestamp.,backend/src/device/MySqlDeviceRepository.ts;backend/src/familyrbac/MySqlRemovalDecisionRepository.ts,backend/src/device/MySqlDeviceRepository.ts;backend/src/enrollment/MySqlEnrollmentCoordinatorRepository.ts
devices,revoked_at,6,datetime,datetime(3),NO,YES,,NO,NO,,,,,,,,,,,Timestamp.,backend/src/device/MySqlDeviceRepository.ts;backend/src/familyrbac/MySqlRemovalDecisionRepository.ts,backend/src/device/MySqlDeviceRepository.ts;backend/src/enrollment/MySqlEnrollmentCoordinatorRepository.ts
devices,paired_at,7,datetime,datetime(3),NO,YES,,NO,NO,,,,,,,,,,,Timestamp.,backend/src/device/MySqlDeviceRepository.ts;backend/src/familyrbac/MySqlRemovalDecisionRepository.ts,backend/src/device/MySqlDeviceRepository.ts;backend/src/enrollment/MySqlEnrollmentCoordinatorRepository.ts
devices,paired_by_account_id,8,char,char(36),NO,YES,,NO,NO,,devices_paired_by_account_id_fk,devices_paired_by_account_id_fk,service_accounts,account_id,NO ACTION,NO ACTION,,ascii,ascii_bin,Opaque application identifier (see PCA_RELATIONSHIP_ENFORCEMENT_MATRIX.md for FK/soft-reference classification).,backend/src/device/MySqlDeviceRepository.ts;backend/src/familyrbac/MySqlRemovalDecisionRepository.ts,backend/src/device/MySqlDeviceRepository.ts;backend/src/enrollment/MySqlEnrollmentCoordinatorRepository.ts
devices,registered_by_account_id,9,char,char(36),NO,YES,,NO,NO,,devices_registered_by_account_id_fk,devices_registered_by_account_id_fk,service_accounts,account_id,NO ACTION,NO ACTION,,ascii,ascii_bin,Opaque application identifier (see PCA_RELATIONSHIP_ENFORCEMENT_MATRIX.md for FK/soft-reference classification).,backend/src/device/MySqlDeviceRepository.ts;backend/src/familyrbac/MySqlRemovalDecisionRepository.ts,backend/src/device/MySqlDeviceRepository.ts;backend/src/enrollment/MySqlEnrollmentCoordinatorRepository.ts
enrollment_administration_verifiers,family_id,1,varchar,varchar(128),NO,NO,,NO,YES,,,,,,,,YES -> families.family_id (Soft (unenforced) family_id reference -- schema-wide convention. families.family_id is CHAR(36) ascii_bin; every other table's family_id is VARCHAR(128) utf8mb4_bin. Membership existence is checked at the application layer (AuthzService.requiresFamilyScope).),utf8mb4,utf8mb4_bin,Opaque application identifier (see PCA_RELATIONSHIP_ENFORCEMENT_MATRIX.md for FK/soft-reference classification).,backend/src/enrollment/MySqlAdministrationPinRepository.ts,backend/src/enrollment/MySqlAdministrationPinRepository.ts
enrollment_administration_verifiers,salt_b64,2,varchar,varchar(32),NO,NO,,NO,NO,,,,,,,,,ascii,ascii_bin,"Authentication/verification/integrity hash material, never a raw secret or raw identifying value.",backend/src/enrollment/MySqlAdministrationPinRepository.ts,backend/src/enrollment/MySqlAdministrationPinRepository.ts
enrollment_administration_verifiers,verifier_b64,3,varchar,varchar(64),NO,NO,,NO,NO,,,,,,,,,ascii,ascii_bin,"Authentication/verification/integrity hash material, never a raw secret or raw identifying value.",backend/src/enrollment/MySqlAdministrationPinRepository.ts,backend/src/enrollment/MySqlAdministrationPinRepository.ts
enrollment_administration_verifiers,failed_attempts,4,tinyint,tinyint unsigned,YES,NO,0,NO,NO,,,,,,,,,,,"Numeric/boolean operational counter, limit, flag, rate, or version.",backend/src/enrollment/MySqlAdministrationPinRepository.ts,backend/src/enrollment/MySqlAdministrationPinRepository.ts
enrollment_administration_verifiers,locked_until,5,datetime,datetime(3),NO,YES,,NO,NO,,,,,,,,,,,Timestamp.,backend/src/enrollment/MySqlAdministrationPinRepository.ts,backend/src/enrollment/MySqlAdministrationPinRepository.ts
enrollment_administration_verifiers,updated_at,6,datetime,datetime(3),NO,NO,,NO,NO,,,,,,,,,,,Timestamp.,backend/src/enrollment/MySqlAdministrationPinRepository.ts,backend/src/enrollment/MySqlAdministrationPinRepository.ts
enrollment_bootstrap_attempts,attempt_id,1,varchar,varchar(64),NO,NO,,NO,YES,,,,,,,,,ascii,ascii_bin,Opaque application identifier (see PCA_RELATIONSHIP_ENFORCEMENT_MATRIX.md for FK/soft-reference classification).,backend/src/enrollment/MySqlEnrollmentCoordinatorRepository.ts,backend/src/enrollment/MySqlEnrollmentCoordinatorRepository.ts
enrollment_bootstrap_attempts,token_hash,2,char,char(64),NO,NO,,NO,NO,,enrollment_bootstrap_attempts_token_hash_idx,,,,,,,ascii,ascii_bin,"Authentication/verification/integrity hash material, never a raw secret or raw identifying value.",backend/src/enrollment/MySqlEnrollmentCoordinatorRepository.ts,backend/src/enrollment/MySqlEnrollmentCoordinatorRepository.ts
enrollment_bootstrap_attempts,recovery_token_hash,3,char,char(64),NO,NO,,NO,NO,enrollment_bootstrap_attempts_recovery_token_hash_key,,,,,,,,ascii,ascii_bin,"Authentication/verification/integrity hash material, never a raw secret or raw identifying value.",backend/src/enrollment/MySqlEnrollmentCoordinatorRepository.ts,backend/src/enrollment/MySqlEnrollmentCoordinatorRepository.ts
enrollment_bootstrap_attempts,platform,4,varchar,varchar(16),NO,NO,,NO,NO,,,,,,,,,utf8mb4,utf8mb4_bin,Closed-vocabulary status/type/category/currency/market column.,backend/src/enrollment/MySqlEnrollmentCoordinatorRepository.ts,backend/src/enrollment/MySqlEnrollmentCoordinatorRepository.ts
enrollment_bootstrap_attempts,signing_public_key,5,varchar,varchar(128),NO,NO,,NO,NO,,,,,,,,,utf8mb4,utf8mb4_bin,Public signing key material (never private).,backend/src/enrollment/MySqlEnrollmentCoordinatorRepository.ts,backend/src/enrollment/MySqlEnrollmentCoordinatorRepository.ts
enrollment_bootstrap_attempts,encryption_public_key,6,varchar,varchar(128),NO,NO,,NO,NO,,,,,,,,,utf8mb4,utf8mb4_bin,Public signing key material (never private).,backend/src/enrollment/MySqlEnrollmentCoordinatorRepository.ts,backend/src/enrollment/MySqlEnrollmentCoordinatorRepository.ts
enrollment_bootstrap_attempts,device_id,7,char,char(36),NO,NO,,NO,NO,,enrollment_bootstrap_attempts_device_id_idx,enrollment_bootstrap_attempts_device_id_fk,devices,device_id,NO ACTION,NO ACTION,,ascii,ascii_bin,Opaque application identifier (see PCA_RELATIONSHIP_ENFORCEMENT_MATRIX.md for FK/soft-reference classification).,backend/src/enrollment/MySqlEnrollmentCoordinatorRepository.ts,backend/src/enrollment/MySqlEnrollmentCoordinatorRepository.ts
enrollment_bootstrap_attempts,signing_key_id,8,char,char(36),NO,NO,,NO,NO,,,,,,,,,ascii,ascii_bin,Opaque application identifier (see PCA_RELATIONSHIP_ENFORCEMENT_MATRIX.md for FK/soft-reference classification).,backend/src/enrollment/MySqlEnrollmentCoordinatorRepository.ts,backend/src/enrollment/MySqlEnrollmentCoordinatorRepository.ts
enrollment_bootstrap_attempts,encryption_key_id,9,char,char(36),NO,NO,,NO,NO,,,,,,,,,ascii,ascii_bin,Opaque application identifier (see PCA_RELATIONSHIP_ENFORCEMENT_MATRIX.md for FK/soft-reference classification).,backend/src/enrollment/MySqlEnrollmentCoordinatorRepository.ts,backend/src/enrollment/MySqlEnrollmentCoordinatorRepository.ts
enrollment_bootstrap_attempts,invitation_id,10,char,char(36),NO,NO,,NO,NO,,,,,,,,"OWNER_DECISION_REQUIRED -> enrollment_invitations.invitation_id (Types match exactly (CHAR(36) ascii_bin). This table's device_id column DOES carry a real FK to devices, so this is not a table-wide no-FK pattern. Written in the same transaction as invitation redemption (invitation already exists, merely transitioning to REDEEMED). No comment, test, or design doc found explaining the omission.)",ascii,ascii_bin,Opaque application identifier (see PCA_RELATIONSHIP_ENFORCEMENT_MATRIX.md for FK/soft-reference classification).,backend/src/enrollment/MySqlEnrollmentCoordinatorRepository.ts,backend/src/enrollment/MySqlEnrollmentCoordinatorRepository.ts
enrollment_bootstrap_attempts,family_id,11,varchar,varchar(128),NO,NO,,NO,NO,,,,,,,,YES -> families.family_id (Soft (unenforced) family_id reference -- schema-wide convention. families.family_id is CHAR(36) ascii_bin; every other table's family_id is VARCHAR(128) utf8mb4_bin. Membership existence is checked at the application layer (AuthzService.requiresFamilyScope).),utf8mb4,utf8mb4_bin,Opaque application identifier (see PCA_RELATIONSHIP_ENFORCEMENT_MATRIX.md for FK/soft-reference classification).,backend/src/enrollment/MySqlEnrollmentCoordinatorRepository.ts,backend/src/enrollment/MySqlEnrollmentCoordinatorRepository.ts
enrollment_bootstrap_attempts,status,12,varchar,varchar(16),NO,NO,,NO,NO,,,,,,,,,utf8mb4,utf8mb4_bin,Closed-vocabulary status/type/category/currency/market column.,backend/src/enrollment/MySqlEnrollmentCoordinatorRepository.ts,backend/src/enrollment/MySqlEnrollmentCoordinatorRepository.ts
enrollment_bootstrap_attempts,created_at,13,datetime,datetime(3),NO,NO,,NO,NO,,,,,,,,,,,Timestamp.,backend/src/enrollment/MySqlEnrollmentCoordinatorRepository.ts,backend/src/enrollment/MySqlEnrollmentCoordinatorRepository.ts
enrollment_invitation_transitions,transition_id,1,char,char(36),NO,NO,,NO,YES,,,,,,,,,ascii,ascii_bin,Opaque application identifier (see PCA_RELATIONSHIP_ENFORCEMENT_MATRIX.md for FK/soft-reference classification).,,backend/src/invitation/MySqlInvitationRepository.ts
enrollment_invitation_transitions,invitation_id,2,char,char(36),NO,NO,,NO,NO,,enrollment_invitation_transitions_invitation_idx,enrollment_invitation_transitions_invitation_fk,enrollment_invitations,invitation_id,NO ACTION,NO ACTION,,ascii,ascii_bin,Opaque application identifier (see PCA_RELATIONSHIP_ENFORCEMENT_MATRIX.md for FK/soft-reference classification).,,backend/src/invitation/MySqlInvitationRepository.ts
enrollment_invitation_transitions,from_status,3,varchar,varchar(32),NO,NO,,NO,NO,,,,,,,,,utf8mb4,utf8mb4_bin,Closed-vocabulary status/type/category/currency/market column.,,backend/src/invitation/MySqlInvitationRepository.ts
enrollment_invitation_transitions,to_status,4,varchar,varchar(32),NO,NO,,NO,NO,,,,,,,,,utf8mb4,utf8mb4_bin,Closed-vocabulary status/type/category/currency/market column.,,backend/src/invitation/MySqlInvitationRepository.ts
enrollment_invitation_transitions,transitioned_at,5,datetime,datetime(3),NO,NO,,NO,NO,,enrollment_invitation_transitions_invitation_idx,,,,,,,,,Timestamp.,,backend/src/invitation/MySqlInvitationRepository.ts
enrollment_invitations,invitation_id,1,char,char(36),NO,NO,,NO,YES,,,,,,,,,ascii,ascii_bin,Opaque application identifier (see PCA_RELATIONSHIP_ENFORCEMENT_MATRIX.md for FK/soft-reference classification).,backend/src/enrollment/MySqlEnrollmentCoordinatorRepository.ts;backend/src/invitation/MySqlInvitationRepository.ts;backend/src/platformadmin/readmodels/DashboardReadModel.ts,backend/src/enrollment/MySqlEnrollmentCoordinatorRepository.ts;backend/src/invitation/MySqlInvitationRepository.ts
enrollment_invitations,family_id,2,varchar,varchar(128),NO,NO,,NO,NO,,enrollment_invitations_family_child_idx;enrollment_invitations_family_id_idx,,,,,,YES -> families.family_id (Soft (unenforced) family_id reference -- schema-wide convention. families.family_id is CHAR(36) ascii_bin; every other table's family_id is VARCHAR(128) utf8mb4_bin. Membership existence is checked at the application layer (AuthzService.requiresFamilyScope).),utf8mb4,utf8mb4_bin,Opaque application identifier (see PCA_RELATIONSHIP_ENFORCEMENT_MATRIX.md for FK/soft-reference classification).,backend/src/enrollment/MySqlEnrollmentCoordinatorRepository.ts;backend/src/invitation/MySqlInvitationRepository.ts;backend/src/platformadmin/readmodels/DashboardReadModel.ts,backend/src/enrollment/MySqlEnrollmentCoordinatorRepository.ts;backend/src/invitation/MySqlInvitationRepository.ts
enrollment_invitations,child_profile_id,3,varchar,varchar(128),NO,YES,,NO,NO,,enrollment_invitations_family_child_idx,,,,,,YES -> family_child_memberships.child_profile_id (Relationship enforced at the application layer (InvitationService) because enrollment_invitations already carries pre-registry fixture rows this table cannot retroactively host without risking a false cross-family bind.),utf8mb4,utf8mb4_bin,Opaque application identifier (see PCA_RELATIONSHIP_ENFORCEMENT_MATRIX.md for FK/soft-reference classification).,backend/src/enrollment/MySqlEnrollmentCoordinatorRepository.ts;backend/src/invitation/MySqlInvitationRepository.ts;backend/src/platformadmin/readmodels/DashboardReadModel.ts,backend/src/enrollment/MySqlEnrollmentCoordinatorRepository.ts;backend/src/invitation/MySqlInvitationRepository.ts
enrollment_invitations,token_hash,4,char,char(64),NO,NO,,NO,NO,enrollment_invitations_token_hash_key,,,,,,,,ascii,ascii_bin,"Authentication/verification/integrity hash material, never a raw secret or raw identifying value.",backend/src/enrollment/MySqlEnrollmentCoordinatorRepository.ts;backend/src/invitation/MySqlInvitationRepository.ts;backend/src/platformadmin/readmodels/DashboardReadModel.ts,backend/src/enrollment/MySqlEnrollmentCoordinatorRepository.ts;backend/src/invitation/MySqlInvitationRepository.ts
enrollment_invitations,platform,5,varchar,varchar(16),NO,NO,,NO,NO,,,,,,,,,utf8mb4,utf8mb4_bin,Closed-vocabulary status/type/category/currency/market column.,backend/src/enrollment/MySqlEnrollmentCoordinatorRepository.ts;backend/src/invitation/MySqlInvitationRepository.ts;backend/src/platformadmin/readmodels/DashboardReadModel.ts,backend/src/enrollment/MySqlEnrollmentCoordinatorRepository.ts;backend/src/invitation/MySqlInvitationRepository.ts
enrollment_invitations,requested_protection_mode,6,varchar,varchar(32),NO,NO,,NO,NO,,,,,,,,,utf8mb4,utf8mb4_bin,Closed-vocabulary status/type/category/currency/market column.,backend/src/enrollment/MySqlEnrollmentCoordinatorRepository.ts;backend/src/invitation/MySqlInvitationRepository.ts;backend/src/platformadmin/readmodels/DashboardReadModel.ts,backend/src/enrollment/MySqlEnrollmentCoordinatorRepository.ts;backend/src/invitation/MySqlInvitationRepository.ts
enrollment_invitations,age_ux_tier,7,varchar,varchar(16),NO,NO,YOUNG_CHILD,NO,NO,,,,,,,,,utf8mb4,utf8mb4_bin,"Closed enum ('YOUNG_CHILD','TEEN') UX tier, not an actual age/DOB (migration 0019: 'No display name, activity, location, or readable child content is stored here').",backend/src/enrollment/MySqlEnrollmentCoordinatorRepository.ts;backend/src/invitation/MySqlInvitationRepository.ts;backend/src/platformadmin/readmodels/DashboardReadModel.ts,backend/src/enrollment/MySqlEnrollmentCoordinatorRepository.ts;backend/src/invitation/MySqlInvitationRepository.ts
enrollment_invitations,initial_policy_profile,8,varchar,varchar(16),NO,NO,BALANCED,NO,NO,,,,,,,,,utf8mb4,utf8mb4_bin,"Closed enum ('BALANCED','STRICT') named tier selection, not stored policy/rule content.",backend/src/enrollment/MySqlEnrollmentCoordinatorRepository.ts;backend/src/invitation/MySqlInvitationRepository.ts;backend/src/platformadmin/readmodels/DashboardReadModel.ts,backend/src/enrollment/MySqlEnrollmentCoordinatorRepository.ts;backend/src/invitation/MySqlInvitationRepository.ts
enrollment_invitations,status,9,varchar,varchar(32),NO,NO,,NO,NO,,,,,,,,,utf8mb4,utf8mb4_bin,Closed-vocabulary status/type/category/currency/market column.,backend/src/enrollment/MySqlEnrollmentCoordinatorRepository.ts;backend/src/invitation/MySqlInvitationRepository.ts;backend/src/platformadmin/readmodels/DashboardReadModel.ts,backend/src/enrollment/MySqlEnrollmentCoordinatorRepository.ts;backend/src/invitation/MySqlInvitationRepository.ts
enrollment_invitations,created_at,10,datetime,datetime(3),NO,NO,,NO,NO,,,,,,,,,,,Timestamp.,backend/src/enrollment/MySqlEnrollmentCoordinatorRepository.ts;backend/src/invitation/MySqlInvitationRepository.ts;backend/src/platformadmin/readmodels/DashboardReadModel.ts,backend/src/enrollment/MySqlEnrollmentCoordinatorRepository.ts;backend/src/invitation/MySqlInvitationRepository.ts
enrollment_invitations,expires_at,11,datetime,datetime(3),NO,NO,,NO,NO,,,,,,,,,,,Timestamp.,backend/src/enrollment/MySqlEnrollmentCoordinatorRepository.ts;backend/src/invitation/MySqlInvitationRepository.ts;backend/src/platformadmin/readmodels/DashboardReadModel.ts,backend/src/enrollment/MySqlEnrollmentCoordinatorRepository.ts;backend/src/invitation/MySqlInvitationRepository.ts
enrollment_invitations,opened_at,12,datetime,datetime(3),NO,YES,,NO,NO,,,,,,,,,,,Timestamp.,backend/src/enrollment/MySqlEnrollmentCoordinatorRepository.ts;backend/src/invitation/MySqlInvitationRepository.ts;backend/src/platformadmin/readmodels/DashboardReadModel.ts,backend/src/enrollment/MySqlEnrollmentCoordinatorRepository.ts;backend/src/invitation/MySqlInvitationRepository.ts
enrollment_invitations,install_required_at,13,datetime,datetime(3),NO,YES,,NO,NO,,,,,,,,,,,Timestamp.,backend/src/enrollment/MySqlEnrollmentCoordinatorRepository.ts;backend/src/invitation/MySqlInvitationRepository.ts;backend/src/platformadmin/readmodels/DashboardReadModel.ts,backend/src/enrollment/MySqlEnrollmentCoordinatorRepository.ts;backend/src/invitation/MySqlInvitationRepository.ts
enrollment_invitations,app_installed_at,14,datetime,datetime(3),NO,YES,,NO,NO,,,,,,,,,,,Timestamp.,backend/src/enrollment/MySqlEnrollmentCoordinatorRepository.ts;backend/src/invitation/MySqlInvitationRepository.ts;backend/src/platformadmin/readmodels/DashboardReadModel.ts,backend/src/enrollment/MySqlEnrollmentCoordinatorRepository.ts;backend/src/invitation/MySqlInvitationRepository.ts
enrollment_invitations,authorization_required_at,15,datetime,datetime(3),NO,YES,,NO,NO,,,,,,,,,,,Timestamp.,backend/src/enrollment/MySqlEnrollmentCoordinatorRepository.ts;backend/src/invitation/MySqlInvitationRepository.ts;backend/src/platformadmin/readmodels/DashboardReadModel.ts,backend/src/enrollment/MySqlEnrollmentCoordinatorRepository.ts;backend/src/invitation/MySqlInvitationRepository.ts
enrollment_invitations,redeemed_at,16,datetime,datetime(3),NO,YES,,NO,NO,,,,,,,,,,,Timestamp.,backend/src/enrollment/MySqlEnrollmentCoordinatorRepository.ts;backend/src/invitation/MySqlInvitationRepository.ts;backend/src/platformadmin/readmodels/DashboardReadModel.ts,backend/src/enrollment/MySqlEnrollmentCoordinatorRepository.ts;backend/src/invitation/MySqlInvitationRepository.ts
enrollment_invitations,expired_at,17,datetime,datetime(3),NO,YES,,NO,NO,,,,,,,,,,,Timestamp.,backend/src/enrollment/MySqlEnrollmentCoordinatorRepository.ts;backend/src/invitation/MySqlInvitationRepository.ts;backend/src/platformadmin/readmodels/DashboardReadModel.ts,backend/src/enrollment/MySqlEnrollmentCoordinatorRepository.ts;backend/src/invitation/MySqlInvitationRepository.ts
enrollment_invitations,revoked_at,18,datetime,datetime(3),NO,YES,,NO,NO,,,,,,,,,,,Timestamp.,backend/src/enrollment/MySqlEnrollmentCoordinatorRepository.ts;backend/src/invitation/MySqlInvitationRepository.ts;backend/src/platformadmin/readmodels/DashboardReadModel.ts,backend/src/enrollment/MySqlEnrollmentCoordinatorRepository.ts;backend/src/invitation/MySqlInvitationRepository.ts
enrollment_protection_approval_requests,request_id,1,varchar,varchar(200),NO,NO,,NO,YES,,,,,,,,,utf8mb4,utf8mb4_bin,Opaque application identifier (see PCA_RELATIONSHIP_ENFORCEMENT_MATRIX.md for FK/soft-reference classification).,backend/src/familyrbac/MySqlRemovalDecisionRepository.ts,backend/src/familyrbac/MySqlRemovalDecisionRepository.ts
enrollment_protection_approval_requests,family_id,2,varchar,varchar(128),NO,NO,,NO,NO,,enrollment_protection_approval_family_state_idx,,,,,,YES -> families.family_id (Soft (unenforced) family_id reference -- schema-wide convention. families.family_id is CHAR(36) ascii_bin; every other table's family_id is VARCHAR(128) utf8mb4_bin. Membership existence is checked at the application layer (AuthzService.requiresFamilyScope).),utf8mb4,utf8mb4_bin,Opaque application identifier (see PCA_RELATIONSHIP_ENFORCEMENT_MATRIX.md for FK/soft-reference classification).,backend/src/familyrbac/MySqlRemovalDecisionRepository.ts,backend/src/familyrbac/MySqlRemovalDecisionRepository.ts
enrollment_protection_approval_requests,child_id,3,varchar,varchar(200),NO,NO,,NO,NO,,,,,,,,YES -> family_child_memberships.child_profile_id (Table stores opaque child/device references by design.),utf8mb4,utf8mb4_bin,Opaque application identifier (see PCA_RELATIONSHIP_ENFORCEMENT_MATRIX.md for FK/soft-reference classification).,backend/src/familyrbac/MySqlRemovalDecisionRepository.ts,backend/src/familyrbac/MySqlRemovalDecisionRepository.ts
enrollment_protection_approval_requests,device_id,4,varchar,varchar(200),NO,NO,,NO,NO,,,,,,,,"YES -> devices.device_id (Table stores opaque child/device references, not a DB-joinable identity.)",utf8mb4,utf8mb4_bin,Opaque application identifier (see PCA_RELATIONSHIP_ENFORCEMENT_MATRIX.md for FK/soft-reference classification).,backend/src/familyrbac/MySqlRemovalDecisionRepository.ts,backend/src/familyrbac/MySqlRemovalDecisionRepository.ts
enrollment_protection_approval_requests,operation,5,varchar,varchar(32),NO,NO,,NO,NO,,,,,,,,,utf8mb4,utf8mb4_bin,"Closed enum ('REMOVE_REVOKE_DEVICE','DISABLE_PROTECTION_POLICY').",backend/src/familyrbac/MySqlRemovalDecisionRepository.ts,backend/src/familyrbac/MySqlRemovalDecisionRepository.ts
enrollment_protection_approval_requests,protection_level,6,varchar,varchar(32),NO,NO,,NO,NO,,,,,,,,,utf8mb4,utf8mb4_bin,Closed-vocabulary status/type/category/currency/market column.,backend/src/familyrbac/MySqlRemovalDecisionRepository.ts,backend/src/familyrbac/MySqlRemovalDecisionRepository.ts
enrollment_protection_approval_requests,requested_at,7,datetime,datetime(3),NO,NO,,NO,NO,,,,,,,,,,,Timestamp.,backend/src/familyrbac/MySqlRemovalDecisionRepository.ts,backend/src/familyrbac/MySqlRemovalDecisionRepository.ts
enrollment_protection_approval_requests,expires_at,8,datetime,datetime(3),NO,NO,,NO,NO,,enrollment_protection_approval_family_state_idx,,,,,,,,,Timestamp.,backend/src/familyrbac/MySqlRemovalDecisionRepository.ts,backend/src/familyrbac/MySqlRemovalDecisionRepository.ts
enrollment_protection_approval_requests,reason_category,9,varchar,varchar(32),NO,YES,,NO,NO,,,,,,,,,utf8mb4,utf8mb4_bin,Closed-vocabulary status/type/category/currency/market column.,backend/src/familyrbac/MySqlRemovalDecisionRepository.ts,backend/src/familyrbac/MySqlRemovalDecisionRepository.ts
enrollment_protection_approval_requests,protective_authority_applies,10,tinyint,tinyint unsigned,YES,NO,,NO,NO,,,,,,,,,,,"Numeric/boolean operational counter, limit, flag, rate, or version.",backend/src/familyrbac/MySqlRemovalDecisionRepository.ts,backend/src/familyrbac/MySqlRemovalDecisionRepository.ts
enrollment_protection_approval_requests,state,11,varchar,varchar(32),NO,NO,,NO,NO,,enrollment_protection_approval_family_state_idx,,,,,,,utf8mb4,utf8mb4_bin,Closed-vocabulary status/type/category/currency/market column.,backend/src/familyrbac/MySqlRemovalDecisionRepository.ts,backend/src/familyrbac/MySqlRemovalDecisionRepository.ts
enrollment_protection_approval_requests,decided_at,12,datetime,datetime(3),NO,YES,,NO,NO,,,,,,,,,,,Timestamp.,backend/src/familyrbac/MySqlRemovalDecisionRepository.ts,backend/src/familyrbac/MySqlRemovalDecisionRepository.ts
enrollment_protection_approval_requests,decision_method,13,varchar,varchar(32),NO,YES,,NO,NO,,,,,,,,,utf8mb4,utf8mb4_bin,Closed-vocabulary status/type/category/currency/market column.,backend/src/familyrbac/MySqlRemovalDecisionRepository.ts,backend/src/familyrbac/MySqlRemovalDecisionRepository.ts
enrollment_protection_approval_requests,temporary_disable_until,14,datetime,datetime(3),NO,YES,,NO,NO,,,,,,,,,,,Timestamp.,backend/src/familyrbac/MySqlRemovalDecisionRepository.ts,backend/src/familyrbac/MySqlRemovalDecisionRepository.ts
enrollment_protection_approval_requests,decided_by_device_id,15,varchar,varchar(200),NO,YES,,NO,NO,,,,,,,,YES -> devices.device_id (Same opaque-reference design as device_id on this table.),utf8mb4,utf8mb4_bin,Opaque application identifier (see PCA_RELATIONSHIP_ENFORCEMENT_MATRIX.md for FK/soft-reference classification).,backend/src/familyrbac/MySqlRemovalDecisionRepository.ts,backend/src/familyrbac/MySqlRemovalDecisionRepository.ts
enrollment_protection_approval_requests,decision_action_id,16,varchar,varchar(128),NO,YES,,NO,NO,enrollment_protection_approval_decision_action_uq,,,,,,,,utf8mb4,utf8mb4_bin,Opaque application identifier (see PCA_RELATIONSHIP_ENFORCEMENT_MATRIX.md for FK/soft-reference classification).,backend/src/familyrbac/MySqlRemovalDecisionRepository.ts,backend/src/familyrbac/MySqlRemovalDecisionRepository.ts
enrollment_protection_approval_requests,idempotency_key,17,varchar,varchar(128),NO,YES,,NO,NO,,,,,,,,,utf8mb4,utf8mb4_bin,"Idempotency/dedup/uniqueness key, opaque.",backend/src/familyrbac/MySqlRemovalDecisionRepository.ts,backend/src/familyrbac/MySqlRemovalDecisionRepository.ts
enrollment_protection_approval_requests,decision_fingerprint,18,char,char(64),NO,YES,,NO,NO,,,,,,,,,ascii,ascii_bin,"Authentication/verification/integrity hash material, never a raw secret or raw identifying value.",backend/src/familyrbac/MySqlRemovalDecisionRepository.ts,backend/src/familyrbac/MySqlRemovalDecisionRepository.ts
entitlement_activation_idempotency,idempotency_key,1,varchar,varchar(191),NO,NO,,NO,YES,,,,,,,,,utf8mb4,utf8mb4_bin,"Idempotency/dedup/uniqueness key, opaque.",backend/src/entitlements/payment/PaymentConfirmationService.ts,backend/src/entitlements/payment/PaymentConfirmationService.ts
entitlement_activation_idempotency,request_id,2,char,char(36),NO,NO,,NO,NO,,entitlement_activation_idempotency_request_id_idx,entitlement_activation_idempotency_request_id_fk,entitlement_change_requests,request_id,NO ACTION,NO ACTION,,ascii,ascii_bin,Opaque application identifier (see PCA_RELATIONSHIP_ENFORCEMENT_MATRIX.md for FK/soft-reference classification).,backend/src/entitlements/payment/PaymentConfirmationService.ts,backend/src/entitlements/payment/PaymentConfirmationService.ts
entitlement_activation_idempotency,family_id,3,varchar,varchar(128),NO,NO,,NO,NO,,,,,,,,YES -> families.family_id (Soft (unenforced) family_id reference -- schema-wide convention. families.family_id is CHAR(36) ascii_bin; every other table's family_id is VARCHAR(128) utf8mb4_bin. Membership existence is checked at the application layer (AuthzService.requiresFamilyScope).),utf8mb4,utf8mb4_bin,Opaque application identifier (see PCA_RELATIONSHIP_ENFORCEMENT_MATRIX.md for FK/soft-reference classification).,backend/src/entitlements/payment/PaymentConfirmationService.ts,backend/src/entitlements/payment/PaymentConfirmationService.ts
entitlement_activation_idempotency,applied_managed_device_limit,4,int,int,NO,NO,,NO,NO,,,,,,,,,,,"Numeric/boolean operational counter, limit, flag, rate, or version.",backend/src/entitlements/payment/PaymentConfirmationService.ts,backend/src/entitlements/payment/PaymentConfirmationService.ts
entitlement_activation_idempotency,applied_at,5,datetime,datetime(3),NO,NO,,NO,NO,,,,,,,,,,,Timestamp.,backend/src/entitlements/payment/PaymentConfirmationService.ts,backend/src/entitlements/payment/PaymentConfirmationService.ts
entitlement_change_request_transitions,transition_id,1,char,char(36),NO,NO,,NO,YES,,,,,,,,,ascii,ascii_bin,Opaque application identifier (see PCA_RELATIONSHIP_ENFORCEMENT_MATRIX.md for FK/soft-reference classification).,,backend/src/entitlements/requests/MySqlChangeRequestRepository.ts
entitlement_change_request_transitions,request_id,2,char,char(36),NO,NO,,NO,NO,,entitlement_change_request_transitions_request_id_idx,entitlement_change_request_transitions_request_id_fk,entitlement_change_requests,request_id,NO ACTION,NO ACTION,,ascii,ascii_bin,Opaque application identifier (see PCA_RELATIONSHIP_ENFORCEMENT_MATRIX.md for FK/soft-reference classification).,,backend/src/entitlements/requests/MySqlChangeRequestRepository.ts
entitlement_change_request_transitions,from_state,3,varchar,varchar(20),NO,YES,,NO,NO,,,,,,,,,utf8mb4,utf8mb4_bin,Closed-vocabulary status/type/category/currency/market column.,,backend/src/entitlements/requests/MySqlChangeRequestRepository.ts
entitlement_change_request_transitions,to_state,4,varchar,varchar(20),NO,NO,,NO,NO,,,,,,,,,utf8mb4,utf8mb4_bin,Closed-vocabulary status/type/category/currency/market column.,,backend/src/entitlements/requests/MySqlChangeRequestRepository.ts
entitlement_change_request_transitions,occurred_at,5,datetime,datetime(3),NO,NO,,NO,NO,,,,,,,,,,,Timestamp.,,backend/src/entitlements/requests/MySqlChangeRequestRepository.ts
entitlement_change_request_transitions,actor_admin_id,6,char,char(36),NO,YES,,NO,NO,,entitlement_change_request_transitions_actor_admin_id_fk,entitlement_change_request_transitions_actor_admin_id_fk,platform_admin_accounts,admin_id,NO ACTION,NO ACTION,,ascii,ascii_bin,Opaque application identifier (see PCA_RELATIONSHIP_ENFORCEMENT_MATRIX.md for FK/soft-reference classification).,,backend/src/entitlements/requests/MySqlChangeRequestRepository.ts
entitlement_change_requests,request_id,1,char,char(36),NO,NO,,NO,YES,,,,,,,,,ascii,ascii_bin,Opaque application identifier (see PCA_RELATIONSHIP_ENFORCEMENT_MATRIX.md for FK/soft-reference classification).,backend/src/entitlements/requests/MySqlChangeRequestRepository.ts;backend/src/platformadmin/readmodels/BillingReadModel.ts;backend/src/platformadmin/readmodels/DashboardReadModel.ts;backend/src/platformadmin/readmodels/EntitlementRequestsReadModel.ts,backend/src/entitlements/requests/MySqlChangeRequestRepository.ts;backend/src/platformadmin/readmodels/BillingReadModel.ts
entitlement_change_requests,family_id,2,varchar,varchar(128),NO,NO,,NO,NO,,entitlement_change_requests_family_id_idx,,,,,,YES -> families.family_id (Soft (unenforced) family_id reference -- schema-wide convention. families.family_id is CHAR(36) ascii_bin; every other table's family_id is VARCHAR(128) utf8mb4_bin. Membership existence is checked at the application layer (AuthzService.requiresFamilyScope).),utf8mb4,utf8mb4_bin,Opaque application identifier (see PCA_RELATIONSHIP_ENFORCEMENT_MATRIX.md for FK/soft-reference classification).,backend/src/entitlements/requests/MySqlChangeRequestRepository.ts;backend/src/platformadmin/readmodels/BillingReadModel.ts;backend/src/platformadmin/readmodels/DashboardReadModel.ts;backend/src/platformadmin/readmodels/EntitlementRequestsReadModel.ts,backend/src/entitlements/requests/MySqlChangeRequestRepository.ts;backend/src/platformadmin/readmodels/BillingReadModel.ts
entitlement_change_requests,limit_type,3,varchar,varchar(24),NO,NO,,NO,NO,,,,,,,,,utf8mb4,utf8mb4_bin,Closed-vocabulary status/type/category/currency/market column.,backend/src/entitlements/requests/MySqlChangeRequestRepository.ts;backend/src/platformadmin/readmodels/BillingReadModel.ts;backend/src/platformadmin/readmodels/DashboardReadModel.ts;backend/src/platformadmin/readmodels/EntitlementRequestsReadModel.ts,backend/src/entitlements/requests/MySqlChangeRequestRepository.ts;backend/src/platformadmin/readmodels/BillingReadModel.ts
entitlement_change_requests,current_limit_at_request,4,int,int,NO,NO,,NO,NO,,,,,,,,,,,"Numeric/boolean operational counter, limit, flag, rate, or version.",backend/src/entitlements/requests/MySqlChangeRequestRepository.ts;backend/src/platformadmin/readmodels/BillingReadModel.ts;backend/src/platformadmin/readmodels/DashboardReadModel.ts;backend/src/platformadmin/readmodels/EntitlementRequestsReadModel.ts,backend/src/entitlements/requests/MySqlChangeRequestRepository.ts;backend/src/platformadmin/readmodels/BillingReadModel.ts
entitlement_change_requests,target_limit,5,int,int,NO,NO,,NO,NO,,,,,,,,,,,"Numeric/boolean operational counter, limit, flag, rate, or version.",backend/src/entitlements/requests/MySqlChangeRequestRepository.ts;backend/src/platformadmin/readmodels/BillingReadModel.ts;backend/src/platformadmin/readmodels/DashboardReadModel.ts;backend/src/platformadmin/readmodels/EntitlementRequestsReadModel.ts,backend/src/entitlements/requests/MySqlChangeRequestRepository.ts;backend/src/platformadmin/readmodels/BillingReadModel.ts
entitlement_change_requests,state,6,varchar,varchar(20),NO,NO,,NO,NO,,entitlement_change_requests_state_idx,,,,,,,utf8mb4,utf8mb4_bin,Closed-vocabulary status/type/category/currency/market column.,backend/src/entitlements/requests/MySqlChangeRequestRepository.ts;backend/src/platformadmin/readmodels/BillingReadModel.ts;backend/src/platformadmin/readmodels/DashboardReadModel.ts;backend/src/platformadmin/readmodels/EntitlementRequestsReadModel.ts,backend/src/entitlements/requests/MySqlChangeRequestRepository.ts;backend/src/platformadmin/readmodels/BillingReadModel.ts
entitlement_change_requests,awaiting_admin_quote,7,tinyint,tinyint(1),NO,NO,0,NO,NO,,,,,,,,,,,"Numeric/boolean operational counter, limit, flag, rate, or version.",backend/src/entitlements/requests/MySqlChangeRequestRepository.ts;backend/src/platformadmin/readmodels/BillingReadModel.ts;backend/src/platformadmin/readmodels/DashboardReadModel.ts;backend/src/platformadmin/readmodels/EntitlementRequestsReadModel.ts,backend/src/entitlements/requests/MySqlChangeRequestRepository.ts;backend/src/platformadmin/readmodels/BillingReadModel.ts
entitlement_change_requests,no_charge_override,8,tinyint,tinyint(1),NO,NO,0,NO,NO,,,,,,,,,,,"Numeric/boolean operational counter, limit, flag, rate, or version.",backend/src/entitlements/requests/MySqlChangeRequestRepository.ts;backend/src/platformadmin/readmodels/BillingReadModel.ts;backend/src/platformadmin/readmodels/DashboardReadModel.ts;backend/src/platformadmin/readmodels/EntitlementRequestsReadModel.ts,backend/src/entitlements/requests/MySqlChangeRequestRepository.ts;backend/src/platformadmin/readmodels/BillingReadModel.ts
entitlement_change_requests,quote_kind,9,varchar,varchar(16),NO,YES,,NO,NO,,,,,,,,,utf8mb4,utf8mb4_bin,Closed-vocabulary status/type/category/currency/market column.,backend/src/entitlements/requests/MySqlChangeRequestRepository.ts;backend/src/platformadmin/readmodels/BillingReadModel.ts;backend/src/platformadmin/readmodels/DashboardReadModel.ts;backend/src/platformadmin/readmodels/EntitlementRequestsReadModel.ts,backend/src/entitlements/requests/MySqlChangeRequestRepository.ts;backend/src/platformadmin/readmodels/BillingReadModel.ts
entitlement_change_requests,quote_ref,10,varchar,varchar(64),NO,YES,,NO,NO,,,,,,,,"YES -> billing_quotes.quote_id (Same billing/entitlements plane-isolation convention, reverse direction.)",utf8mb4,utf8mb4_bin,Opaque application identifier (see PCA_RELATIONSHIP_ENFORCEMENT_MATRIX.md for FK/soft-reference classification).,backend/src/entitlements/requests/MySqlChangeRequestRepository.ts;backend/src/platformadmin/readmodels/BillingReadModel.ts;backend/src/platformadmin/readmodels/DashboardReadModel.ts;backend/src/platformadmin/readmodels/EntitlementRequestsReadModel.ts,backend/src/entitlements/requests/MySqlChangeRequestRepository.ts;backend/src/platformadmin/readmodels/BillingReadModel.ts
entitlement_change_requests,quote_amount_minor,11,bigint,bigint,NO,YES,,NO,NO,,,,,,,,,,,"Numeric/boolean operational counter, limit, flag, rate, or version.",backend/src/entitlements/requests/MySqlChangeRequestRepository.ts;backend/src/platformadmin/readmodels/BillingReadModel.ts;backend/src/platformadmin/readmodels/DashboardReadModel.ts;backend/src/platformadmin/readmodels/EntitlementRequestsReadModel.ts,backend/src/entitlements/requests/MySqlChangeRequestRepository.ts;backend/src/platformadmin/readmodels/BillingReadModel.ts
entitlement_change_requests,quote_currency_code,12,char,char(3),NO,YES,,NO,NO,,,,,,,,,utf8mb4,utf8mb4_bin,Closed-vocabulary status/type/category/currency/market column.,backend/src/entitlements/requests/MySqlChangeRequestRepository.ts;backend/src/platformadmin/readmodels/BillingReadModel.ts;backend/src/platformadmin/readmodels/DashboardReadModel.ts;backend/src/platformadmin/readmodels/EntitlementRequestsReadModel.ts,backend/src/entitlements/requests/MySqlChangeRequestRepository.ts;backend/src/platformadmin/readmodels/BillingReadModel.ts
entitlement_change_requests,quote_price_book_version,13,int,int unsigned,YES,YES,,NO,NO,,,,,,,,,,,"Numeric/boolean operational counter, limit, flag, rate, or version.",backend/src/entitlements/requests/MySqlChangeRequestRepository.ts;backend/src/platformadmin/readmodels/BillingReadModel.ts;backend/src/platformadmin/readmodels/DashboardReadModel.ts;backend/src/platformadmin/readmodels/EntitlementRequestsReadModel.ts,backend/src/entitlements/requests/MySqlChangeRequestRepository.ts;backend/src/platformadmin/readmodels/BillingReadModel.ts
entitlement_change_requests,quoted_at,14,datetime,datetime(3),NO,YES,,NO,NO,,,,,,,,,,,Timestamp.,backend/src/entitlements/requests/MySqlChangeRequestRepository.ts;backend/src/platformadmin/readmodels/BillingReadModel.ts;backend/src/platformadmin/readmodels/DashboardReadModel.ts;backend/src/platformadmin/readmodels/EntitlementRequestsReadModel.ts,backend/src/entitlements/requests/MySqlChangeRequestRepository.ts;backend/src/platformadmin/readmodels/BillingReadModel.ts
entitlement_change_requests,quote_expires_at,15,datetime,datetime(3),NO,YES,,NO,NO,,,,,,,,,,,Timestamp.,backend/src/entitlements/requests/MySqlChangeRequestRepository.ts;backend/src/platformadmin/readmodels/BillingReadModel.ts;backend/src/platformadmin/readmodels/DashboardReadModel.ts;backend/src/platformadmin/readmodels/EntitlementRequestsReadModel.ts,backend/src/entitlements/requests/MySqlChangeRequestRepository.ts;backend/src/platformadmin/readmodels/BillingReadModel.ts
entitlement_change_requests,decided_by_admin_id,16,char,char(36),NO,YES,,NO,NO,,entitlement_change_requests_decided_by_admin_id_fk,entitlement_change_requests_decided_by_admin_id_fk,platform_admin_accounts,admin_id,NO ACTION,NO ACTION,,ascii,ascii_bin,Opaque application identifier (see PCA_RELATIONSHIP_ENFORCEMENT_MATRIX.md for FK/soft-reference classification).,backend/src/entitlements/requests/MySqlChangeRequestRepository.ts;backend/src/platformadmin/readmodels/BillingReadModel.ts;backend/src/platformadmin/readmodels/DashboardReadModel.ts;backend/src/platformadmin/readmodels/EntitlementRequestsReadModel.ts,backend/src/entitlements/requests/MySqlChangeRequestRepository.ts;backend/src/platformadmin/readmodels/BillingReadModel.ts
entitlement_change_requests,decision_reason,17,varchar,varchar(255),NO,YES,,NO,NO,,,,,,,,,utf8mb4,utf8mb4_bin,"Admin-authored free-text business-process justification (always paired with a *_by_admin_id column) — never child/family personal content, but genuinely free-text; see PCA_CANONICAL_SCHEMA_REPORT.md caveat.",backend/src/entitlements/requests/MySqlChangeRequestRepository.ts;backend/src/platformadmin/readmodels/BillingReadModel.ts;backend/src/platformadmin/readmodels/DashboardReadModel.ts;backend/src/platformadmin/readmodels/EntitlementRequestsReadModel.ts,backend/src/entitlements/requests/MySqlChangeRequestRepository.ts;backend/src/platformadmin/readmodels/BillingReadModel.ts
entitlement_change_requests,created_at,18,datetime,datetime(3),NO,NO,,NO,NO,,,,,,,,,,,Timestamp.,backend/src/entitlements/requests/MySqlChangeRequestRepository.ts;backend/src/platformadmin/readmodels/BillingReadModel.ts;backend/src/platformadmin/readmodels/DashboardReadModel.ts;backend/src/platformadmin/readmodels/EntitlementRequestsReadModel.ts,backend/src/entitlements/requests/MySqlChangeRequestRepository.ts;backend/src/platformadmin/readmodels/BillingReadModel.ts
entitlement_change_requests,updated_at,19,datetime,datetime(3),NO,NO,,NO,NO,,,,,,,,,,,Timestamp.,backend/src/entitlements/requests/MySqlChangeRequestRepository.ts;backend/src/platformadmin/readmodels/BillingReadModel.ts;backend/src/platformadmin/readmodels/DashboardReadModel.ts;backend/src/platformadmin/readmodels/EntitlementRequestsReadModel.ts,backend/src/entitlements/requests/MySqlChangeRequestRepository.ts;backend/src/platformadmin/readmodels/BillingReadModel.ts
entitlement_defaults,tier,1,varchar,varchar(32),NO,NO,,NO,YES,,,,,,,,,utf8mb4,utf8mb4_bin,Closed-vocabulary plan tier code.,backend/src/entitlements/MySqlEntitlementRepository.ts,backend/src/entitlements/MySqlEntitlementRepository.ts
entitlement_defaults,parent_member_limit,2,int,int,NO,NO,,NO,NO,,,,,,,,,,,"Numeric/boolean operational counter, limit, flag, rate, or version.",backend/src/entitlements/MySqlEntitlementRepository.ts,backend/src/entitlements/MySqlEntitlementRepository.ts
entitlement_defaults,managed_device_limit,3,int,int,NO,NO,,NO,NO,,,,,,,,,,,"Numeric/boolean operational counter, limit, flag, rate, or version.",backend/src/entitlements/MySqlEntitlementRepository.ts,backend/src/entitlements/MySqlEntitlementRepository.ts
entitlement_defaults,updated_at,4,datetime,datetime(3),NO,NO,CURRENT_TIMESTAMP(3),NO,NO,,,,,,,,,,,Timestamp.,backend/src/entitlements/MySqlEntitlementRepository.ts,backend/src/entitlements/MySqlEntitlementRepository.ts
entitlement_defaults,updated_by_admin_id,5,char,char(36),NO,YES,,NO,NO,,entitlement_defaults_updated_by_admin_id_fk,entitlement_defaults_updated_by_admin_id_fk,platform_admin_accounts,admin_id,NO ACTION,NO ACTION,,ascii,ascii_bin,Opaque application identifier (see PCA_RELATIONSHIP_ENFORCEMENT_MATRIX.md for FK/soft-reference classification).,backend/src/entitlements/MySqlEntitlementRepository.ts,backend/src/entitlements/MySqlEntitlementRepository.ts
envelope_data_version_ledger,sender_key_id,1,varchar,varchar(128),NO,NO,,NO,YES,,,,,,,,,utf8mb4,utf8mb4_bin,Opaque application identifier (see PCA_RELATIONSHIP_ENFORCEMENT_MATRIX.md for FK/soft-reference classification).,backend/src/familyenvelope/MySqlDataVersionLedger.ts;backend/src/familyenvelope/MySqlEnvelopeAcceptanceTransaction.ts,backend/src/familyenvelope/MySqlDataVersionLedger.ts;backend/src/familyenvelope/MySqlEnvelopeAcceptanceTransaction.ts
envelope_data_version_ledger,family_id,2,varchar,varchar(128),NO,NO,,NO,YES,,,,,,,,YES -> families.family_id (Soft (unenforced) family_id reference -- schema-wide convention. families.family_id is CHAR(36) ascii_bin; every other table's family_id is VARCHAR(128) utf8mb4_bin. Membership existence is checked at the application layer (AuthzService.requiresFamilyScope).),utf8mb4,utf8mb4_bin,Opaque application identifier (see PCA_RELATIONSHIP_ENFORCEMENT_MATRIX.md for FK/soft-reference classification).,backend/src/familyenvelope/MySqlDataVersionLedger.ts;backend/src/familyenvelope/MySqlEnvelopeAcceptanceTransaction.ts,backend/src/familyenvelope/MySqlDataVersionLedger.ts;backend/src/familyenvelope/MySqlEnvelopeAcceptanceTransaction.ts
envelope_data_version_ledger,last_accepted_version,3,varchar,varchar(32),NO,NO,,NO,NO,,,,,,,,,utf8mb4,utf8mb4_bin,"Numeric/boolean operational counter, limit, flag, rate, or version.",backend/src/familyenvelope/MySqlDataVersionLedger.ts;backend/src/familyenvelope/MySqlEnvelopeAcceptanceTransaction.ts,backend/src/familyenvelope/MySqlDataVersionLedger.ts;backend/src/familyenvelope/MySqlEnvelopeAcceptanceTransaction.ts
envelope_data_version_ledger,updated_at,4,datetime,datetime(3),NO,NO,,NO,NO,,,,,,,,,,,Timestamp.,backend/src/familyenvelope/MySqlDataVersionLedger.ts;backend/src/familyenvelope/MySqlEnvelopeAcceptanceTransaction.ts,backend/src/familyenvelope/MySqlDataVersionLedger.ts;backend/src/familyenvelope/MySqlEnvelopeAcceptanceTransaction.ts
envelope_message_idempotency_ledger,id,1,bigint,bigint unsigned,YES,NO,,YES,YES,,,,,,,,,,,"Numeric/boolean operational counter, limit, flag, rate, or version.",backend/src/familyenvelope/MySqlEnvelopeAcceptanceTransaction.ts;backend/src/familyenvelope/MySqlMessageIdempotencyLedger.ts,backend/src/familyenvelope/MySqlEnvelopeAcceptanceTransaction.ts;backend/src/familyenvelope/MySqlMessageIdempotencyLedger.ts
envelope_message_idempotency_ledger,family_id,2,varchar,varchar(128),NO,NO,,NO,NO,envelope_message_idempotency_ledger_family_message_key,,,,,,,YES -> families.family_id (Soft (unenforced) family_id reference -- schema-wide convention. families.family_id is CHAR(36) ascii_bin; every other table's family_id is VARCHAR(128) utf8mb4_bin. Membership existence is checked at the application layer (AuthzService.requiresFamilyScope).),utf8mb4,utf8mb4_bin,Opaque application identifier (see PCA_RELATIONSHIP_ENFORCEMENT_MATRIX.md for FK/soft-reference classification).,backend/src/familyenvelope/MySqlEnvelopeAcceptanceTransaction.ts;backend/src/familyenvelope/MySqlMessageIdempotencyLedger.ts,backend/src/familyenvelope/MySqlEnvelopeAcceptanceTransaction.ts;backend/src/familyenvelope/MySqlMessageIdempotencyLedger.ts
envelope_message_idempotency_ledger,message_id,3,varchar,varchar(128),NO,NO,,NO,NO,envelope_message_idempotency_ledger_family_message_key,,,,,,,,utf8mb4,utf8mb4_bin,"Opaque bounded application identifier, not message content.",backend/src/familyenvelope/MySqlEnvelopeAcceptanceTransaction.ts;backend/src/familyenvelope/MySqlMessageIdempotencyLedger.ts,backend/src/familyenvelope/MySqlEnvelopeAcceptanceTransaction.ts;backend/src/familyenvelope/MySqlMessageIdempotencyLedger.ts
envelope_message_idempotency_ledger,canonical_bytes,4,mediumblob,mediumblob,NO,NO,,NO,NO,,,,,,,,,,,"Opaque canonical envelope bytes (migration 0002): authenticated-encrypted payload, never plaintext.",backend/src/familyenvelope/MySqlEnvelopeAcceptanceTransaction.ts;backend/src/familyenvelope/MySqlMessageIdempotencyLedger.ts,backend/src/familyenvelope/MySqlEnvelopeAcceptanceTransaction.ts;backend/src/familyenvelope/MySqlMessageIdempotencyLedger.ts
envelope_message_idempotency_ledger,recorded_at,5,datetime,datetime(3),NO,NO,,NO,NO,,,,,,,,,,,Timestamp.,backend/src/familyenvelope/MySqlEnvelopeAcceptanceTransaction.ts;backend/src/familyenvelope/MySqlMessageIdempotencyLedger.ts,backend/src/familyenvelope/MySqlEnvelopeAcceptanceTransaction.ts;backend/src/familyenvelope/MySqlMessageIdempotencyLedger.ts
envelope_replay_ledger,id,1,bigint,bigint unsigned,YES,NO,,YES,YES,,envelope_replay_ledger_family_sender_id_idx,,,,,,,,,"Numeric/boolean operational counter, limit, flag, rate, or version.",backend/src/familyenvelope/MySqlEnvelopeAcceptanceTransaction.ts;backend/src/familyenvelope/MySqlReplayLedger.ts,backend/src/familyenvelope/MySqlEnvelopeAcceptanceTransaction.ts;backend/src/familyenvelope/MySqlReplayLedger.ts
envelope_replay_ledger,family_id,2,varchar,varchar(128),NO,NO,,NO,NO,envelope_replay_ledger_family_sender_sequence_key,envelope_replay_ledger_family_sender_id_idx,,,,,,YES -> families.family_id (Soft (unenforced) family_id reference -- schema-wide convention. families.family_id is CHAR(36) ascii_bin; every other table's family_id is VARCHAR(128) utf8mb4_bin. Membership existence is checked at the application layer (AuthzService.requiresFamilyScope).),utf8mb4,utf8mb4_bin,Opaque application identifier (see PCA_RELATIONSHIP_ENFORCEMENT_MATRIX.md for FK/soft-reference classification).,backend/src/familyenvelope/MySqlEnvelopeAcceptanceTransaction.ts;backend/src/familyenvelope/MySqlReplayLedger.ts,backend/src/familyenvelope/MySqlEnvelopeAcceptanceTransaction.ts;backend/src/familyenvelope/MySqlReplayLedger.ts
envelope_replay_ledger,sender_key_id,3,varchar,varchar(128),NO,NO,,NO,NO,envelope_replay_ledger_family_sender_sequence_key,envelope_replay_ledger_family_sender_id_idx,,,,,,,utf8mb4,utf8mb4_bin,Opaque application identifier (see PCA_RELATIONSHIP_ENFORCEMENT_MATRIX.md for FK/soft-reference classification).,backend/src/familyenvelope/MySqlEnvelopeAcceptanceTransaction.ts;backend/src/familyenvelope/MySqlReplayLedger.ts,backend/src/familyenvelope/MySqlEnvelopeAcceptanceTransaction.ts;backend/src/familyenvelope/MySqlReplayLedger.ts
envelope_replay_ledger,sequence_or_nonce,4,varchar,varchar(128),NO,NO,,NO,NO,envelope_replay_ledger_family_sender_sequence_key,,,,,,,,utf8mb4,utf8mb4_bin,Anti-replay sequence/nonce value.,backend/src/familyenvelope/MySqlEnvelopeAcceptanceTransaction.ts;backend/src/familyenvelope/MySqlReplayLedger.ts,backend/src/familyenvelope/MySqlEnvelopeAcceptanceTransaction.ts;backend/src/familyenvelope/MySqlReplayLedger.ts
envelope_replay_ledger,recorded_at,5,datetime,datetime(3),NO,NO,,NO,NO,,,,,,,,,,,Timestamp.,backend/src/familyenvelope/MySqlEnvelopeAcceptanceTransaction.ts;backend/src/familyenvelope/MySqlReplayLedger.ts,backend/src/familyenvelope/MySqlEnvelopeAcceptanceTransaction.ts;backend/src/familyenvelope/MySqlReplayLedger.ts
eye_protection_settings,child_profile_id,1,varchar,varchar(128),NO,NO,,NO,YES,,,,,,,,"YES -> family_child_memberships.child_profile_id (Same soft-reference convention as enrollment_invitations.child_profile_id, by direct extension (created migration 0032, using the identical type established by 0019, before the registry existed).)",utf8mb4,utf8mb4_bin,Opaque application identifier (see PCA_RELATIONSHIP_ENFORCEMENT_MATRIX.md for FK/soft-reference classification).,backend/src/eyeprotection/MySqlEyeProtectionSettingsRepository.ts,backend/src/eyeprotection/MySqlEyeProtectionSettingsRepository.ts
eye_protection_settings,family_id,2,varchar,varchar(128),NO,NO,,NO,NO,,eye_protection_settings_family_idx,,,,,,YES -> families.family_id (Soft (unenforced) family_id reference -- schema-wide convention. families.family_id is CHAR(36) ascii_bin; every other table's family_id is VARCHAR(128) utf8mb4_bin. Membership existence is checked at the application layer (AuthzService.requiresFamilyScope).),utf8mb4,utf8mb4_bin,Opaque application identifier (see PCA_RELATIONSHIP_ENFORCEMENT_MATRIX.md for FK/soft-reference classification).,backend/src/eyeprotection/MySqlEyeProtectionSettingsRepository.ts,backend/src/eyeprotection/MySqlEyeProtectionSettingsRepository.ts
eye_protection_settings,reminders_enabled,3,tinyint,tinyint(1),NO,NO,0,NO,NO,,,,,,,,,,,Parent-set boolean preference (migration 0032); no sensor/distance/proximity data.,backend/src/eyeprotection/MySqlEyeProtectionSettingsRepository.ts,backend/src/eyeprotection/MySqlEyeProtectionSettingsRepository.ts
eye_protection_settings,updated_at,4,datetime,datetime(6),NO,NO,,NO,NO,,,,,,,,,,,Timestamp.,backend/src/eyeprotection/MySqlEyeProtectionSettingsRepository.ts,backend/src/eyeprotection/MySqlEyeProtectionSettingsRepository.ts
families,family_id,1,char,char(36),NO,NO,,NO,YES,,,,,,,,,ascii,ascii_bin,Opaque application identifier (see PCA_RELATIONSHIP_ENFORCEMENT_MATRIX.md for FK/soft-reference classification).,backend/src/parentaccount/MySqlParentAccountRepository.ts;backend/src/platformadmin/accounts/FamilyAccountStatusService.ts;backend/src/platformadmin/readmodels/AccountsReadModel.ts;backend/src/platformadmin/readmodels/DashboardReadModel.ts,backend/src/http/routes/platformadmin/entitlementRoutes.ts;backend/src/parentaccount/MySqlParentAccountRepository.ts;backend/src/platformadmin/accounts/FamilyAccountStatusService.ts;backend/src/platformadmin/readmodels/AccountsReadModel.ts;backend/src/platformadmin/readmodels/DashboardReadModel.ts
families,family_reference_hash,2,varbinary,varbinary(255),NO,NO,,NO,NO,families_family_reference_hash_key,,,,,,,,,,"Authentication/verification/integrity hash material, never a raw secret or raw identifying value.",backend/src/parentaccount/MySqlParentAccountRepository.ts;backend/src/platformadmin/accounts/FamilyAccountStatusService.ts;backend/src/platformadmin/readmodels/AccountsReadModel.ts;backend/src/platformadmin/readmodels/DashboardReadModel.ts,backend/src/http/routes/platformadmin/entitlementRoutes.ts;backend/src/parentaccount/MySqlParentAccountRepository.ts;backend/src/platformadmin/accounts/FamilyAccountStatusService.ts;backend/src/platformadmin/readmodels/AccountsReadModel.ts;backend/src/platformadmin/readmodels/DashboardReadModel.ts
families,status,3,varchar,varchar(16),NO,NO,ACTIVE,NO,NO,,families_status_idx,,,,,,,utf8mb4,utf8mb4_bin,Closed-vocabulary status/type/category/currency/market column.,backend/src/parentaccount/MySqlParentAccountRepository.ts;backend/src/platformadmin/accounts/FamilyAccountStatusService.ts;backend/src/platformadmin/readmodels/AccountsReadModel.ts;backend/src/platformadmin/readmodels/DashboardReadModel.ts,backend/src/http/routes/platformadmin/entitlementRoutes.ts;backend/src/parentaccount/MySqlParentAccountRepository.ts;backend/src/platformadmin/accounts/FamilyAccountStatusService.ts;backend/src/platformadmin/readmodels/AccountsReadModel.ts;backend/src/platformadmin/readmodels/DashboardReadModel.ts
families,created_at,4,datetime,datetime(3),NO,NO,CURRENT_TIMESTAMP(3),NO,NO,,,,,,,,,,,Timestamp.,backend/src/parentaccount/MySqlParentAccountRepository.ts;backend/src/platformadmin/accounts/FamilyAccountStatusService.ts;backend/src/platformadmin/readmodels/AccountsReadModel.ts;backend/src/platformadmin/readmodels/DashboardReadModel.ts,backend/src/http/routes/platformadmin/entitlementRoutes.ts;backend/src/parentaccount/MySqlParentAccountRepository.ts;backend/src/platformadmin/accounts/FamilyAccountStatusService.ts;backend/src/platformadmin/readmodels/AccountsReadModel.ts;backend/src/platformadmin/readmodels/DashboardReadModel.ts
families,deleted_at,5,datetime,datetime(3),NO,YES,,NO,NO,,,,,,,,,,,Timestamp.,backend/src/parentaccount/MySqlParentAccountRepository.ts;backend/src/platformadmin/accounts/FamilyAccountStatusService.ts;backend/src/platformadmin/readmodels/AccountsReadModel.ts;backend/src/platformadmin/readmodels/DashboardReadModel.ts,backend/src/http/routes/platformadmin/entitlementRoutes.ts;backend/src/parentaccount/MySqlParentAccountRepository.ts;backend/src/platformadmin/accounts/FamilyAccountStatusService.ts;backend/src/platformadmin/readmodels/AccountsReadModel.ts;backend/src/platformadmin/readmodels/DashboardReadModel.ts
families,suspended_at,6,datetime,datetime(3),NO,YES,,NO,NO,,,,,,,,,,,Timestamp.,backend/src/parentaccount/MySqlParentAccountRepository.ts;backend/src/platformadmin/accounts/FamilyAccountStatusService.ts;backend/src/platformadmin/readmodels/AccountsReadModel.ts;backend/src/platformadmin/readmodels/DashboardReadModel.ts,backend/src/http/routes/platformadmin/entitlementRoutes.ts;backend/src/parentaccount/MySqlParentAccountRepository.ts;backend/src/platformadmin/accounts/FamilyAccountStatusService.ts;backend/src/platformadmin/readmodels/AccountsReadModel.ts;backend/src/platformadmin/readmodels/DashboardReadModel.ts
families,suspended_by_admin_id,7,char,char(36),NO,YES,,NO,NO,,families_suspended_by_fk,families_suspended_by_fk,platform_admin_accounts,admin_id,NO ACTION,NO ACTION,,ascii,ascii_bin,Opaque application identifier (see PCA_RELATIONSHIP_ENFORCEMENT_MATRIX.md for FK/soft-reference classification).,backend/src/parentaccount/MySqlParentAccountRepository.ts;backend/src/platformadmin/accounts/FamilyAccountStatusService.ts;backend/src/platformadmin/readmodels/AccountsReadModel.ts;backend/src/platformadmin/readmodels/DashboardReadModel.ts,backend/src/http/routes/platformadmin/entitlementRoutes.ts;backend/src/parentaccount/MySqlParentAccountRepository.ts;backend/src/platformadmin/accounts/FamilyAccountStatusService.ts;backend/src/platformadmin/readmodels/AccountsReadModel.ts;backend/src/platformadmin/readmodels/DashboardReadModel.ts
families,suspension_reason,8,varchar,varchar(500),NO,YES,,NO,NO,,,,,,,,,utf8mb4,utf8mb4_bin,"Admin-authored free-text business-process justification (always paired with a *_by_admin_id column) — never child/family personal content, but genuinely free-text; see PCA_CANONICAL_SCHEMA_REPORT.md caveat.",backend/src/parentaccount/MySqlParentAccountRepository.ts;backend/src/platformadmin/accounts/FamilyAccountStatusService.ts;backend/src/platformadmin/readmodels/AccountsReadModel.ts;backend/src/platformadmin/readmodels/DashboardReadModel.ts,backend/src/http/routes/platformadmin/entitlementRoutes.ts;backend/src/parentaccount/MySqlParentAccountRepository.ts;backend/src/platformadmin/accounts/FamilyAccountStatusService.ts;backend/src/platformadmin/readmodels/AccountsReadModel.ts;backend/src/platformadmin/readmodels/DashboardReadModel.ts
family_audit_events,envelope_id,1,varchar,varchar(200),NO,NO,,NO,YES,,,,,,,,,utf8mb4,utf8mb4_bin,Opaque application identifier (see PCA_RELATIONSHIP_ENFORCEMENT_MATRIX.md for FK/soft-reference classification).,backend/src/familyrbac/MySqlFamilyAuditEventLedger.ts,backend/src/familyrbac/MySqlFamilyAuditEventLedger.ts
family_audit_events,family_id,2,varchar,varchar(128),NO,NO,,NO,NO,,family_audit_events_family_idx;family_audit_events_parent_device_idx,,,,,,YES -> families.family_id (Soft (unenforced) family_id reference -- schema-wide convention. families.family_id is CHAR(36) ascii_bin; every other table's family_id is VARCHAR(128) utf8mb4_bin. Membership existence is checked at the application layer (AuthzService.requiresFamilyScope).),utf8mb4,utf8mb4_bin,Opaque application identifier (see PCA_RELATIONSHIP_ENFORCEMENT_MATRIX.md for FK/soft-reference classification).,backend/src/familyrbac/MySqlFamilyAuditEventLedger.ts,backend/src/familyrbac/MySqlFamilyAuditEventLedger.ts
family_audit_events,parent_device_id,3,varchar,varchar(200),NO,NO,,NO,NO,,family_audit_events_parent_device_idx,,,,,,"YES -> devices.device_id (Opaque ciphertext + typed routing metadata only, never a readable value; mirrors protection_alerts exactly.)",utf8mb4,utf8mb4_bin,Opaque application identifier (see PCA_RELATIONSHIP_ENFORCEMENT_MATRIX.md for FK/soft-reference classification).,backend/src/familyrbac/MySqlFamilyAuditEventLedger.ts,backend/src/familyrbac/MySqlFamilyAuditEventLedger.ts
family_audit_events,key_epoch,4,int,int unsigned,YES,NO,,NO,NO,,,,,,,,,,,"Numeric/boolean operational counter, limit, flag, rate, or version.",backend/src/familyrbac/MySqlFamilyAuditEventLedger.ts,backend/src/familyrbac/MySqlFamilyAuditEventLedger.ts
family_audit_events,generated_at_utc,5,datetime,datetime(3),NO,NO,,NO,NO,,family_audit_events_family_idx;family_audit_events_parent_device_idx,,,,,,,,,Timestamp.,backend/src/familyrbac/MySqlFamilyAuditEventLedger.ts,backend/src/familyrbac/MySqlFamilyAuditEventLedger.ts
family_audit_events,encrypted_payload_b64,6,mediumtext,mediumtext,NO,NO,,NO,NO,,,,,,,,,ascii,ascii_bin,Opaque ciphertext (migration 0028): never a readable actionType/targetScope/reasonCategory value server-side.,backend/src/familyrbac/MySqlFamilyAuditEventLedger.ts,backend/src/familyrbac/MySqlFamilyAuditEventLedger.ts
family_audit_events,nonce_b64,7,varchar,varchar(64),NO,NO,,NO,NO,,,,,,,,,ascii,ascii_bin,AEAD nonce for the ciphertext column.,backend/src/familyrbac/MySqlFamilyAuditEventLedger.ts,backend/src/familyrbac/MySqlFamilyAuditEventLedger.ts
family_audit_events,expires_at,8,datetime,datetime(3),NO,NO,1970-01-01 00:00:00.000,NO,NO,,family_audit_events_expires_at_idx,,,,,,,,,Timestamp.,backend/src/familyrbac/MySqlFamilyAuditEventLedger.ts,backend/src/familyrbac/MySqlFamilyAuditEventLedger.ts
family_authority_attestations,family_id,1,varchar,varchar(128),NO,NO,,NO,YES,family_authority_attestations_family_revision_key,,family_authority_attestations_genesis_fk,family_authority_genesis_anchors,family_id,NO ACTION,NO ACTION,YES -> families.family_id (Soft (unenforced) family_id reference -- schema-wide convention. families.family_id is CHAR(36) ascii_bin; every other table's family_id is VARCHAR(128) utf8mb4_bin. Membership existence is checked at the application layer (AuthzService.requiresFamilyScope).),utf8mb4,utf8mb4_bin,Opaque application identifier (see PCA_RELATIONSHIP_ENFORCEMENT_MATRIX.md for FK/soft-reference classification).,backend/src/familycommercial/authority/MySqlAttestationChainStore.ts,backend/src/familycommercial/authority/MySqlAttestationChainStore.ts
family_authority_attestations,attestation_id,2,char,char(64),NO,NO,,NO,YES,,,,,,,,,ascii,ascii_bin,Opaque application identifier (see PCA_RELATIONSHIP_ENFORCEMENT_MATRIX.md for FK/soft-reference classification).,backend/src/familycommercial/authority/MySqlAttestationChainStore.ts,backend/src/familycommercial/authority/MySqlAttestationChainStore.ts
family_authority_attestations,attestation_revision,3,int,int unsigned,YES,NO,,NO,NO,family_authority_attestations_family_revision_key,,,,,,,,,,"Numeric/boolean operational counter, limit, flag, rate, or version.",backend/src/familycommercial/authority/MySqlAttestationChainStore.ts,backend/src/familycommercial/authority/MySqlAttestationChainStore.ts
family_authority_attestations,owner_device_id,4,char,char(36),NO,NO,,NO,NO,,,,,,,,YES -> devices.device_id (Cryptographic self-certification substitutes for DB referential integrity.),ascii,ascii_bin,Opaque application identifier (see PCA_RELATIONSHIP_ENFORCEMENT_MATRIX.md for FK/soft-reference classification).,backend/src/familycommercial/authority/MySqlAttestationChainStore.ts,backend/src/familycommercial/authority/MySqlAttestationChainStore.ts
family_authority_attestations,owner_dsk_key_id,5,char,char(36),NO,NO,,NO,NO,,,,,,,,,ascii,ascii_bin,Opaque application identifier (see PCA_RELATIONSHIP_ENFORCEMENT_MATRIX.md for FK/soft-reference classification).,backend/src/familycommercial/authority/MySqlAttestationChainStore.ts,backend/src/familycommercial/authority/MySqlAttestationChainStore.ts
family_authority_attestations,owner_dsk_public_key,6,varchar,varchar(128),NO,NO,,NO,NO,,,,,,,,,utf8mb4,utf8mb4_bin,Public signing key material (never private).,backend/src/familycommercial/authority/MySqlAttestationChainStore.ts,backend/src/familycommercial/authority/MySqlAttestationChainStore.ts
family_authority_attestations,trust_set_epoch,7,int,int unsigned,YES,NO,,NO,NO,,,,,,,,,,,"Numeric/boolean operational counter, limit, flag, rate, or version.",backend/src/familycommercial/authority/MySqlAttestationChainStore.ts,backend/src/familycommercial/authority/MySqlAttestationChainStore.ts
family_authority_attestations,key_epoch,8,int,int unsigned,YES,NO,,NO,NO,,,,,,,,,,,"Numeric/boolean operational counter, limit, flag, rate, or version.",backend/src/familycommercial/authority/MySqlAttestationChainStore.ts,backend/src/familycommercial/authority/MySqlAttestationChainStore.ts
family_authority_attestations,issued_at,9,datetime,datetime(3),NO,NO,,NO,NO,,,,,,,,,,,Timestamp.,backend/src/familycommercial/authority/MySqlAttestationChainStore.ts,backend/src/familycommercial/authority/MySqlAttestationChainStore.ts
family_authority_attestations,expires_at,10,datetime,datetime(3),NO,NO,,NO,NO,,,,,,,,,,,Timestamp.,backend/src/familycommercial/authority/MySqlAttestationChainStore.ts,backend/src/familycommercial/authority/MySqlAttestationChainStore.ts
family_authority_attestations,previous_attestation_id,11,char,char(64),NO,YES,,NO,NO,,,,,,,,"YES -> family_authority_attestations.attestation_id (Self-referential hash-chain pointer; chain integrity is verified by signature, not FK.)",ascii,ascii_bin,Opaque application identifier (see PCA_RELATIONSHIP_ENFORCEMENT_MATRIX.md for FK/soft-reference classification).,backend/src/familycommercial/authority/MySqlAttestationChainStore.ts,backend/src/familycommercial/authority/MySqlAttestationChainStore.ts
family_authority_attestations,signer_device_id,12,char,char(36),NO,NO,,NO,NO,,,,,,,,YES -> devices.device_id (Cryptographic self-certification substitutes for DB referential integrity.),ascii,ascii_bin,Opaque application identifier (see PCA_RELATIONSHIP_ENFORCEMENT_MATRIX.md for FK/soft-reference classification).,backend/src/familycommercial/authority/MySqlAttestationChainStore.ts,backend/src/familycommercial/authority/MySqlAttestationChainStore.ts
family_authority_attestations,signer_dsk_key_id,13,char,char(36),NO,NO,,NO,NO,,,,,,,,,ascii,ascii_bin,Opaque application identifier (see PCA_RELATIONSHIP_ENFORCEMENT_MATRIX.md for FK/soft-reference classification).,backend/src/familycommercial/authority/MySqlAttestationChainStore.ts,backend/src/familycommercial/authority/MySqlAttestationChainStore.ts
family_authority_attestations,signer_dsk_public_key,14,varchar,varchar(128),NO,NO,,NO,NO,,,,,,,,,utf8mb4,utf8mb4_bin,Public signing key material (never private).,backend/src/familycommercial/authority/MySqlAttestationChainStore.ts,backend/src/familycommercial/authority/MySqlAttestationChainStore.ts
family_authority_attestations,signature,15,varchar,varchar(512),NO,NO,,NO,NO,,,,,,,,,ascii,ascii_bin,"Cryptographic signature, opaque to the schema.",backend/src/familycommercial/authority/MySqlAttestationChainStore.ts,backend/src/familycommercial/authority/MySqlAttestationChainStore.ts
family_authority_chain_heads,family_id,1,varchar,varchar(128),NO,NO,,NO,YES,,family_authority_chain_heads_attestation_fk,family_authority_chain_heads_genesis_fk,family_authority_genesis_anchors,family_id,NO ACTION,NO ACTION,YES -> families.family_id (Soft (unenforced) family_id reference -- schema-wide convention. families.family_id is CHAR(36) ascii_bin; every other table's family_id is VARCHAR(128) utf8mb4_bin. Membership existence is checked at the application layer (AuthzService.requiresFamilyScope).),utf8mb4,utf8mb4_bin,Opaque application identifier (see PCA_RELATIONSHIP_ENFORCEMENT_MATRIX.md for FK/soft-reference classification).,backend/src/familycommercial/authority/MySqlAttestationChainStore.ts,backend/src/familycommercial/authority/MySqlAttestationChainStore.ts
family_authority_chain_heads,head_attestation_id,2,char,char(64),NO,NO,,NO,NO,,family_authority_chain_heads_attestation_fk,family_authority_chain_heads_attestation_fk,family_authority_attestations,attestation_id,NO ACTION,NO ACTION,,ascii,ascii_bin,Opaque application identifier (see PCA_RELATIONSHIP_ENFORCEMENT_MATRIX.md for FK/soft-reference classification).,backend/src/familycommercial/authority/MySqlAttestationChainStore.ts,backend/src/familycommercial/authority/MySqlAttestationChainStore.ts
family_authority_chain_heads,head_revision,3,int,int unsigned,YES,NO,,NO,NO,,,,,,,,,,,"Numeric/boolean operational counter, limit, flag, rate, or version.",backend/src/familycommercial/authority/MySqlAttestationChainStore.ts,backend/src/familycommercial/authority/MySqlAttestationChainStore.ts
family_authority_chain_heads,status,4,varchar,varchar(16),NO,NO,,NO,NO,,,,,,,,,ascii,ascii_bin,Closed-vocabulary status/type/category/currency/market column.,backend/src/familycommercial/authority/MySqlAttestationChainStore.ts,backend/src/familycommercial/authority/MySqlAttestationChainStore.ts
family_authority_chain_heads,updated_at,5,datetime,datetime(3),NO,NO,,NO,NO,,,,,,,,,,,Timestamp.,backend/src/familycommercial/authority/MySqlAttestationChainStore.ts,backend/src/familycommercial/authority/MySqlAttestationChainStore.ts
family_authority_genesis_anchors,family_id,1,varchar,varchar(128),NO,NO,,NO,YES,,,,,,,,YES -> families.family_id (Soft (unenforced) family_id reference -- schema-wide convention. families.family_id is CHAR(36) ascii_bin; every other table's family_id is VARCHAR(128) utf8mb4_bin. Membership existence is checked at the application layer (AuthzService.requiresFamilyScope).),utf8mb4,utf8mb4_bin,Opaque application identifier (see PCA_RELATIONSHIP_ENFORCEMENT_MATRIX.md for FK/soft-reference classification).,backend/src/familycommercial/authority/MySqlGenesisAnchorStore.ts,backend/src/familycommercial/authority/MySqlGenesisAnchorStore.ts
family_authority_genesis_anchors,genesis_device_id,2,char,char(36),NO,NO,,NO,NO,,,,,,,,"YES -> devices.device_id (Integrity is cryptographic (signature verification by FamilyOwnerAttestationChainEngine), not referential; a dangling id would fail signature verification before being written.)",ascii,ascii_bin,Opaque application identifier (see PCA_RELATIONSHIP_ENFORCEMENT_MATRIX.md for FK/soft-reference classification).,backend/src/familycommercial/authority/MySqlGenesisAnchorStore.ts,backend/src/familycommercial/authority/MySqlGenesisAnchorStore.ts
family_authority_genesis_anchors,genesis_dsk_key_id,3,char,char(36),NO,NO,,NO,NO,,,,,,,,,ascii,ascii_bin,Opaque application identifier (see PCA_RELATIONSHIP_ENFORCEMENT_MATRIX.md for FK/soft-reference classification).,backend/src/familycommercial/authority/MySqlGenesisAnchorStore.ts,backend/src/familycommercial/authority/MySqlGenesisAnchorStore.ts
family_authority_genesis_anchors,genesis_dsk_public_key,4,varchar,varchar(128),NO,NO,,NO,NO,,,,,,,,,utf8mb4,utf8mb4_bin,Public signing key material (never private).,backend/src/familycommercial/authority/MySqlGenesisAnchorStore.ts,backend/src/familycommercial/authority/MySqlGenesisAnchorStore.ts
family_authority_genesis_anchors,protocol_version,5,smallint,smallint unsigned,YES,NO,,NO,NO,,,,,,,,,,,"Numeric/boolean operational counter, limit, flag, rate, or version.",backend/src/familycommercial/authority/MySqlGenesisAnchorStore.ts,backend/src/familycommercial/authority/MySqlGenesisAnchorStore.ts
family_authority_genesis_anchors,created_at,6,datetime,datetime(3),NO,NO,,NO,NO,,,,,,,,,,,Timestamp.,backend/src/familycommercial/authority/MySqlGenesisAnchorStore.ts,backend/src/familycommercial/authority/MySqlGenesisAnchorStore.ts
family_authority_genesis_anchors,signature,7,varchar,varchar(512),NO,NO,,NO,NO,,,,,,,,,ascii,ascii_bin,"Cryptographic self-signature, opaque to the schema.",backend/src/familycommercial/authority/MySqlGenesisAnchorStore.ts,backend/src/familycommercial/authority/MySqlGenesisAnchorStore.ts
family_child_memberships,child_profile_id,1,varchar,varchar(128),NO,NO,,NO,YES,,,,,,,,,utf8mb4,utf8mb4_bin,"Server-minted UUID, membership/existence edge only (migration 0036 / doc 10 Section 7.1) -- never a ChildProfile record.",backend/src/childprofiles/MySqlChildProfileRegistryRepository.ts,backend/src/childprofiles/MySqlChildProfileRegistryRepository.ts
family_child_memberships,family_id,2,varchar,varchar(128),NO,NO,,NO,NO,family_child_memberships_family_creation_key,family_child_memberships_family_id_idx,,,,,,YES -> families.family_id (Soft (unenforced) family_id reference -- schema-wide convention. families.family_id is CHAR(36) ascii_bin; every other table's family_id is VARCHAR(128) utf8mb4_bin. Membership existence is checked at the application layer (AuthzService.requiresFamilyScope).),utf8mb4,utf8mb4_bin,Opaque application identifier (see PCA_RELATIONSHIP_ENFORCEMENT_MATRIX.md for FK/soft-reference classification).,backend/src/childprofiles/MySqlChildProfileRegistryRepository.ts,backend/src/childprofiles/MySqlChildProfileRegistryRepository.ts
family_child_memberships,creation_request_key,3,varchar,varchar(191),NO,YES,,NO,NO,family_child_memberships_family_creation_key,,,,,,,,ascii,ascii_bin,"Caller-supplied idempotency key, never used as row identity.",backend/src/childprofiles/MySqlChildProfileRegistryRepository.ts,backend/src/childprofiles/MySqlChildProfileRegistryRepository.ts
family_child_memberships,created_at,4,datetime,datetime(3),NO,NO,CURRENT_TIMESTAMP(3),NO,NO,,,,,,,,,,,Timestamp.,backend/src/childprofiles/MySqlChildProfileRegistryRepository.ts,backend/src/childprofiles/MySqlChildProfileRegistryRepository.ts
family_member_invitations,invitation_id,1,char,char(36),NO,NO,,NO,YES,,,,,,,,,ascii,ascii_bin,Opaque application identifier (see PCA_RELATIONSHIP_ENFORCEMENT_MATRIX.md for FK/soft-reference classification).,backend/src/familymembers/FamilyMemberInvitationRepository.ts;backend/src/familymembers/MySqlFamilyMemberInvitationRepository.ts,backend/src/familymembers/MySqlFamilyMemberInvitationRepository.ts
family_member_invitations,family_id,2,char,char(36),NO,NO,,NO,NO,family_member_invitations_pending_email_key,family_member_invitations_family_id_idx,,,,,,YES -> families.family_id (Soft (unenforced) family_id reference -- schema-wide convention. families.family_id is CHAR(36) ascii_bin; every other table's family_id is VARCHAR(128) utf8mb4_bin. Membership existence is checked at the application layer (AuthzService.requiresFamilyScope).),ascii,ascii_bin,Opaque application identifier (see PCA_RELATIONSHIP_ENFORCEMENT_MATRIX.md for FK/soft-reference classification).,backend/src/familymembers/FamilyMemberInvitationRepository.ts;backend/src/familymembers/MySqlFamilyMemberInvitationRepository.ts,backend/src/familymembers/MySqlFamilyMemberInvitationRepository.ts
family_member_invitations,invited_email_hash,3,binary,binary(32),NO,NO,,NO,NO,,family_member_invitations_email_hash_idx,,,,,,,,,"Authentication/verification/integrity hash material, never a raw secret or raw identifying value.",backend/src/familymembers/FamilyMemberInvitationRepository.ts;backend/src/familymembers/MySqlFamilyMemberInvitationRepository.ts,backend/src/familymembers/MySqlFamilyMemberInvitationRepository.ts
family_member_invitations,role,4,varchar,varchar(16),NO,NO,,NO,NO,,,,,,,,,utf8mb4,utf8mb4_bin,Closed-vocabulary status/type/category/currency/market column.,backend/src/familymembers/FamilyMemberInvitationRepository.ts;backend/src/familymembers/MySqlFamilyMemberInvitationRepository.ts,backend/src/familymembers/MySqlFamilyMemberInvitationRepository.ts
family_member_invitations,status,5,varchar,varchar(16),NO,NO,,NO,NO,,,,,,,,,utf8mb4,utf8mb4_bin,Closed-vocabulary status/type/category/currency/market column.,backend/src/familymembers/FamilyMemberInvitationRepository.ts;backend/src/familymembers/MySqlFamilyMemberInvitationRepository.ts,backend/src/familymembers/MySqlFamilyMemberInvitationRepository.ts
family_member_invitations,invited_by_account_id,6,char,char(36),NO,NO,,NO,NO,,,,,,,,,ascii,ascii_bin,Opaque application identifier (see PCA_RELATIONSHIP_ENFORCEMENT_MATRIX.md for FK/soft-reference classification).,backend/src/familymembers/FamilyMemberInvitationRepository.ts;backend/src/familymembers/MySqlFamilyMemberInvitationRepository.ts,backend/src/familymembers/MySqlFamilyMemberInvitationRepository.ts
family_member_invitations,created_at,7,datetime,datetime(3),NO,NO,,NO,NO,,,,,,,,,,,Timestamp.,backend/src/familymembers/FamilyMemberInvitationRepository.ts;backend/src/familymembers/MySqlFamilyMemberInvitationRepository.ts,backend/src/familymembers/MySqlFamilyMemberInvitationRepository.ts
family_member_invitations,expires_at,8,datetime,datetime(3),NO,NO,,NO,NO,,,,,,,,,,,Timestamp.,backend/src/familymembers/FamilyMemberInvitationRepository.ts;backend/src/familymembers/MySqlFamilyMemberInvitationRepository.ts,backend/src/familymembers/MySqlFamilyMemberInvitationRepository.ts
family_member_invitations,accepted_at,9,datetime,datetime(3),NO,YES,,NO,NO,,,,,,,,,,,Timestamp.,backend/src/familymembers/FamilyMemberInvitationRepository.ts;backend/src/familymembers/MySqlFamilyMemberInvitationRepository.ts,backend/src/familymembers/MySqlFamilyMemberInvitationRepository.ts
family_member_invitations,expired_at,10,datetime,datetime(3),NO,YES,,NO,NO,,,,,,,,,,,Timestamp.,backend/src/familymembers/FamilyMemberInvitationRepository.ts;backend/src/familymembers/MySqlFamilyMemberInvitationRepository.ts,backend/src/familymembers/MySqlFamilyMemberInvitationRepository.ts
family_member_invitations,revoked_at,11,datetime,datetime(3),NO,YES,,NO,NO,,,,,,,,,,,Timestamp.,backend/src/familymembers/FamilyMemberInvitationRepository.ts;backend/src/familymembers/MySqlFamilyMemberInvitationRepository.ts,backend/src/familymembers/MySqlFamilyMemberInvitationRepository.ts
family_member_invitations,accepted_by_account_id,12,char,char(36),NO,YES,,NO,NO,,,,,,,,,ascii,ascii_bin,Opaque application identifier (see PCA_RELATIONSHIP_ENFORCEMENT_MATRIX.md for FK/soft-reference classification).,backend/src/familymembers/FamilyMemberInvitationRepository.ts;backend/src/familymembers/MySqlFamilyMemberInvitationRepository.ts,backend/src/familymembers/MySqlFamilyMemberInvitationRepository.ts
family_member_invitations,pending_invited_email_hash,13,binary,binary(32),NO,YES,,NO,NO,family_member_invitations_pending_email_key,,,,,,,,,,"Authentication/verification/integrity hash material, never a raw secret or raw identifying value.",backend/src/familymembers/FamilyMemberInvitationRepository.ts;backend/src/familymembers/MySqlFamilyMemberInvitationRepository.ts,backend/src/familymembers/MySqlFamilyMemberInvitationRepository.ts
family_rbac_policy_config,family_id,1,char,char(36),NO,NO,,NO,YES,,,,,,,,YES -> families.family_id (Soft (unenforced) family_id reference -- schema-wide convention. families.family_id is CHAR(36) ascii_bin; every other table's family_id is VARCHAR(128) utf8mb4_bin. Membership existence is checked at the application layer (AuthzService.requiresFamilyScope).),ascii,ascii_bin,Opaque application identifier (see PCA_RELATIONSHIP_ENFORCEMENT_MATRIX.md for FK/soft-reference classification).,backend/src/familyrbac/FamilyRbacPolicyConfigStore.ts,backend/src/familyrbac/FamilyRbacPolicyConfigStore.ts
family_rbac_policy_config,administrator_can_manage_viewers,2,tinyint,tinyint(1),NO,NO,0,NO,NO,,,,,,,,,,,"Numeric/boolean operational counter, limit, flag, rate, or version.",backend/src/familyrbac/FamilyRbacPolicyConfigStore.ts,backend/src/familyrbac/FamilyRbacPolicyConfigStore.ts
family_rbac_policy_config,administrator_can_revoke_device_or_disable_protection,3,tinyint,tinyint(1),NO,NO,0,NO,NO,,,,,,,,,,,"Numeric/boolean operational counter, limit, flag, rate, or version.",backend/src/familyrbac/FamilyRbacPolicyConfigStore.ts,backend/src/familyrbac/FamilyRbacPolicyConfigStore.ts
family_rbac_policy_config,updated_at,4,datetime,datetime(3),NO,NO,,NO,NO,,,,,,,,,,,Timestamp.,backend/src/familyrbac/FamilyRbacPolicyConfigStore.ts,backend/src/familyrbac/FamilyRbacPolicyConfigStore.ts
licenses,license_id,1,char,char(36),NO,NO,,NO,YES,,,,,,,,,ascii,ascii_bin,Opaque application identifier (see PCA_RELATIONSHIP_ENFORCEMENT_MATRIX.md for FK/soft-reference classification).,backend/src/authz/MySqlAuthzRepository.ts,
licenses,account_id,2,char,char(36),NO,NO,,NO,NO,,licenses_account_id_idx,licenses_account_id_fk,service_accounts,account_id,NO ACTION,NO ACTION,,ascii,ascii_bin,Opaque application identifier (see PCA_RELATIONSHIP_ENFORCEMENT_MATRIX.md for FK/soft-reference classification).,backend/src/authz/MySqlAuthzRepository.ts,
licenses,license_reference_hash,3,varbinary,varbinary(255),NO,NO,,NO,NO,licenses_license_reference_hash_key,,,,,,,,,,"Authentication/verification/integrity hash material, never a raw secret or raw identifying value.",backend/src/authz/MySqlAuthzRepository.ts,
licenses,status,4,varchar,varchar(16),NO,NO,,NO,NO,,,,,,,,,utf8mb4,utf8mb4_bin,Closed-vocabulary status/type/category/currency/market column.,backend/src/authz/MySqlAuthzRepository.ts,
licenses,created_at,5,datetime,datetime(3),NO,NO,CURRENT_TIMESTAMP(3),NO,NO,,,,,,,,,,,Timestamp.,backend/src/authz/MySqlAuthzRepository.ts,
licenses,expires_at,6,datetime,datetime(3),NO,YES,,NO,NO,,,,,,,,,,,Timestamp.,backend/src/authz/MySqlAuthzRepository.ts,
managed_device_slot_reservations,reservation_id,1,char,char(36),NO,NO,,NO,YES,,,,,,,,,ascii,ascii_bin,Opaque application identifier (see PCA_RELATIONSHIP_ENFORCEMENT_MATRIX.md for FK/soft-reference classification).,backend/src/entitlements/slots/MySqlSlotReservationRepository.ts,backend/src/entitlements/slots/MySqlSlotReservationRepository.ts
managed_device_slot_reservations,family_id,2,varchar,varchar(128),NO,NO,,NO,NO,,managed_device_slot_reservations_family_id_status_idx,,,,,,YES -> families.family_id (Soft (unenforced) family_id reference -- schema-wide convention. families.family_id is CHAR(36) ascii_bin; every other table's family_id is VARCHAR(128) utf8mb4_bin. Membership existence is checked at the application layer (AuthzService.requiresFamilyScope).),utf8mb4,utf8mb4_bin,Opaque application identifier (see PCA_RELATIONSHIP_ENFORCEMENT_MATRIX.md for FK/soft-reference classification).,backend/src/entitlements/slots/MySqlSlotReservationRepository.ts,backend/src/entitlements/slots/MySqlSlotReservationRepository.ts
managed_device_slot_reservations,invitation_id,3,char,char(36),NO,NO,,NO,NO,managed_device_slot_reservations_invitation_id_key,,,,,,,"YES -> enrollment_invitations.invitation_id (DELIBERATELY not foreign-keyed: the reservation must be created and committed BEFORE the invitation it is bound to is ever persisted (reserve first, only create a usable invitation if the reservation succeeds).)",ascii,ascii_bin,Opaque application identifier (see PCA_RELATIONSHIP_ENFORCEMENT_MATRIX.md for FK/soft-reference classification).,backend/src/entitlements/slots/MySqlSlotReservationRepository.ts,backend/src/entitlements/slots/MySqlSlotReservationRepository.ts
managed_device_slot_reservations,status,4,varchar,varchar(16),NO,NO,,NO,NO,,managed_device_slot_reservations_family_id_status_idx,,,,,,,utf8mb4,utf8mb4_bin,Closed-vocabulary status/type/category/currency/market column.,backend/src/entitlements/slots/MySqlSlotReservationRepository.ts,backend/src/entitlements/slots/MySqlSlotReservationRepository.ts
managed_device_slot_reservations,created_at,5,datetime,datetime(3),NO,NO,,NO,NO,,,,,,,,,,,Timestamp.,backend/src/entitlements/slots/MySqlSlotReservationRepository.ts,backend/src/entitlements/slots/MySqlSlotReservationRepository.ts
managed_device_slot_reservations,expires_at,6,datetime,datetime(3),NO,NO,,NO,NO,,,,,,,,,,,Timestamp.,backend/src/entitlements/slots/MySqlSlotReservationRepository.ts,backend/src/entitlements/slots/MySqlSlotReservationRepository.ts
managed_device_slot_reservations,consumed_at,7,datetime,datetime(3),NO,YES,,NO,NO,,,,,,,,,,,Timestamp.,backend/src/entitlements/slots/MySqlSlotReservationRepository.ts,backend/src/entitlements/slots/MySqlSlotReservationRepository.ts
managed_device_slot_reservations,released_at,8,datetime,datetime(3),NO,YES,,NO,NO,,,,,,,,,,,Timestamp.,backend/src/entitlements/slots/MySqlSlotReservationRepository.ts,backend/src/entitlements/slots/MySqlSlotReservationRepository.ts
managed_device_slot_reservations,release_reason,9,varchar,varchar(24),NO,YES,,NO,NO,,,,,,,,,utf8mb4,utf8mb4_bin,"Admin-authored free-text business-process justification (always paired with a *_by_admin_id column) — never child/family personal content, but genuinely free-text; see PCA_CANONICAL_SCHEMA_REPORT.md caveat.",backend/src/entitlements/slots/MySqlSlotReservationRepository.ts,backend/src/entitlements/slots/MySqlSlotReservationRepository.ts
parent_account_preferences,account_id,1,varchar,varchar(64),NO,NO,,NO,YES,,,,,,,,,utf8mb4,utf8mb4_bin,Opaque application identifier (see PCA_RELATIONSHIP_ENFORCEMENT_MATRIX.md for FK/soft-reference classification).,backend/src/parentaccount/MySqlParentPreferenceRepository.ts,backend/src/parentaccount/MySqlParentPreferenceRepository.ts
parent_account_preferences,language_code,2,varchar,varchar(2),NO,NO,en,NO,NO,,,,,,,,,utf8mb4,utf8mb4_bin,Parent's own UI language preference.,backend/src/parentaccount/MySqlParentPreferenceRepository.ts,backend/src/parentaccount/MySqlParentPreferenceRepository.ts
parent_account_preferences,email_alerts_enabled,3,tinyint,tinyint(1),NO,NO,1,NO,NO,,,,,,,,,,,"Numeric/boolean operational counter, limit, flag, rate, or version.",backend/src/parentaccount/MySqlParentPreferenceRepository.ts,backend/src/parentaccount/MySqlParentPreferenceRepository.ts
parent_account_preferences,push_requests_enabled,4,tinyint,tinyint(1),NO,NO,1,NO,NO,,,,,,,,,,,"Numeric/boolean operational counter, limit, flag, rate, or version.",backend/src/parentaccount/MySqlParentPreferenceRepository.ts,backend/src/parentaccount/MySqlParentPreferenceRepository.ts
parent_account_preferences,email_destination,5,varchar,varchar(320),NO,YES,,NO,NO,,,,,,,,,utf8mb4,utf8mb4_bin,Parent's own controlled-email destination address (migration 0020's PCA-FR-094).,backend/src/parentaccount/MySqlParentPreferenceRepository.ts,backend/src/parentaccount/MySqlParentPreferenceRepository.ts
parent_account_preferences,email_destination_state,6,varchar,varchar(16),NO,NO,UNVERIFIED,NO,NO,,,,,,,,,utf8mb4,utf8mb4_bin,Closed-vocabulary status/type/category/currency/market column.,backend/src/parentaccount/MySqlParentPreferenceRepository.ts,backend/src/parentaccount/MySqlParentPreferenceRepository.ts
parent_account_preferences,updated_at,7,datetime,datetime(6),NO,NO,,NO,NO,,,,,,,,,,,Timestamp.,backend/src/parentaccount/MySqlParentPreferenceRepository.ts,backend/src/parentaccount/MySqlParentPreferenceRepository.ts
parent_accounts,account_id,1,char,char(36),NO,NO,,NO,YES,,,,,,,,,ascii,ascii_bin,Opaque application identifier (see PCA_RELATIONSHIP_ENFORCEMENT_MATRIX.md for FK/soft-reference classification).,backend/src/familymembers/MySqlFamilyMemberInvitationRepository.ts;backend/src/parentaccount/freeaccess/MySqlFreeAccessAccountRepository.ts;backend/src/parentaccount/MySqlParentAccountRepository.ts,backend/src/familymembers/MySqlFamilyMemberAccountBinder.ts;backend/src/familymembers/MySqlFamilyMemberInvitationRepository.ts;backend/src/parentaccount/freeaccess/MySqlFreeAccessAccountRepository.ts;backend/src/parentaccount/MySqlParentAccountRepository.ts
parent_accounts,email_hash,2,binary,binary(32),NO,NO,,NO,NO,parent_accounts_email_hash_key,,,,,,,,,,"Authentication/verification/integrity hash material, never a raw secret or raw identifying value.",backend/src/familymembers/MySqlFamilyMemberInvitationRepository.ts;backend/src/parentaccount/freeaccess/MySqlFreeAccessAccountRepository.ts;backend/src/parentaccount/MySqlParentAccountRepository.ts,backend/src/familymembers/MySqlFamilyMemberAccountBinder.ts;backend/src/familymembers/MySqlFamilyMemberInvitationRepository.ts;backend/src/parentaccount/freeaccess/MySqlFreeAccessAccountRepository.ts;backend/src/parentaccount/MySqlParentAccountRepository.ts
parent_accounts,password_hash,3,varchar,varchar(255),NO,NO,,NO,NO,,,,,,,,,utf8mb4,utf8mb4_bin,Password/credential material.,backend/src/familymembers/MySqlFamilyMemberInvitationRepository.ts;backend/src/parentaccount/freeaccess/MySqlFreeAccessAccountRepository.ts;backend/src/parentaccount/MySqlParentAccountRepository.ts,backend/src/familymembers/MySqlFamilyMemberAccountBinder.ts;backend/src/familymembers/MySqlFamilyMemberInvitationRepository.ts;backend/src/parentaccount/freeaccess/MySqlFreeAccessAccountRepository.ts;backend/src/parentaccount/MySqlParentAccountRepository.ts
parent_accounts,status,4,varchar,varchar(24),NO,NO,PENDING_VERIFICATION,NO,NO,,,,,,,,,utf8mb4,utf8mb4_bin,Closed-vocabulary status/type/category/currency/market column.,backend/src/familymembers/MySqlFamilyMemberInvitationRepository.ts;backend/src/parentaccount/freeaccess/MySqlFreeAccessAccountRepository.ts;backend/src/parentaccount/MySqlParentAccountRepository.ts,backend/src/familymembers/MySqlFamilyMemberAccountBinder.ts;backend/src/familymembers/MySqlFamilyMemberInvitationRepository.ts;backend/src/parentaccount/freeaccess/MySqlFreeAccessAccountRepository.ts;backend/src/parentaccount/MySqlParentAccountRepository.ts
parent_accounts,family_id,5,char,char(36),NO,YES,,NO,NO,,,,,,,,YES -> families.family_id (Soft (unenforced) family_id reference -- schema-wide convention. families.family_id is CHAR(36) ascii_bin; every other table's family_id is VARCHAR(128) utf8mb4_bin. Membership existence is checked at the application layer (AuthzService.requiresFamilyScope).),ascii,ascii_bin,Opaque application identifier (see PCA_RELATIONSHIP_ENFORCEMENT_MATRIX.md for FK/soft-reference classification).,backend/src/familymembers/MySqlFamilyMemberInvitationRepository.ts;backend/src/parentaccount/freeaccess/MySqlFreeAccessAccountRepository.ts;backend/src/parentaccount/MySqlParentAccountRepository.ts,backend/src/familymembers/MySqlFamilyMemberAccountBinder.ts;backend/src/familymembers/MySqlFamilyMemberInvitationRepository.ts;backend/src/parentaccount/freeaccess/MySqlFreeAccessAccountRepository.ts;backend/src/parentaccount/MySqlParentAccountRepository.ts
parent_accounts,service_account_id,6,char,char(36),NO,YES,,NO,NO,parent_accounts_service_account_id_key,,,,,,,,ascii,ascii_bin,Opaque application identifier (see PCA_RELATIONSHIP_ENFORCEMENT_MATRIX.md for FK/soft-reference classification).,backend/src/familymembers/MySqlFamilyMemberInvitationRepository.ts;backend/src/parentaccount/freeaccess/MySqlFreeAccessAccountRepository.ts;backend/src/parentaccount/MySqlParentAccountRepository.ts,backend/src/familymembers/MySqlFamilyMemberAccountBinder.ts;backend/src/familymembers/MySqlFamilyMemberInvitationRepository.ts;backend/src/parentaccount/freeaccess/MySqlFreeAccessAccountRepository.ts;backend/src/parentaccount/MySqlParentAccountRepository.ts
parent_accounts,free_access_mode,7,varchar,varchar(16),NO,YES,,NO,NO,,,,,,,,,utf8mb4,utf8mb4_bin,Closed-vocabulary status/type/category/currency/market column.,backend/src/familymembers/MySqlFamilyMemberInvitationRepository.ts;backend/src/parentaccount/freeaccess/MySqlFreeAccessAccountRepository.ts;backend/src/parentaccount/MySqlParentAccountRepository.ts,backend/src/familymembers/MySqlFamilyMemberAccountBinder.ts;backend/src/familymembers/MySqlFamilyMemberInvitationRepository.ts;backend/src/parentaccount/freeaccess/MySqlFreeAccessAccountRepository.ts;backend/src/parentaccount/MySqlParentAccountRepository.ts
parent_accounts,free_access_duration_days,8,int,int,NO,YES,,NO,NO,,,,,,,,,,,"Numeric/boolean operational counter, limit, flag, rate, or version.",backend/src/familymembers/MySqlFamilyMemberInvitationRepository.ts;backend/src/parentaccount/freeaccess/MySqlFreeAccessAccountRepository.ts;backend/src/parentaccount/MySqlParentAccountRepository.ts,backend/src/familymembers/MySqlFamilyMemberAccountBinder.ts;backend/src/familymembers/MySqlFamilyMemberInvitationRepository.ts;backend/src/parentaccount/freeaccess/MySqlFreeAccessAccountRepository.ts;backend/src/parentaccount/MySqlParentAccountRepository.ts
parent_accounts,free_access_started_at,9,datetime,datetime(3),NO,YES,,NO,NO,,,,,,,,,,,Timestamp.,backend/src/familymembers/MySqlFamilyMemberInvitationRepository.ts;backend/src/parentaccount/freeaccess/MySqlFreeAccessAccountRepository.ts;backend/src/parentaccount/MySqlParentAccountRepository.ts,backend/src/familymembers/MySqlFamilyMemberAccountBinder.ts;backend/src/familymembers/MySqlFamilyMemberInvitationRepository.ts;backend/src/parentaccount/freeaccess/MySqlFreeAccessAccountRepository.ts;backend/src/parentaccount/MySqlParentAccountRepository.ts
parent_accounts,free_access_expires_at,10,datetime,datetime(3),NO,YES,,NO,NO,,,,,,,,,,,Timestamp.,backend/src/familymembers/MySqlFamilyMemberInvitationRepository.ts;backend/src/parentaccount/freeaccess/MySqlFreeAccessAccountRepository.ts;backend/src/parentaccount/MySqlParentAccountRepository.ts,backend/src/familymembers/MySqlFamilyMemberAccountBinder.ts;backend/src/familymembers/MySqlFamilyMemberInvitationRepository.ts;backend/src/parentaccount/freeaccess/MySqlFreeAccessAccountRepository.ts;backend/src/parentaccount/MySqlParentAccountRepository.ts
parent_accounts,default_parent_member_limit,11,int,int,NO,YES,,NO,NO,,,,,,,,,,,"Numeric/boolean operational counter, limit, flag, rate, or version.",backend/src/familymembers/MySqlFamilyMemberInvitationRepository.ts;backend/src/parentaccount/freeaccess/MySqlFreeAccessAccountRepository.ts;backend/src/parentaccount/MySqlParentAccountRepository.ts,backend/src/familymembers/MySqlFamilyMemberAccountBinder.ts;backend/src/familymembers/MySqlFamilyMemberInvitationRepository.ts;backend/src/parentaccount/freeaccess/MySqlFreeAccessAccountRepository.ts;backend/src/parentaccount/MySqlParentAccountRepository.ts
parent_accounts,default_managed_device_limit,12,int,int,NO,YES,,NO,NO,,,,,,,,,,,"Numeric/boolean operational counter, limit, flag, rate, or version.",backend/src/familymembers/MySqlFamilyMemberInvitationRepository.ts;backend/src/parentaccount/freeaccess/MySqlFreeAccessAccountRepository.ts;backend/src/parentaccount/MySqlParentAccountRepository.ts,backend/src/familymembers/MySqlFamilyMemberAccountBinder.ts;backend/src/familymembers/MySqlFamilyMemberInvitationRepository.ts;backend/src/parentaccount/freeaccess/MySqlFreeAccessAccountRepository.ts;backend/src/parentaccount/MySqlParentAccountRepository.ts
parent_accounts,created_at,13,datetime,datetime(3),NO,NO,CURRENT_TIMESTAMP(3),NO,NO,,,,,,,,,,,Timestamp.,backend/src/familymembers/MySqlFamilyMemberInvitationRepository.ts;backend/src/parentaccount/freeaccess/MySqlFreeAccessAccountRepository.ts;backend/src/parentaccount/MySqlParentAccountRepository.ts,backend/src/familymembers/MySqlFamilyMemberAccountBinder.ts;backend/src/familymembers/MySqlFamilyMemberInvitationRepository.ts;backend/src/parentaccount/freeaccess/MySqlFreeAccessAccountRepository.ts;backend/src/parentaccount/MySqlParentAccountRepository.ts
parent_accounts,verified_at,14,datetime,datetime(3),NO,YES,,NO,NO,,,,,,,,,,,Timestamp.,backend/src/familymembers/MySqlFamilyMemberInvitationRepository.ts;backend/src/parentaccount/freeaccess/MySqlFreeAccessAccountRepository.ts;backend/src/parentaccount/MySqlParentAccountRepository.ts,backend/src/familymembers/MySqlFamilyMemberAccountBinder.ts;backend/src/familymembers/MySqlFamilyMemberInvitationRepository.ts;backend/src/parentaccount/freeaccess/MySqlFreeAccessAccountRepository.ts;backend/src/parentaccount/MySqlParentAccountRepository.ts
parent_accounts,disabled_at,15,datetime,datetime(3),NO,YES,,NO,NO,,,,,,,,,,,Timestamp.,backend/src/familymembers/MySqlFamilyMemberInvitationRepository.ts;backend/src/parentaccount/freeaccess/MySqlFreeAccessAccountRepository.ts;backend/src/parentaccount/MySqlParentAccountRepository.ts,backend/src/familymembers/MySqlFamilyMemberAccountBinder.ts;backend/src/familymembers/MySqlFamilyMemberInvitationRepository.ts;backend/src/parentaccount/freeaccess/MySqlFreeAccessAccountRepository.ts;backend/src/parentaccount/MySqlParentAccountRepository.ts
parent_email_verification_codes,code_id,1,char,char(36),NO,NO,,NO,YES,,,,,,,,,ascii,ascii_bin,Opaque application identifier (see PCA_RELATIONSHIP_ENFORCEMENT_MATRIX.md for FK/soft-reference classification).,backend/src/parentaccount/MySqlParentAccountRepository.ts,backend/src/parentaccount/MySqlParentAccountRepository.ts
parent_email_verification_codes,account_id,2,char,char(36),NO,NO,,NO,NO,,parent_email_verification_codes_account_idx,parent_email_verification_codes_account_fk,parent_accounts,account_id,NO ACTION,NO ACTION,,ascii,ascii_bin,Opaque application identifier (see PCA_RELATIONSHIP_ENFORCEMENT_MATRIX.md for FK/soft-reference classification).,backend/src/parentaccount/MySqlParentAccountRepository.ts,backend/src/parentaccount/MySqlParentAccountRepository.ts
parent_email_verification_codes,code_hash,3,char,char(64),NO,NO,,NO,NO,,,,,,,,,ascii,ascii_bin,"Authentication/verification/integrity hash material, never a raw secret or raw identifying value.",backend/src/parentaccount/MySqlParentAccountRepository.ts,backend/src/parentaccount/MySqlParentAccountRepository.ts
parent_email_verification_codes,password_hash,4,varchar,varchar(255),NO,YES,,NO,NO,,,,,,,,,utf8mb4,utf8mb4_bin,Password/credential material.,backend/src/parentaccount/MySqlParentAccountRepository.ts,backend/src/parentaccount/MySqlParentAccountRepository.ts
parent_email_verification_codes,created_at,5,datetime,datetime(3),NO,NO,CURRENT_TIMESTAMP(3),NO,NO,,parent_email_verification_codes_account_idx,,,,,,,,,Timestamp.,backend/src/parentaccount/MySqlParentAccountRepository.ts,backend/src/parentaccount/MySqlParentAccountRepository.ts
parent_email_verification_codes,expires_at,6,datetime,datetime(3),NO,NO,,NO,NO,,,,,,,,,,,Timestamp.,backend/src/parentaccount/MySqlParentAccountRepository.ts,backend/src/parentaccount/MySqlParentAccountRepository.ts
parent_email_verification_codes,consumed_at,7,datetime,datetime(3),NO,YES,,NO,NO,,,,,,,,,,,Timestamp.,backend/src/parentaccount/MySqlParentAccountRepository.ts,backend/src/parentaccount/MySqlParentAccountRepository.ts
parent_email_verification_codes,attempt_count,8,int,int,NO,NO,0,NO,NO,,,,,,,,,,,"Numeric/boolean operational counter, limit, flag, rate, or version.",backend/src/parentaccount/MySqlParentAccountRepository.ts,backend/src/parentaccount/MySqlParentAccountRepository.ts
parent_password_reset_codes,code_id,1,char,char(36),NO,NO,,NO,YES,,,,,,,,,ascii,ascii_bin,Opaque application identifier (see PCA_RELATIONSHIP_ENFORCEMENT_MATRIX.md for FK/soft-reference classification).,backend/src/parentaccount/MySqlParentAccountRepository.ts,backend/src/parentaccount/MySqlParentAccountRepository.ts
parent_password_reset_codes,account_id,2,char,char(36),NO,NO,,NO,NO,,parent_password_reset_codes_account_idx,parent_password_reset_codes_account_fk,parent_accounts,account_id,NO ACTION,NO ACTION,,ascii,ascii_bin,Opaque application identifier (see PCA_RELATIONSHIP_ENFORCEMENT_MATRIX.md for FK/soft-reference classification).,backend/src/parentaccount/MySqlParentAccountRepository.ts,backend/src/parentaccount/MySqlParentAccountRepository.ts
parent_password_reset_codes,code_hash,3,char,char(64),NO,NO,,NO,NO,,,,,,,,,ascii,ascii_bin,"Authentication/verification/integrity hash material, never a raw secret or raw identifying value.",backend/src/parentaccount/MySqlParentAccountRepository.ts,backend/src/parentaccount/MySqlParentAccountRepository.ts
parent_password_reset_codes,created_at,4,datetime,datetime(3),NO,NO,CURRENT_TIMESTAMP(3),NO,NO,,parent_password_reset_codes_account_idx,,,,,,,,,Timestamp.,backend/src/parentaccount/MySqlParentAccountRepository.ts,backend/src/parentaccount/MySqlParentAccountRepository.ts
parent_password_reset_codes,expires_at,5,datetime,datetime(3),NO,NO,,NO,NO,,,,,,,,,,,Timestamp.,backend/src/parentaccount/MySqlParentAccountRepository.ts,backend/src/parentaccount/MySqlParentAccountRepository.ts
parent_password_reset_codes,consumed_at,6,datetime,datetime(3),NO,YES,,NO,NO,,,,,,,,,,,Timestamp.,backend/src/parentaccount/MySqlParentAccountRepository.ts,backend/src/parentaccount/MySqlParentAccountRepository.ts
parent_password_reset_codes,attempt_count,7,int,int,NO,NO,0,NO,NO,,,,,,,,,,,"Numeric/boolean operational counter, limit, flag, rate, or version.",backend/src/parentaccount/MySqlParentAccountRepository.ts,backend/src/parentaccount/MySqlParentAccountRepository.ts
platform_admin_accounts,admin_id,1,char,char(36),NO,NO,,NO,YES,,,,,,,,,ascii,ascii_bin,Opaque application identifier (see PCA_RELATIONSHIP_ENFORCEMENT_MATRIX.md for FK/soft-reference classification).,backend/src/platformadmin/auth/MySqlAuthRepository.ts;backend/src/platformadmin/auth/MySqlPlatformAdminAlertAdapter.ts;backend/src/platformadmin/readmodels/AdminUsersReadModel.ts,backend/src/db/schema.ts;backend/src/platformadmin/auth/MySqlAuthRepository.ts
platform_admin_accounts,email_hash,2,varbinary,varbinary(32),NO,NO,,NO,NO,platform_admin_accounts_email_hash_key,,,,,,,,,,"Authentication/verification/integrity hash material, never a raw secret or raw identifying value.",backend/src/platformadmin/auth/MySqlAuthRepository.ts;backend/src/platformadmin/auth/MySqlPlatformAdminAlertAdapter.ts;backend/src/platformadmin/readmodels/AdminUsersReadModel.ts,backend/src/db/schema.ts;backend/src/platformadmin/auth/MySqlAuthRepository.ts
platform_admin_accounts,display_name,3,varchar,varchar(128),NO,NO,,NO,NO,,,,,,,,,utf8mb4,utf8mb4_bin,Platform Admin staff member's own chosen display name -- not a parent or child; not central child/family data.,backend/src/platformadmin/auth/MySqlAuthRepository.ts;backend/src/platformadmin/auth/MySqlPlatformAdminAlertAdapter.ts;backend/src/platformadmin/readmodels/AdminUsersReadModel.ts,backend/src/db/schema.ts;backend/src/platformadmin/auth/MySqlAuthRepository.ts
platform_admin_accounts,password_credential,4,varchar,varchar(255),NO,NO,,NO,NO,,,,,,,,,utf8mb4,utf8mb4_bin,Password/credential material.,backend/src/platformadmin/auth/MySqlAuthRepository.ts;backend/src/platformadmin/auth/MySqlPlatformAdminAlertAdapter.ts;backend/src/platformadmin/readmodels/AdminUsersReadModel.ts,backend/src/db/schema.ts;backend/src/platformadmin/auth/MySqlAuthRepository.ts
platform_admin_accounts,status,5,varchar,varchar(16),NO,NO,,NO,NO,,,,,,,,,utf8mb4,utf8mb4_bin,Closed-vocabulary status/type/category/currency/market column.,backend/src/platformadmin/auth/MySqlAuthRepository.ts;backend/src/platformadmin/auth/MySqlPlatformAdminAlertAdapter.ts;backend/src/platformadmin/readmodels/AdminUsersReadModel.ts,backend/src/db/schema.ts;backend/src/platformadmin/auth/MySqlAuthRepository.ts
platform_admin_accounts,created_at,6,datetime,datetime(3),NO,NO,CURRENT_TIMESTAMP(3),NO,NO,,,,,,,,,,,Timestamp.,backend/src/platformadmin/auth/MySqlAuthRepository.ts;backend/src/platformadmin/auth/MySqlPlatformAdminAlertAdapter.ts;backend/src/platformadmin/readmodels/AdminUsersReadModel.ts,backend/src/db/schema.ts;backend/src/platformadmin/auth/MySqlAuthRepository.ts
platform_admin_accounts,disabled_at,7,datetime,datetime(3),NO,YES,,NO,NO,,,,,,,,,,,Timestamp.,backend/src/platformadmin/auth/MySqlAuthRepository.ts;backend/src/platformadmin/auth/MySqlPlatformAdminAlertAdapter.ts;backend/src/platformadmin/readmodels/AdminUsersReadModel.ts,backend/src/db/schema.ts;backend/src/platformadmin/auth/MySqlAuthRepository.ts
platform_admin_audit_events,event_id,1,char,char(36),NO,NO,,NO,YES,,,,,,,,,ascii,ascii_bin,Opaque application identifier (see PCA_RELATIONSHIP_ENFORCEMENT_MATRIX.md for FK/soft-reference classification).,backend/src/http/routes/platformadmin/auditRoutes.ts;backend/src/platformadmin/audit/MySqlPlatformAdminAuditRepository.ts;backend/src/platformadmin/readmodels/AuditReadModel.ts,backend/src/http/routes/platformadmin/auditRoutes.ts;backend/src/platformadmin/audit/MySqlPlatformAdminAuditRepository.ts
platform_admin_audit_events,event_type,2,varchar,varchar(40),NO,NO,,NO,NO,,platform_admin_audit_events_event_type_idx,,,,,,,utf8mb4,utf8mb4_bin,Closed-vocabulary status/type/category/currency/market column.,backend/src/http/routes/platformadmin/auditRoutes.ts;backend/src/platformadmin/audit/MySqlPlatformAdminAuditRepository.ts;backend/src/platformadmin/readmodels/AuditReadModel.ts,backend/src/http/routes/platformadmin/auditRoutes.ts;backend/src/platformadmin/audit/MySqlPlatformAdminAuditRepository.ts
platform_admin_audit_events,actor_admin_id,3,char,char(36),NO,YES,,NO,NO,,platform_admin_audit_events_actor_admin_id_idx,platform_admin_audit_events_actor_admin_id_fk,platform_admin_accounts,admin_id,NO ACTION,NO ACTION,,ascii,ascii_bin,Opaque application identifier (see PCA_RELATIONSHIP_ENFORCEMENT_MATRIX.md for FK/soft-reference classification).,backend/src/http/routes/platformadmin/auditRoutes.ts;backend/src/platformadmin/audit/MySqlPlatformAdminAuditRepository.ts;backend/src/platformadmin/readmodels/AuditReadModel.ts,backend/src/http/routes/platformadmin/auditRoutes.ts;backend/src/platformadmin/audit/MySqlPlatformAdminAuditRepository.ts
platform_admin_audit_events,actor_role,4,varchar,varchar(32),NO,YES,,NO,NO,,,,,,,,,utf8mb4,utf8mb4_bin,Closed-vocabulary status/type/category/currency/market column.,backend/src/http/routes/platformadmin/auditRoutes.ts;backend/src/platformadmin/audit/MySqlPlatformAdminAuditRepository.ts;backend/src/platformadmin/readmodels/AuditReadModel.ts,backend/src/http/routes/platformadmin/auditRoutes.ts;backend/src/platformadmin/audit/MySqlPlatformAdminAuditRepository.ts
platform_admin_audit_events,target_ref,5,varchar,varchar(128),NO,YES,,NO,NO,,,,,,,,,utf8mb4,utf8mb4_bin,Opaque application identifier (see PCA_RELATIONSHIP_ENFORCEMENT_MATRIX.md for FK/soft-reference classification).,backend/src/http/routes/platformadmin/auditRoutes.ts;backend/src/platformadmin/audit/MySqlPlatformAdminAuditRepository.ts;backend/src/platformadmin/readmodels/AuditReadModel.ts,backend/src/http/routes/platformadmin/auditRoutes.ts;backend/src/platformadmin/audit/MySqlPlatformAdminAuditRepository.ts
platform_admin_audit_events,result,6,varchar,varchar(16),NO,NO,,NO,NO,,,,,,,,,utf8mb4,utf8mb4_bin,Closed-vocabulary status/type/category/currency/market column.,backend/src/http/routes/platformadmin/auditRoutes.ts;backend/src/platformadmin/audit/MySqlPlatformAdminAuditRepository.ts;backend/src/platformadmin/readmodels/AuditReadModel.ts,backend/src/http/routes/platformadmin/auditRoutes.ts;backend/src/platformadmin/audit/MySqlPlatformAdminAuditRepository.ts
platform_admin_audit_events,occurred_at,7,datetime,datetime(3),NO,NO,CURRENT_TIMESTAMP(3),NO,NO,,platform_admin_audit_events_occurred_at_idx,,,,,,,,,Timestamp.,backend/src/http/routes/platformadmin/auditRoutes.ts;backend/src/platformadmin/audit/MySqlPlatformAdminAuditRepository.ts;backend/src/platformadmin/readmodels/AuditReadModel.ts,backend/src/http/routes/platformadmin/auditRoutes.ts;backend/src/platformadmin/audit/MySqlPlatformAdminAuditRepository.ts
platform_admin_audit_events,correlation_id,8,char,char(36),NO,NO,,NO,NO,,,,,,,,,ascii,ascii_bin,Opaque application identifier (see PCA_RELATIONSHIP_ENFORCEMENT_MATRIX.md for FK/soft-reference classification).,backend/src/http/routes/platformadmin/auditRoutes.ts;backend/src/platformadmin/audit/MySqlPlatformAdminAuditRepository.ts;backend/src/platformadmin/readmodels/AuditReadModel.ts,backend/src/http/routes/platformadmin/auditRoutes.ts;backend/src/platformadmin/audit/MySqlPlatformAdminAuditRepository.ts
platform_admin_audit_events,metadata_json,9,json,json,NO,YES,,NO,NO,,,,,,,,,,,Platform Admin internal structured JSON (audit metadata / settings value) — not schema-constrained; see PCA_CANONICAL_SCHEMA_REPORT.md caveat.,backend/src/http/routes/platformadmin/auditRoutes.ts;backend/src/platformadmin/audit/MySqlPlatformAdminAuditRepository.ts;backend/src/platformadmin/readmodels/AuditReadModel.ts,backend/src/http/routes/platformadmin/auditRoutes.ts;backend/src/platformadmin/audit/MySqlPlatformAdminAuditRepository.ts
platform_admin_login_attempts,attempt_id,1,char,char(36),NO,NO,,NO,YES,,,,,,,,,ascii,ascii_bin,Opaque application identifier (see PCA_RELATIONSHIP_ENFORCEMENT_MATRIX.md for FK/soft-reference classification).,backend/src/platformadmin/auth/MySqlAuthRepository.ts,backend/src/platformadmin/auth/MySqlAuthRepository.ts
platform_admin_login_attempts,email_hash,2,varbinary,varbinary(32),NO,NO,,NO,NO,,platform_admin_login_attempts_email_hash_occurred_at_idx,,,,,,,,,"Authentication/verification/integrity hash material, never a raw secret or raw identifying value.",backend/src/platformadmin/auth/MySqlAuthRepository.ts,backend/src/platformadmin/auth/MySqlAuthRepository.ts
platform_admin_login_attempts,outcome,3,varchar,varchar(20),NO,NO,,NO,NO,,,,,,,,,utf8mb4,utf8mb4_bin,Closed-vocabulary status/type/category/currency/market column.,backend/src/platformadmin/auth/MySqlAuthRepository.ts,backend/src/platformadmin/auth/MySqlAuthRepository.ts
platform_admin_login_attempts,occurred_at,4,datetime,datetime(3),NO,NO,CURRENT_TIMESTAMP(3),NO,NO,,platform_admin_login_attempts_email_hash_occurred_at_idx,,,,,,,,,Timestamp.,backend/src/platformadmin/auth/MySqlAuthRepository.ts,backend/src/platformadmin/auth/MySqlAuthRepository.ts
platform_admin_mfa_state,admin_id,1,char,char(36),NO,NO,,NO,YES,,,platform_admin_mfa_state_admin_id_fk,platform_admin_accounts,admin_id,NO ACTION,NO ACTION,,ascii,ascii_bin,Opaque application identifier (see PCA_RELATIONSHIP_ENFORCEMENT_MATRIX.md for FK/soft-reference classification).,backend/src/platformadmin/auth/MySqlAuthRepository.ts;backend/src/platformadmin/readmodels/AdminUsersReadModel.ts,backend/src/platformadmin/auth/AuthRepository.ts;backend/src/platformadmin/auth/MySqlAuthRepository.ts
platform_admin_mfa_state,status,2,varchar,varchar(16),NO,NO,,NO,NO,,,,,,,,,utf8mb4,utf8mb4_bin,Closed-vocabulary status/type/category/currency/market column.,backend/src/platformadmin/auth/MySqlAuthRepository.ts;backend/src/platformadmin/readmodels/AdminUsersReadModel.ts,backend/src/platformadmin/auth/AuthRepository.ts;backend/src/platformadmin/auth/MySqlAuthRepository.ts
platform_admin_mfa_state,totp_secret_ciphertext,3,varbinary,varbinary(255),NO,YES,,NO,NO,,,,,,,,,,,"Authentication/verification/integrity hash material, never a raw secret or raw identifying value.",backend/src/platformadmin/auth/MySqlAuthRepository.ts;backend/src/platformadmin/readmodels/AdminUsersReadModel.ts,backend/src/platformadmin/auth/AuthRepository.ts;backend/src/platformadmin/auth/MySqlAuthRepository.ts
platform_admin_mfa_state,totp_secret_nonce,4,varbinary,varbinary(16),NO,YES,,NO,NO,,,,,,,,,,,"Authentication/verification/integrity hash material, never a raw secret or raw identifying value.",backend/src/platformadmin/auth/MySqlAuthRepository.ts;backend/src/platformadmin/readmodels/AdminUsersReadModel.ts,backend/src/platformadmin/auth/AuthRepository.ts;backend/src/platformadmin/auth/MySqlAuthRepository.ts
platform_admin_mfa_state,activated_at,5,datetime,datetime(3),NO,YES,,NO,NO,,,,,,,,,,,Timestamp.,backend/src/platformadmin/auth/MySqlAuthRepository.ts;backend/src/platformadmin/readmodels/AdminUsersReadModel.ts,backend/src/platformadmin/auth/AuthRepository.ts;backend/src/platformadmin/auth/MySqlAuthRepository.ts
platform_admin_mfa_state,created_at,6,datetime,datetime(3),NO,NO,CURRENT_TIMESTAMP(3),NO,NO,,,,,,,,,,,Timestamp.,backend/src/platformadmin/auth/MySqlAuthRepository.ts;backend/src/platformadmin/readmodels/AdminUsersReadModel.ts,backend/src/platformadmin/auth/AuthRepository.ts;backend/src/platformadmin/auth/MySqlAuthRepository.ts
platform_admin_mfa_state,last_accepted_totp_counter,7,bigint,bigint,NO,YES,,NO,NO,,,,,,,,,,,"Authentication/verification/integrity hash material, never a raw secret or raw identifying value.",backend/src/platformadmin/auth/MySqlAuthRepository.ts;backend/src/platformadmin/readmodels/AdminUsersReadModel.ts,backend/src/platformadmin/auth/AuthRepository.ts;backend/src/platformadmin/auth/MySqlAuthRepository.ts
platform_admin_role_assignments,assignment_id,1,char,char(36),NO,NO,,NO,YES,,,,,,,,,ascii,ascii_bin,Opaque application identifier (see PCA_RELATIONSHIP_ENFORCEMENT_MATRIX.md for FK/soft-reference classification).,backend/src/platformadmin/auth/MySqlAuthRepository.ts;backend/src/platformadmin/auth/MySqlPlatformAdminAlertAdapter.ts;backend/src/platformadmin/readmodels/AdminUsersReadModel.ts,backend/src/platformadmin/auth/MySqlAuthRepository.ts
platform_admin_role_assignments,admin_id,2,char,char(36),NO,NO,,NO,NO,platform_admin_role_assignments_admin_active_key,platform_admin_role_assignments_admin_id_idx,platform_admin_role_assignments_admin_id_fk,platform_admin_accounts,admin_id,NO ACTION,NO ACTION,,ascii,ascii_bin,Opaque application identifier (see PCA_RELATIONSHIP_ENFORCEMENT_MATRIX.md for FK/soft-reference classification).,backend/src/platformadmin/auth/MySqlAuthRepository.ts;backend/src/platformadmin/auth/MySqlPlatformAdminAlertAdapter.ts;backend/src/platformadmin/readmodels/AdminUsersReadModel.ts,backend/src/platformadmin/auth/MySqlAuthRepository.ts
platform_admin_role_assignments,role,3,varchar,varchar(32),NO,NO,,NO,NO,,,,,,,,,utf8mb4,utf8mb4_bin,Closed-vocabulary status/type/category/currency/market column.,backend/src/platformadmin/auth/MySqlAuthRepository.ts;backend/src/platformadmin/auth/MySqlPlatformAdminAlertAdapter.ts;backend/src/platformadmin/readmodels/AdminUsersReadModel.ts,backend/src/platformadmin/auth/MySqlAuthRepository.ts
platform_admin_role_assignments,granted_at,4,datetime,datetime(3),NO,NO,,NO,NO,,,,,,,,,,,Timestamp.,backend/src/platformadmin/auth/MySqlAuthRepository.ts;backend/src/platformadmin/auth/MySqlPlatformAdminAlertAdapter.ts;backend/src/platformadmin/readmodels/AdminUsersReadModel.ts,backend/src/platformadmin/auth/MySqlAuthRepository.ts
platform_admin_role_assignments,revoked_at,5,datetime,datetime(3),NO,YES,,NO,NO,,,,,,,,,,,Timestamp.,backend/src/platformadmin/auth/MySqlAuthRepository.ts;backend/src/platformadmin/auth/MySqlPlatformAdminAlertAdapter.ts;backend/src/platformadmin/readmodels/AdminUsersReadModel.ts,backend/src/platformadmin/auth/MySqlAuthRepository.ts
platform_admin_role_assignments,granted_by_admin_id,6,char,char(36),NO,YES,,NO,NO,,platform_admin_role_assignments_granted_by_fk,platform_admin_role_assignments_granted_by_fk,platform_admin_accounts,admin_id,NO ACTION,NO ACTION,,ascii,ascii_bin,Opaque application identifier (see PCA_RELATIONSHIP_ENFORCEMENT_MATRIX.md for FK/soft-reference classification).,backend/src/platformadmin/auth/MySqlAuthRepository.ts;backend/src/platformadmin/auth/MySqlPlatformAdminAlertAdapter.ts;backend/src/platformadmin/readmodels/AdminUsersReadModel.ts,backend/src/platformadmin/auth/MySqlAuthRepository.ts
platform_admin_role_assignments,active_role_marker,7,varchar,varchar(32),NO,YES,,NO,NO,platform_admin_role_assignments_admin_active_key,,,,,,,,utf8mb4,utf8mb4_bin,"Uniqueness-marker value (supports 'at most one active role per admin'-style partial-unique index), not personal data.",backend/src/platformadmin/auth/MySqlAuthRepository.ts;backend/src/platformadmin/auth/MySqlPlatformAdminAlertAdapter.ts;backend/src/platformadmin/readmodels/AdminUsersReadModel.ts,backend/src/platformadmin/auth/MySqlAuthRepository.ts
platform_admin_security_alerts,alert_id,1,char,char(36),NO,NO,,NO,YES,,,,,,,,,ascii,ascii_bin,Opaque application identifier (see PCA_RELATIONSHIP_ENFORCEMENT_MATRIX.md for FK/soft-reference classification).,,backend/src/platformadmin/auth/MySqlPlatformAdminAlertAdapter.ts
platform_admin_security_alerts,recipient_admin_id,2,char,char(36),NO,NO,,NO,NO,platform_admin_security_alerts_correlation_recipient_key,platform_admin_security_alerts_recipient_state_idx,platform_admin_security_alerts_recipient_fk,platform_admin_accounts,admin_id,NO ACTION,NO ACTION,,ascii,ascii_bin,Opaque application identifier (see PCA_RELATIONSHIP_ENFORCEMENT_MATRIX.md for FK/soft-reference classification).,,backend/src/platformadmin/auth/MySqlPlatformAdminAlertAdapter.ts
platform_admin_security_alerts,source_admin_id,3,char,char(36),NO,NO,,NO,NO,,platform_admin_security_alerts_source_fk,platform_admin_security_alerts_source_fk,platform_admin_accounts,admin_id,NO ACTION,NO ACTION,,ascii,ascii_bin,Opaque application identifier (see PCA_RELATIONSHIP_ENFORCEMENT_MATRIX.md for FK/soft-reference classification).,,backend/src/platformadmin/auth/MySqlPlatformAdminAlertAdapter.ts
platform_admin_security_alerts,kind,4,varchar,varchar(20),NO,NO,,NO,NO,,,,,,,,,utf8mb4,utf8mb4_bin,Closed-vocabulary status/type/category/currency/market column.,,backend/src/platformadmin/auth/MySqlPlatformAdminAlertAdapter.ts
platform_admin_security_alerts,occurred_at,5,datetime,datetime(3),NO,NO,,NO,NO,,platform_admin_security_alerts_recipient_state_idx,,,,,,,,,Timestamp.,,backend/src/platformadmin/auth/MySqlPlatformAdminAlertAdapter.ts
platform_admin_security_alerts,correlation_id,6,char,char(36),NO,NO,,NO,NO,platform_admin_security_alerts_correlation_recipient_key,,,,,,,,ascii,ascii_bin,Opaque application identifier (see PCA_RELATIONSHIP_ENFORCEMENT_MATRIX.md for FK/soft-reference classification).,,backend/src/platformadmin/auth/MySqlPlatformAdminAlertAdapter.ts
platform_admin_security_alerts,delivery_state,7,varchar,varchar(16),NO,NO,PENDING,NO,NO,,platform_admin_security_alerts_recipient_state_idx,,,,,,,utf8mb4,utf8mb4_bin,Closed-vocabulary status/type/category/currency/market column.,,backend/src/platformadmin/auth/MySqlPlatformAdminAlertAdapter.ts
platform_admin_security_alerts,delivered_at,8,datetime,datetime(3),NO,YES,,NO,NO,,,,,,,,,,,Timestamp.,,backend/src/platformadmin/auth/MySqlPlatformAdminAlertAdapter.ts
platform_admin_sessions,session_id,1,char,char(36),NO,NO,,NO,YES,,,,,,,,,ascii,ascii_bin,Opaque application identifier (see PCA_RELATIONSHIP_ENFORCEMENT_MATRIX.md for FK/soft-reference classification).,backend/src/platformadmin/auth/MySqlAuthRepository.ts,backend/src/platformadmin/auth/MySqlAuthRepository.ts
platform_admin_sessions,admin_id,2,char,char(36),NO,NO,,NO,NO,,platform_admin_sessions_admin_id_idx,platform_admin_sessions_admin_id_fk,platform_admin_accounts,admin_id,NO ACTION,NO ACTION,,ascii,ascii_bin,Opaque application identifier (see PCA_RELATIONSHIP_ENFORCEMENT_MATRIX.md for FK/soft-reference classification).,backend/src/platformadmin/auth/MySqlAuthRepository.ts,backend/src/platformadmin/auth/MySqlAuthRepository.ts
platform_admin_sessions,token_hash,3,char,char(64),NO,NO,,NO,NO,platform_admin_sessions_token_hash_key,,,,,,,,ascii,ascii_bin,"Authentication/verification/integrity hash material, never a raw secret or raw identifying value.",backend/src/platformadmin/auth/MySqlAuthRepository.ts,backend/src/platformadmin/auth/MySqlAuthRepository.ts
platform_admin_sessions,realm,4,varchar,varchar(24),NO,NO,,NO,NO,,,,,,,,,utf8mb4,utf8mb4_bin,Closed-vocabulary status/type/category/currency/market column.,backend/src/platformadmin/auth/MySqlAuthRepository.ts,backend/src/platformadmin/auth/MySqlAuthRepository.ts
platform_admin_sessions,issued_at,5,datetime,datetime(3),NO,NO,,NO,NO,,,,,,,,,,,Timestamp.,backend/src/platformadmin/auth/MySqlAuthRepository.ts,backend/src/platformadmin/auth/MySqlAuthRepository.ts
platform_admin_sessions,expires_at,6,datetime,datetime(3),NO,NO,,NO,NO,,,,,,,,,,,Timestamp.,backend/src/platformadmin/auth/MySqlAuthRepository.ts,backend/src/platformadmin/auth/MySqlAuthRepository.ts
platform_admin_sessions,revoked_at,7,datetime,datetime(3),NO,YES,,NO,NO,,,,,,,,,,,Timestamp.,backend/src/platformadmin/auth/MySqlAuthRepository.ts,backend/src/platformadmin/auth/MySqlAuthRepository.ts
platform_admin_settings,setting_key,1,varchar,varchar(128),NO,NO,,NO,YES,,,,,,,,,ascii,ascii_bin,Name/key of a Platform Admin setting.,backend/src/platformadmin/settings/PlatformAdminSettingsRepository.ts,backend/src/platformadmin/settings/PlatformAdminSettingsRepository.ts
platform_admin_settings,category,2,varchar,varchar(32),NO,NO,,NO,NO,,platform_admin_settings_category_idx,,,,,,,utf8mb4,utf8mb4_bin,Closed-vocabulary settings category.,backend/src/platformadmin/settings/PlatformAdminSettingsRepository.ts,backend/src/platformadmin/settings/PlatformAdminSettingsRepository.ts
platform_admin_settings,value_json,3,text,text,NO,NO,,NO,NO,,,,,,,,,utf8mb4,utf8mb4_bin,Platform Admin internal structured JSON (audit metadata / settings value) — not schema-constrained; see PCA_CANONICAL_SCHEMA_REPORT.md caveat.,backend/src/platformadmin/settings/PlatformAdminSettingsRepository.ts,backend/src/platformadmin/settings/PlatformAdminSettingsRepository.ts
platform_admin_settings,is_sensitive,4,tinyint,tinyint(1),NO,NO,0,NO,NO,,,,,,,,,,,"Numeric/boolean operational counter, limit, flag, rate, or version.",backend/src/platformadmin/settings/PlatformAdminSettingsRepository.ts,backend/src/platformadmin/settings/PlatformAdminSettingsRepository.ts
platform_admin_settings,masked_display,5,varchar,varchar(128),NO,YES,,NO,NO,,,,,,,,,utf8mb4,utf8mb4_bin,"Parent-visible billing/display label (e.g. invoice line description, masked card label) — not child/family activity content.",backend/src/platformadmin/settings/PlatformAdminSettingsRepository.ts,backend/src/platformadmin/settings/PlatformAdminSettingsRepository.ts
platform_admin_settings,updated_at,6,datetime,datetime(3),NO,NO,CURRENT_TIMESTAMP(3),NO,NO,,,,,,,,,,,Timestamp.,backend/src/platformadmin/settings/PlatformAdminSettingsRepository.ts,backend/src/platformadmin/settings/PlatformAdminSettingsRepository.ts
platform_admin_settings,updated_by_admin_id,7,char,char(36),NO,NO,,NO,NO,,platform_admin_settings_updated_by_fk,platform_admin_settings_updated_by_fk,platform_admin_accounts,admin_id,NO ACTION,NO ACTION,,ascii,ascii_bin,Opaque application identifier (see PCA_RELATIONSHIP_ENFORCEMENT_MATRIX.md for FK/soft-reference classification).,backend/src/platformadmin/settings/PlatformAdminSettingsRepository.ts,backend/src/platformadmin/settings/PlatformAdminSettingsRepository.ts
platform_admin_step_up_sessions,step_up_id,1,char,char(36),NO,NO,,NO,YES,,,,,,,,,ascii,ascii_bin,Opaque application identifier (see PCA_RELATIONSHIP_ENFORCEMENT_MATRIX.md for FK/soft-reference classification).,,backend/src/platformadmin/auth/MySqlAuthRepository.ts
platform_admin_step_up_sessions,admin_id,2,char,char(36),NO,NO,,NO,NO,,platform_admin_step_up_sessions_admin_id_idx,platform_admin_step_up_sessions_admin_id_fk,platform_admin_accounts,admin_id,NO ACTION,NO ACTION,,ascii,ascii_bin,Opaque application identifier (see PCA_RELATIONSHIP_ENFORCEMENT_MATRIX.md for FK/soft-reference classification).,,backend/src/platformadmin/auth/MySqlAuthRepository.ts
platform_admin_step_up_sessions,session_id,3,char,char(36),NO,NO,,NO,NO,,platform_admin_step_up_sessions_session_id_idx,platform_admin_step_up_sessions_session_id_fk,platform_admin_sessions,session_id,NO ACTION,NO ACTION,,ascii,ascii_bin,Opaque application identifier (see PCA_RELATIONSHIP_ENFORCEMENT_MATRIX.md for FK/soft-reference classification).,,backend/src/platformadmin/auth/MySqlAuthRepository.ts
platform_admin_step_up_sessions,scope,4,varchar,varchar(40),NO,NO,,NO,NO,,,,,,,,,utf8mb4,utf8mb4_bin,Closed-vocabulary status/type/category/currency/market column.,,backend/src/platformadmin/auth/MySqlAuthRepository.ts
platform_admin_step_up_sessions,asserted_at,5,datetime,datetime(3),NO,NO,,NO,NO,,,,,,,,,,,Timestamp.,,backend/src/platformadmin/auth/MySqlAuthRepository.ts
platform_admin_step_up_sessions,expires_at,6,datetime,datetime(3),NO,NO,,NO,NO,,,,,,,,,,,Timestamp.,,backend/src/platformadmin/auth/MySqlAuthRepository.ts
platform_admin_step_up_sessions,consumed_at,7,datetime,datetime(3),NO,YES,,NO,NO,,,,,,,,,,,Timestamp.,,backend/src/platformadmin/auth/MySqlAuthRepository.ts
protection_alerts,alert_id,1,varchar,varchar(200),NO,NO,,NO,YES,,,,,,,,,utf8mb4,utf8mb4_bin,Opaque application identifier (see PCA_RELATIONSHIP_ENFORCEMENT_MATRIX.md for FK/soft-reference classification).,backend/src/alerts/MySqlProtectionAlertLedger.ts,backend/src/alerts/MySqlProtectionAlertLedger.ts
protection_alerts,family_id,2,varchar,varchar(128),NO,NO,,NO,NO,,protection_alerts_family_idx;protection_alerts_parent_device_idx,,,,,,YES -> families.family_id (Soft (unenforced) family_id reference -- schema-wide convention. families.family_id is CHAR(36) ascii_bin; every other table's family_id is VARCHAR(128) utf8mb4_bin. Membership existence is checked at the application layer (AuthzService.requiresFamilyScope).),utf8mb4,utf8mb4_bin,Opaque application identifier (see PCA_RELATIONSHIP_ENFORCEMENT_MATRIX.md for FK/soft-reference classification).,backend/src/alerts/MySqlProtectionAlertLedger.ts,backend/src/alerts/MySqlProtectionAlertLedger.ts
protection_alerts,device_id,3,varchar,varchar(200),NO,YES,,NO,NO,,,,,,,,"YES -> devices.device_id (Opaque ciphertext + typed routing metadata (family/device/trigger/epoch), never readable family detail.)",utf8mb4,utf8mb4_bin,Opaque application identifier (see PCA_RELATIONSHIP_ENFORCEMENT_MATRIX.md for FK/soft-reference classification).,backend/src/alerts/MySqlProtectionAlertLedger.ts,backend/src/alerts/MySqlProtectionAlertLedger.ts
protection_alerts,parent_device_id,4,varchar,varchar(200),NO,NO,,NO,NO,,protection_alerts_parent_device_idx,,,,,,"YES -> devices.device_id (Opaque ciphertext + typed routing metadata, never readable family detail.)",utf8mb4,utf8mb4_bin,Opaque application identifier (see PCA_RELATIONSHIP_ENFORCEMENT_MATRIX.md for FK/soft-reference classification).,backend/src/alerts/MySqlProtectionAlertLedger.ts,backend/src/alerts/MySqlProtectionAlertLedger.ts
protection_alerts,trigger_type,5,varchar,varchar(32),NO,NO,,NO,NO,,,,,,,,,utf8mb4,utf8mb4_bin,Closed-vocabulary status/type/category/currency/market column.,backend/src/alerts/MySqlProtectionAlertLedger.ts,backend/src/alerts/MySqlProtectionAlertLedger.ts
protection_alerts,key_epoch,6,int,int unsigned,YES,NO,,NO,NO,,,,,,,,,,,"Numeric/boolean operational counter, limit, flag, rate, or version.",backend/src/alerts/MySqlProtectionAlertLedger.ts,backend/src/alerts/MySqlProtectionAlertLedger.ts
protection_alerts,generated_at_utc,7,datetime,datetime(3),NO,NO,,NO,NO,,protection_alerts_family_idx;protection_alerts_parent_device_idx,,,,,,,,,Timestamp.,backend/src/alerts/MySqlProtectionAlertLedger.ts,backend/src/alerts/MySqlProtectionAlertLedger.ts
protection_alerts,encrypted_payload_b64,8,mediumtext,mediumtext,NO,NO,,NO,NO,,,,,,,,,ascii,ascii_bin,Opaque ciphertext (migration 0025): no acknowledge/decrypt/plaintext-read operation exists server-side.,backend/src/alerts/MySqlProtectionAlertLedger.ts,backend/src/alerts/MySqlProtectionAlertLedger.ts
protection_alerts,nonce_b64,9,varchar,varchar(64),NO,NO,,NO,NO,,,,,,,,,ascii,ascii_bin,AEAD nonce for the ciphertext column.,backend/src/alerts/MySqlProtectionAlertLedger.ts,backend/src/alerts/MySqlProtectionAlertLedger.ts
protection_alerts,expires_at,10,datetime,datetime(3),NO,NO,1970-01-01 00:00:00.000,NO,NO,,protection_alerts_expires_at_idx,,,,,,,,,Timestamp.,backend/src/alerts/MySqlProtectionAlertLedger.ts,backend/src/alerts/MySqlProtectionAlertLedger.ts
recovery_envelopes,family_id,1,varchar,varchar(128),NO,NO,,NO,YES,,,,,,,,YES -> families.family_id (Soft (unenforced) family_id reference -- schema-wide convention. families.family_id is CHAR(36) ascii_bin; every other table's family_id is VARCHAR(128) utf8mb4_bin. Membership existence is checked at the application layer (AuthzService.requiresFamilyScope).),utf8mb4,utf8mb4_bin,Opaque application identifier (see PCA_RELATIONSHIP_ENFORCEMENT_MATRIX.md for FK/soft-reference classification).,backend/src/recovery/MySqlRecoveryRepository.ts,backend/src/recovery/MySqlRecoveryRepository.ts
recovery_envelopes,ciphertext,2,mediumblob,mediumblob,NO,NO,,NO,NO,,,,,,,,,,,"Opaque recovery envelope payload, never plaintext family/child content.",backend/src/recovery/MySqlRecoveryRepository.ts,backend/src/recovery/MySqlRecoveryRepository.ts
recovery_envelopes,version,3,int,int unsigned,YES,NO,,NO,NO,,,,,,,,,,,"Numeric/boolean operational counter, limit, flag, rate, or version.",backend/src/recovery/MySqlRecoveryRepository.ts,backend/src/recovery/MySqlRecoveryRepository.ts
recovery_envelopes,created_at,4,datetime,datetime(3),NO,NO,,NO,NO,,,,,,,,,,,Timestamp.,backend/src/recovery/MySqlRecoveryRepository.ts,backend/src/recovery/MySqlRecoveryRepository.ts
recovery_envelopes,updated_at,5,datetime,datetime(3),NO,NO,,NO,NO,,,,,,,,,,,Timestamp.,backend/src/recovery/MySqlRecoveryRepository.ts,backend/src/recovery/MySqlRecoveryRepository.ts
relay_envelopes,message_id,1,varchar,varchar(128),NO,NO,,NO,YES,,,,,,,,,utf8mb4,utf8mb4_bin,"Opaque bounded application identifier (migration 0001 TYPE DECISIONS), not message content.",backend/src/relay/MySqlRelayRepository.ts,backend/src/relay/MySqlRelayRepository.ts
relay_envelopes,family_id,2,varchar,varchar(128),NO,NO,,NO,NO,,,,,,,,YES -> families.family_id (Soft (unenforced) family_id reference -- schema-wide convention. families.family_id is CHAR(36) ascii_bin; every other table's family_id is VARCHAR(128) utf8mb4_bin. Membership existence is checked at the application layer (AuthzService.requiresFamilyScope).),utf8mb4,utf8mb4_bin,Opaque application identifier (see PCA_RELATIONSHIP_ENFORCEMENT_MATRIX.md for FK/soft-reference classification).,backend/src/relay/MySqlRelayRepository.ts,backend/src/relay/MySqlRelayRepository.ts
relay_envelopes,sender_device_id,3,varchar,varchar(128),NO,NO,,NO,NO,,,,,,,,"YES -> devices.device_id (Opaque bounded application identifier by design (migration 0001 TYPE DECISIONS), distinct from devices.device_id CHAR(36) ascii_bin.)",utf8mb4,utf8mb4_bin,Opaque application identifier (see PCA_RELATIONSHIP_ENFORCEMENT_MATRIX.md for FK/soft-reference classification).,backend/src/relay/MySqlRelayRepository.ts,backend/src/relay/MySqlRelayRepository.ts
relay_envelopes,recipient_device_id,4,varchar,varchar(128),NO,NO,,NO,NO,,relay_envelopes_recipient_state_idx,,,,,,YES -> devices.device_id (Opaque bounded application identifier by design (migration 0001 TYPE DECISIONS).),utf8mb4,utf8mb4_bin,Opaque application identifier (see PCA_RELATIONSHIP_ENFORCEMENT_MATRIX.md for FK/soft-reference classification).,backend/src/relay/MySqlRelayRepository.ts,backend/src/relay/MySqlRelayRepository.ts
relay_envelopes,ciphertext,5,mediumblob,mediumblob,NO,NO,,NO,NO,,,,,,,,,,,Opaque encrypted/binary payload.,backend/src/relay/MySqlRelayRepository.ts,backend/src/relay/MySqlRelayRepository.ts
relay_envelopes,state,6,varchar,varchar(16),NO,NO,,NO,NO,,relay_envelopes_recipient_state_idx,,,,,,,utf8mb4,utf8mb4_bin,Closed-vocabulary status/type/category/currency/market column.,backend/src/relay/MySqlRelayRepository.ts,backend/src/relay/MySqlRelayRepository.ts
relay_envelopes,created_at,7,datetime,datetime(3),NO,NO,,NO,NO,,,,,,,,,,,Timestamp.,backend/src/relay/MySqlRelayRepository.ts,backend/src/relay/MySqlRelayRepository.ts
relay_envelopes,expires_at,8,datetime,datetime(3),NO,NO,,NO,NO,,relay_envelopes_recipient_state_idx,,,,,,,,,Timestamp.,backend/src/relay/MySqlRelayRepository.ts,backend/src/relay/MySqlRelayRepository.ts
relay_envelopes,acknowledged_at,9,datetime,datetime(3),NO,YES,,NO,NO,,,,,,,,,,,Timestamp.,backend/src/relay/MySqlRelayRepository.ts,backend/src/relay/MySqlRelayRepository.ts
release_current_pointers,package_type,1,varchar,varchar(32),NO,NO,,NO,YES,,,,,,,,,utf8mb4,utf8mb4_bin,Closed-vocabulary status/type/category/currency/market column.,backend/src/release/MySqlReleaseRepository.ts,backend/src/release/MySqlReleaseRepository.ts
release_current_pointers,platform,2,varchar,varchar(16),NO,NO,,NO,YES,,,,,,,,,utf8mb4,utf8mb4_bin,Closed-vocabulary status/type/category/currency/market column.,backend/src/release/MySqlReleaseRepository.ts,backend/src/release/MySqlReleaseRepository.ts
release_current_pointers,version,3,varchar,varchar(32),NO,NO,,NO,NO,,,,,,,,,utf8mb4,utf8mb4_bin,"Numeric/boolean operational counter, limit, flag, rate, or version.",backend/src/release/MySqlReleaseRepository.ts,backend/src/release/MySqlReleaseRepository.ts
release_current_pointers,version_major,4,int,int unsigned,YES,NO,,NO,NO,,,,,,,,,,,"Numeric/boolean operational counter, limit, flag, rate, or version.",backend/src/release/MySqlReleaseRepository.ts,backend/src/release/MySqlReleaseRepository.ts
release_current_pointers,version_minor,5,int,int unsigned,YES,NO,,NO,NO,,,,,,,,,,,"Numeric/boolean operational counter, limit, flag, rate, or version.",backend/src/release/MySqlReleaseRepository.ts,backend/src/release/MySqlReleaseRepository.ts
release_current_pointers,version_patch,6,int,int unsigned,YES,NO,,NO,NO,,,,,,,,,,,"Numeric/boolean operational counter, limit, flag, rate, or version.",backend/src/release/MySqlReleaseRepository.ts,backend/src/release/MySqlReleaseRepository.ts
release_current_pointers,is_explicit_rollback,7,tinyint,tinyint(1),NO,NO,0,NO,NO,,,,,,,,,,,"Numeric/boolean operational counter, limit, flag, rate, or version.",backend/src/release/MySqlReleaseRepository.ts,backend/src/release/MySqlReleaseRepository.ts
release_current_pointers,updated_at,8,datetime,datetime(3),NO,NO,,NO,NO,,,,,,,,,,,Timestamp.,backend/src/release/MySqlReleaseRepository.ts,backend/src/release/MySqlReleaseRepository.ts
release_packages,release_id,1,varchar,varchar(256),NO,NO,,NO,YES,,,,,,,,,utf8mb4,utf8mb4_bin,Opaque application identifier (see PCA_RELATIONSHIP_ENFORCEMENT_MATRIX.md for FK/soft-reference classification).,backend/src/release/MySqlReleaseRepository.ts,backend/src/release/MySqlReleaseRepository.ts
release_packages,package_type,2,varchar,varchar(32),NO,NO,,NO,NO,release_packages_identity_key,,,,,,,,utf8mb4,utf8mb4_bin,Closed-vocabulary status/type/category/currency/market column.,backend/src/release/MySqlReleaseRepository.ts,backend/src/release/MySqlReleaseRepository.ts
release_packages,platform,3,varchar,varchar(16),NO,NO,,NO,NO,release_packages_identity_key,,,,,,,,utf8mb4,utf8mb4_bin,Closed-vocabulary status/type/category/currency/market column.,backend/src/release/MySqlReleaseRepository.ts,backend/src/release/MySqlReleaseRepository.ts
release_packages,version,4,varchar,varchar(32),NO,NO,,NO,NO,release_packages_identity_key,,,,,,,,utf8mb4,utf8mb4_bin,"Numeric/boolean operational counter, limit, flag, rate, or version.",backend/src/release/MySqlReleaseRepository.ts,backend/src/release/MySqlReleaseRepository.ts
release_packages,artifact_digest,5,char,char(64),NO,NO,,NO,NO,,,,,,,,,ascii,ascii_bin,"Authentication/verification/integrity hash material, never a raw secret or raw identifying value.",backend/src/release/MySqlReleaseRepository.ts,backend/src/release/MySqlReleaseRepository.ts
release_packages,artifact_size_bytes,6,bigint,bigint unsigned,YES,NO,,NO,NO,,,,,,,,,,,"Numeric/boolean operational counter, limit, flag, rate, or version.",backend/src/release/MySqlReleaseRepository.ts,backend/src/release/MySqlReleaseRepository.ts
release_packages,signing_key_id,7,varchar,varchar(128),NO,NO,,NO,NO,,,,,,,,"YES -> device_public_keys.key_id (Opaque bounded application identifier by design; also structurally infeasible as a single-column FK since device_public_keys has a composite PK (device_id, key_id).)",utf8mb4,utf8mb4_bin,Opaque application identifier (see PCA_RELATIONSHIP_ENFORCEMENT_MATRIX.md for FK/soft-reference classification).,backend/src/release/MySqlReleaseRepository.ts,backend/src/release/MySqlReleaseRepository.ts
release_packages,signed_metadata,8,mediumblob,mediumblob,NO,NO,,NO,NO,,,,,,,,,,,Opaque encrypted/binary payload.,backend/src/release/MySqlReleaseRepository.ts,backend/src/release/MySqlReleaseRepository.ts
release_packages,minimum_supported_version,9,varchar,varchar(32),NO,YES,,NO,NO,,,,,,,,,utf8mb4,utf8mb4_bin,"Numeric/boolean operational counter, limit, flag, rate, or version.",backend/src/release/MySqlReleaseRepository.ts,backend/src/release/MySqlReleaseRepository.ts
release_packages,state,10,varchar,varchar(16),NO,NO,,NO,NO,,,,,,,,,utf8mb4,utf8mb4_bin,Closed-vocabulary status/type/category/currency/market column.,backend/src/release/MySqlReleaseRepository.ts,backend/src/release/MySqlReleaseRepository.ts
release_packages,published_at,11,datetime,datetime(3),NO,NO,,NO,NO,,,,,,,,,,,Timestamp.,backend/src/release/MySqlReleaseRepository.ts,backend/src/release/MySqlReleaseRepository.ts
release_packages,retired_at,12,datetime,datetime(3),NO,YES,,NO,NO,,,,,,,,,,,Timestamp.,backend/src/release/MySqlReleaseRepository.ts,backend/src/release/MySqlReleaseRepository.ts
safe_zones,zone_id,1,varchar,varchar(64),NO,NO,,NO,YES,,,,,,,,,utf8mb4,utf8mb4_bin,Opaque application identifier (see PCA_RELATIONSHIP_ENFORCEMENT_MATRIX.md for FK/soft-reference classification).,backend/src/location/MySqlSafeZoneRepository.ts,backend/src/location/MySqlSafeZoneRepository.ts
safe_zones,family_id,2,varchar,varchar(128),NO,NO,,NO,NO,,safe_zones_family_recipient_idx,,,,,,YES -> families.family_id (Soft (unenforced) family_id reference -- schema-wide convention. families.family_id is CHAR(36) ascii_bin; every other table's family_id is VARCHAR(128) utf8mb4_bin. Membership existence is checked at the application layer (AuthzService.requiresFamilyScope).),utf8mb4,utf8mb4_bin,Opaque application identifier (see PCA_RELATIONSHIP_ENFORCEMENT_MATRIX.md for FK/soft-reference classification).,backend/src/location/MySqlSafeZoneRepository.ts,backend/src/location/MySqlSafeZoneRepository.ts
safe_zones,recipient_endpoint_id,3,varchar,varchar(128),NO,NO,,NO,NO,,safe_zones_family_recipient_idx,,,,,,YES -> devices.device_id (Opaque routing/version metadata only -- must never hold a readable label/coordinate/radius/policy; not intended as a DB-joinable identity.),utf8mb4,utf8mb4_bin,Opaque application identifier (see PCA_RELATIONSHIP_ENFORCEMENT_MATRIX.md for FK/soft-reference classification).,backend/src/location/MySqlSafeZoneRepository.ts,backend/src/location/MySqlSafeZoneRepository.ts
safe_zones,ciphertext,4,mediumblob,mediumblob,NO,NO,,NO,NO,,,,,,,,,,,Opaque encrypted payload (migration 0020): must never hold a readable label/coordinate/radius/policy.,backend/src/location/MySqlSafeZoneRepository.ts,backend/src/location/MySqlSafeZoneRepository.ts
safe_zones,nonce,5,varbinary,varbinary(64),NO,NO,,NO,NO,,,,,,,,,,,AEAD nonce for the ciphertext column.,backend/src/location/MySqlSafeZoneRepository.ts,backend/src/location/MySqlSafeZoneRepository.ts
safe_zones,key_epoch,6,int,int unsigned,YES,NO,,NO,NO,,,,,,,,,,,"Numeric/boolean operational counter, limit, flag, rate, or version.",backend/src/location/MySqlSafeZoneRepository.ts,backend/src/location/MySqlSafeZoneRepository.ts
safe_zones,revision,7,int,int unsigned,YES,NO,1,NO,NO,,,,,,,,,,,"Numeric/boolean operational counter, limit, flag, rate, or version.",backend/src/location/MySqlSafeZoneRepository.ts,backend/src/location/MySqlSafeZoneRepository.ts
safe_zones,delivery_state,8,varchar,varchar(24),NO,NO,PENDING_OFFLINE,NO,NO,,,,,,,,,utf8mb4,utf8mb4_bin,Closed-vocabulary status/type/category/currency/market column.,backend/src/location/MySqlSafeZoneRepository.ts,backend/src/location/MySqlSafeZoneRepository.ts
safe_zones,created_at,9,datetime,datetime(6),NO,NO,,NO,NO,,,,,,,,,,,Timestamp.,backend/src/location/MySqlSafeZoneRepository.ts,backend/src/location/MySqlSafeZoneRepository.ts
safe_zones,updated_at,10,datetime,datetime(6),NO,NO,,NO,NO,,,,,,,,,,,Timestamp.,backend/src/location/MySqlSafeZoneRepository.ts,backend/src/location/MySqlSafeZoneRepository.ts
schema_migrations,version,1,varchar,varchar(255),NO,NO,,NO,YES,,,,,,,,,ascii,ascii_bin,"Numeric/boolean operational counter, limit, flag, rate, or version.",,
schema_migrations,applied_at,2,datetime,datetime(3),NO,NO,CURRENT_TIMESTAMP(3),NO,NO,,,,,,,,,,,Timestamp.,,
security_audit_metadata,event_id,1,char,char(36),NO,NO,,NO,YES,,,,,,,,,ascii,ascii_bin,Opaque application identifier (see PCA_RELATIONSHIP_ENFORCEMENT_MATRIX.md for FK/soft-reference classification).,,
security_audit_metadata,event_type,2,varchar,varchar(32),NO,NO,,NO,NO,,,,,,,,,utf8mb4,utf8mb4_bin,Closed-vocabulary status/type/category/currency/market column.,,
security_audit_metadata,actor_reference_hash,3,varbinary,varbinary(255),NO,YES,,NO,NO,,,,,,,,,,,"Authentication/verification/integrity hash material, never a raw secret or raw identifying value.",,
security_audit_metadata,subject_reference_hash,4,varbinary,varbinary(255),NO,YES,,NO,NO,,,,,,,,,,,"Authentication/verification/integrity hash material, never a raw secret or raw identifying value.",,
security_audit_metadata,correlation_id,5,char,char(36),NO,NO,,NO,NO,,,,,,,,,ascii,ascii_bin,Opaque application identifier (see PCA_RELATIONSHIP_ENFORCEMENT_MATRIX.md for FK/soft-reference classification).,,
security_audit_metadata,occurred_at,6,datetime,datetime(3),NO,NO,CURRENT_TIMESTAMP(3),NO,NO,,,,,,,,,,,Timestamp.,,
service_account_family_scopes,account_id,1,char,char(36),NO,NO,,NO,YES,,,service_account_family_scopes_account_id_fk,service_accounts,account_id,NO ACTION,NO ACTION,,ascii,ascii_bin,Opaque application identifier (see PCA_RELATIONSHIP_ENFORCEMENT_MATRIX.md for FK/soft-reference classification).,backend/src/authz/MySqlAuthzRepository.ts;backend/src/parentaccount/MySqlParentAccountRepository.ts,backend/src/parentaccount/MySqlParentAccountRepository.ts
service_account_family_scopes,family_id,2,varchar,varchar(128),NO,NO,,NO,YES,,service_account_family_scopes_family_id_idx,,,,,,YES -> families.family_id (Soft (unenforced) family_id reference -- schema-wide convention. families.family_id is CHAR(36) ascii_bin; every other table's family_id is VARCHAR(128) utf8mb4_bin. Membership existence is checked at the application layer (AuthzService.requiresFamilyScope).),utf8mb4,utf8mb4_bin,Opaque application identifier (see PCA_RELATIONSHIP_ENFORCEMENT_MATRIX.md for FK/soft-reference classification).,backend/src/authz/MySqlAuthzRepository.ts;backend/src/parentaccount/MySqlParentAccountRepository.ts,backend/src/parentaccount/MySqlParentAccountRepository.ts
service_account_family_scopes,status,3,varchar,varchar(16),NO,NO,,NO,NO,,,,,,,,,utf8mb4,utf8mb4_bin,Closed-vocabulary status/type/category/currency/market column.,backend/src/authz/MySqlAuthzRepository.ts;backend/src/parentaccount/MySqlParentAccountRepository.ts,backend/src/parentaccount/MySqlParentAccountRepository.ts
service_account_family_scopes,created_at,4,datetime,datetime(3),NO,NO,,NO,NO,,,,,,,,,,,Timestamp.,backend/src/authz/MySqlAuthzRepository.ts;backend/src/parentaccount/MySqlParentAccountRepository.ts,backend/src/parentaccount/MySqlParentAccountRepository.ts
service_accounts,account_id,1,char,char(36),NO,NO,,NO,YES,,,,,,,,,ascii,ascii_bin,Opaque application identifier (see PCA_RELATIONSHIP_ENFORCEMENT_MATRIX.md for FK/soft-reference classification).,backend/src/auth/MySqlAuthRepository.ts,backend/src/auth/MySqlAuthRepository.ts
service_accounts,account_reference_hash,2,varbinary,varbinary(255),NO,NO,,NO,NO,service_accounts_account_reference_hash_key,,,,,,,,,,"Authentication/verification/integrity hash material, never a raw secret or raw identifying value.",backend/src/auth/MySqlAuthRepository.ts,backend/src/auth/MySqlAuthRepository.ts
service_accounts,created_at,3,datetime,datetime(3),NO,NO,CURRENT_TIMESTAMP(3),NO,NO,,,,,,,,,,,Timestamp.,backend/src/auth/MySqlAuthRepository.ts,backend/src/auth/MySqlAuthRepository.ts
service_accounts,disabled_at,4,datetime,datetime(3),NO,YES,,NO,NO,,,,,,,,,,,Timestamp.,backend/src/auth/MySqlAuthRepository.ts,backend/src/auth/MySqlAuthRepository.ts
service_sessions,session_id,1,char,char(36),NO,NO,,NO,YES,,,,,,,,,ascii,ascii_bin,Opaque application identifier (see PCA_RELATIONSHIP_ENFORCEMENT_MATRIX.md for FK/soft-reference classification).,backend/src/auth/MySqlAuthRepository.ts,backend/src/auth/MySqlAuthRepository.ts;backend/src/parentaccount/MySqlParentAccountRepository.ts;backend/src/parentaccount/ParentAccountRepository.ts
service_sessions,account_id,2,char,char(36),NO,NO,,NO,NO,,service_sessions_account_id_idx,service_sessions_account_id_fk,service_accounts,account_id,NO ACTION,NO ACTION,,ascii,ascii_bin,Opaque application identifier (see PCA_RELATIONSHIP_ENFORCEMENT_MATRIX.md for FK/soft-reference classification).,backend/src/auth/MySqlAuthRepository.ts,backend/src/auth/MySqlAuthRepository.ts;backend/src/parentaccount/MySqlParentAccountRepository.ts;backend/src/parentaccount/ParentAccountRepository.ts
service_sessions,token_hash,3,char,char(64),NO,NO,,NO,NO,service_sessions_token_hash_key,,,,,,,,ascii,ascii_bin,"Authentication/verification/integrity hash material, never a raw secret or raw identifying value.",backend/src/auth/MySqlAuthRepository.ts,backend/src/auth/MySqlAuthRepository.ts;backend/src/parentaccount/MySqlParentAccountRepository.ts;backend/src/parentaccount/ParentAccountRepository.ts
service_sessions,issued_at,4,datetime,datetime(3),NO,NO,,NO,NO,,,,,,,,,,,Timestamp.,backend/src/auth/MySqlAuthRepository.ts,backend/src/auth/MySqlAuthRepository.ts;backend/src/parentaccount/MySqlParentAccountRepository.ts;backend/src/parentaccount/ParentAccountRepository.ts
service_sessions,expires_at,5,datetime,datetime(3),NO,NO,,NO,NO,,,,,,,,,,,Timestamp.,backend/src/auth/MySqlAuthRepository.ts,backend/src/auth/MySqlAuthRepository.ts;backend/src/parentaccount/MySqlParentAccountRepository.ts;backend/src/parentaccount/ParentAccountRepository.ts
service_sessions,revoked_at,6,datetime,datetime(3),NO,YES,,NO,NO,,,,,,,,,,,Timestamp.,backend/src/auth/MySqlAuthRepository.ts,backend/src/auth/MySqlAuthRepository.ts;backend/src/parentaccount/MySqlParentAccountRepository.ts;backend/src/parentaccount/ParentAccountRepository.ts
settlement_accounts,settlement_account_id,1,char,char(36),NO,NO,,NO,YES,,,,,,,,,ascii,ascii_bin,Opaque application identifier (see PCA_RELATIONSHIP_ENFORCEMENT_MATRIX.md for FK/soft-reference classification).,backend/src/billing/settlement/MySqlSettlementRepository.ts,backend/src/billing/settlement/MySqlSettlementRepository.ts
settlement_accounts,provider_ref,2,varchar,varchar(128),NO,NO,,NO,NO,,,,,,,,,utf8mb4,utf8mb4_bin,Opaque application identifier (see PCA_RELATIONSHIP_ENFORCEMENT_MATRIX.md for FK/soft-reference classification).,backend/src/billing/settlement/MySqlSettlementRepository.ts,backend/src/billing/settlement/MySqlSettlementRepository.ts
settlement_accounts,display_label,3,varchar,varchar(64),NO,NO,,NO,NO,,,,,,,,,utf8mb4,utf8mb4_bin,"Parent-visible billing/display label (e.g. invoice line description, masked card label) — not child/family activity content.",backend/src/billing/settlement/MySqlSettlementRepository.ts,backend/src/billing/settlement/MySqlSettlementRepository.ts
settlement_accounts,settlement_currency,4,char,char(3),NO,NO,,NO,NO,,settlement_accounts_currency_fk,settlement_accounts_currency_fk,billing_currencies,currency_code,NO ACTION,NO ACTION,,ascii,ascii_bin,Closed-vocabulary status/type/category/currency/market column.,backend/src/billing/settlement/MySqlSettlementRepository.ts,backend/src/billing/settlement/MySqlSettlementRepository.ts
settlement_accounts,status,5,varchar,varchar(16),NO,NO,ACTIVE,NO,NO,,settlement_accounts_status_idx,,,,,,,utf8mb4,utf8mb4_bin,Closed-vocabulary status/type/category/currency/market column.,backend/src/billing/settlement/MySqlSettlementRepository.ts,backend/src/billing/settlement/MySqlSettlementRepository.ts
settlement_accounts,created_at,6,datetime,datetime(3),NO,NO,CURRENT_TIMESTAMP(3),NO,NO,,,,,,,,,,,Timestamp.,backend/src/billing/settlement/MySqlSettlementRepository.ts,backend/src/billing/settlement/MySqlSettlementRepository.ts
settlement_accounts,updated_at,7,datetime,datetime(3),NO,NO,CURRENT_TIMESTAMP(3),NO,NO,,,,,,,,,,,Timestamp.,backend/src/billing/settlement/MySqlSettlementRepository.ts,backend/src/billing/settlement/MySqlSettlementRepository.ts
settlement_batch_items,settlement_batch_item_id,1,char,char(36),NO,NO,,NO,YES,,,,,,,,,ascii,ascii_bin,Opaque application identifier (see PCA_RELATIONSHIP_ENFORCEMENT_MATRIX.md for FK/soft-reference classification).,backend/src/billing/settlement/MySqlSettlementRepository.ts,backend/src/billing/settlement/MySqlSettlementRepository.ts
settlement_batch_items,settlement_batch_id,2,char,char(36),NO,NO,,NO,NO,,settlement_batch_items_batch_idx,settlement_batch_items_batch_fk,settlement_batches,settlement_batch_id,NO ACTION,NO ACTION,,ascii,ascii_bin,Opaque application identifier (see PCA_RELATIONSHIP_ENFORCEMENT_MATRIX.md for FK/soft-reference classification).,backend/src/billing/settlement/MySqlSettlementRepository.ts,backend/src/billing/settlement/MySqlSettlementRepository.ts
settlement_batch_items,payment_transaction_id,3,char,char(36),NO,NO,,NO,NO,settlement_batch_items_transaction_key,,settlement_batch_items_transaction_fk,billing_payment_transactions,payment_transaction_id,NO ACTION,NO ACTION,,ascii,ascii_bin,Opaque application identifier (see PCA_RELATIONSHIP_ENFORCEMENT_MATRIX.md for FK/soft-reference classification).,backend/src/billing/settlement/MySqlSettlementRepository.ts,backend/src/billing/settlement/MySqlSettlementRepository.ts
settlement_batch_items,amount_minor,4,bigint,bigint,NO,NO,,NO,NO,,,,,,,,,,,"Numeric/boolean operational counter, limit, flag, rate, or version.",backend/src/billing/settlement/MySqlSettlementRepository.ts,backend/src/billing/settlement/MySqlSettlementRepository.ts
settlement_batch_items,currency_code,5,char,char(3),NO,NO,,NO,NO,,settlement_batch_items_currency_fk,settlement_batch_items_currency_fk,billing_currencies,currency_code,NO ACTION,NO ACTION,,ascii,ascii_bin,Closed-vocabulary status/type/category/currency/market column.,backend/src/billing/settlement/MySqlSettlementRepository.ts,backend/src/billing/settlement/MySqlSettlementRepository.ts
settlement_batch_items,created_at,6,datetime,datetime(3),NO,NO,CURRENT_TIMESTAMP(3),NO,NO,,,,,,,,,,,Timestamp.,backend/src/billing/settlement/MySqlSettlementRepository.ts,backend/src/billing/settlement/MySqlSettlementRepository.ts
settlement_batches,settlement_batch_id,1,char,char(36),NO,NO,,NO,YES,,,,,,,,,ascii,ascii_bin,Opaque application identifier (see PCA_RELATIONSHIP_ENFORCEMENT_MATRIX.md for FK/soft-reference classification).,backend/src/billing/settlement/MySqlSettlementRepository.ts,backend/src/billing/settlement/MySqlSettlementRepository.ts
settlement_batches,settlement_account_ref,2,char,char(36),NO,NO,,NO,NO,,settlement_batches_account_ref_idx,settlement_batches_account_fk,settlement_accounts,settlement_account_id,NO ACTION,NO ACTION,,ascii,ascii_bin,Opaque application identifier (see PCA_RELATIONSHIP_ENFORCEMENT_MATRIX.md for FK/soft-reference classification).,backend/src/billing/settlement/MySqlSettlementRepository.ts,backend/src/billing/settlement/MySqlSettlementRepository.ts
settlement_batches,settlement_currency,3,char,char(3),NO,NO,,NO,NO,,settlement_batches_currency_fk,settlement_batches_currency_fk,billing_currencies,currency_code,NO ACTION,NO ACTION,,ascii,ascii_bin,Closed-vocabulary status/type/category/currency/market column.,backend/src/billing/settlement/MySqlSettlementRepository.ts,backend/src/billing/settlement/MySqlSettlementRepository.ts
settlement_batches,period_start,4,datetime,datetime(3),NO,NO,,NO,NO,,settlement_batches_period_idx,,,,,,,,,Timestamp.,backend/src/billing/settlement/MySqlSettlementRepository.ts,backend/src/billing/settlement/MySqlSettlementRepository.ts
settlement_batches,period_end,5,datetime,datetime(3),NO,NO,,NO,NO,,settlement_batches_period_idx,,,,,,,,,Timestamp.,backend/src/billing/settlement/MySqlSettlementRepository.ts,backend/src/billing/settlement/MySqlSettlementRepository.ts
settlement_batches,expected_gross_minor,6,bigint,bigint,NO,NO,,NO,NO,,,,,,,,,,,"Numeric/boolean operational counter, limit, flag, rate, or version.",backend/src/billing/settlement/MySqlSettlementRepository.ts,backend/src/billing/settlement/MySqlSettlementRepository.ts
settlement_batches,fees_minor,7,bigint,bigint,NO,NO,,NO,NO,,,,,,,,,,,"Numeric/boolean operational counter, limit, flag, rate, or version.",backend/src/billing/settlement/MySqlSettlementRepository.ts,backend/src/billing/settlement/MySqlSettlementRepository.ts
settlement_batches,net_minor,8,bigint,bigint,NO,NO,,NO,NO,,,,,,,,,,,"Numeric/boolean operational counter, limit, flag, rate, or version.",backend/src/billing/settlement/MySqlSettlementRepository.ts,backend/src/billing/settlement/MySqlSettlementRepository.ts
settlement_batches,received_minor,9,bigint,bigint,NO,NO,,NO,NO,,,,,,,,,,,"Numeric/boolean operational counter, limit, flag, rate, or version.",backend/src/billing/settlement/MySqlSettlementRepository.ts,backend/src/billing/settlement/MySqlSettlementRepository.ts
settlement_batches,difference_minor,10,bigint,bigint,NO,NO,,NO,NO,,,,,,,,,,,"Numeric/boolean operational counter, limit, flag, rate, or version.",backend/src/billing/settlement/MySqlSettlementRepository.ts,backend/src/billing/settlement/MySqlSettlementRepository.ts
settlement_batches,status,11,varchar,varchar(24),NO,NO,,NO,NO,,settlement_batches_status_idx,,,,,,,utf8mb4,utf8mb4_bin,Closed-vocabulary status/type/category/currency/market column.,backend/src/billing/settlement/MySqlSettlementRepository.ts,backend/src/billing/settlement/MySqlSettlementRepository.ts
settlement_batches,provider_ref,12,varchar,varchar(128),NO,NO,,NO,NO,,,,,,,,,utf8mb4,utf8mb4_bin,Opaque application identifier (see PCA_RELATIONSHIP_ENFORCEMENT_MATRIX.md for FK/soft-reference classification).,backend/src/billing/settlement/MySqlSettlementRepository.ts,backend/src/billing/settlement/MySqlSettlementRepository.ts
settlement_batches,resolution_reason,13,varchar,varchar(500),NO,YES,,NO,NO,,,,,,,,,utf8mb4,utf8mb4_bin,"Admin-authored free-text business-process justification (always paired with a *_by_admin_id column) — never child/family personal content, but genuinely free-text; see PCA_CANONICAL_SCHEMA_REPORT.md caveat.",backend/src/billing/settlement/MySqlSettlementRepository.ts,backend/src/billing/settlement/MySqlSettlementRepository.ts
settlement_batches,resolved_by_admin_id,14,char,char(36),NO,YES,,NO,NO,,settlement_batches_resolved_by_fk,settlement_batches_resolved_by_fk,platform_admin_accounts,admin_id,NO ACTION,NO ACTION,,ascii,ascii_bin,Opaque application identifier (see PCA_RELATIONSHIP_ENFORCEMENT_MATRIX.md for FK/soft-reference classification).,backend/src/billing/settlement/MySqlSettlementRepository.ts,backend/src/billing/settlement/MySqlSettlementRepository.ts
settlement_batches,resolved_at,15,datetime,datetime(3),NO,YES,,NO,NO,,,,,,,,,,,Timestamp.,backend/src/billing/settlement/MySqlSettlementRepository.ts,backend/src/billing/settlement/MySqlSettlementRepository.ts
settlement_batches,created_by_admin_id,16,char,char(36),NO,NO,,NO,NO,,settlement_batches_created_by_fk,settlement_batches_created_by_fk,platform_admin_accounts,admin_id,NO ACTION,NO ACTION,,ascii,ascii_bin,Opaque application identifier (see PCA_RELATIONSHIP_ENFORCEMENT_MATRIX.md for FK/soft-reference classification).,backend/src/billing/settlement/MySqlSettlementRepository.ts,backend/src/billing/settlement/MySqlSettlementRepository.ts
settlement_batches,created_at,17,datetime,datetime(3),NO,NO,CURRENT_TIMESTAMP(3),NO,NO,,,,,,,,,,,Timestamp.,backend/src/billing/settlement/MySqlSettlementRepository.ts,backend/src/billing/settlement/MySqlSettlementRepository.ts
settlement_batches,updated_at,18,datetime,datetime(3),NO,NO,CURRENT_TIMESTAMP(3),NO,NO,,,,,,,,,,,Timestamp.,backend/src/billing/settlement/MySqlSettlementRepository.ts,backend/src/billing/settlement/MySqlSettlementRepository.ts
settlement_batches,usd_normalized_rate,19,decimal,"decimal(24,10)",NO,YES,,NO,NO,,,,,,,,,,,"Numeric/boolean operational counter, limit, flag, rate, or version.",backend/src/billing/settlement/MySqlSettlementRepository.ts,backend/src/billing/settlement/MySqlSettlementRepository.ts
settlement_batches,usd_normalized_recorded_at,20,datetime,datetime(3),NO,YES,,NO,NO,,,,,,,,,,,Timestamp.,backend/src/billing/settlement/MySqlSettlementRepository.ts,backend/src/billing/settlement/MySqlSettlementRepository.ts
settlement_batches,usd_normalized_by_admin_id,21,char,char(36),NO,YES,,NO,NO,,settlement_batches_usd_norm_by_fk,settlement_batches_usd_norm_by_fk,platform_admin_accounts,admin_id,NO ACTION,NO ACTION,,ascii,ascii_bin,Opaque application identifier (see PCA_RELATIONSHIP_ENFORCEMENT_MATRIX.md for FK/soft-reference classification).,backend/src/billing/settlement/MySqlSettlementRepository.ts,backend/src/billing/settlement/MySqlSettlementRepository.ts
settlement_fx_snapshots,settlement_fx_snapshot_id,1,char,char(36),NO,NO,,NO,YES,,,,,,,,,ascii,ascii_bin,Opaque application identifier (see PCA_RELATIONSHIP_ENFORCEMENT_MATRIX.md for FK/soft-reference classification).,backend/src/billing/settlement/MySqlSettlementRepository.ts,backend/src/billing/settlement/MySqlSettlementRepository.ts
settlement_fx_snapshots,settlement_batch_item_id,2,char,char(36),NO,NO,,NO,NO,settlement_fx_snapshots_item_key,,settlement_fx_snapshots_item_fk,settlement_batch_items,settlement_batch_item_id,NO ACTION,NO ACTION,,ascii,ascii_bin,Opaque application identifier (see PCA_RELATIONSHIP_ENFORCEMENT_MATRIX.md for FK/soft-reference classification).,backend/src/billing/settlement/MySqlSettlementRepository.ts,backend/src/billing/settlement/MySqlSettlementRepository.ts
settlement_fx_snapshots,source_currency,3,char,char(3),NO,NO,,NO,NO,,settlement_fx_snapshots_source_currency_fk,settlement_fx_snapshots_source_currency_fk,billing_currencies,currency_code,NO ACTION,NO ACTION,,ascii,ascii_bin,Closed-vocabulary status/type/category/currency/market column.,backend/src/billing/settlement/MySqlSettlementRepository.ts,backend/src/billing/settlement/MySqlSettlementRepository.ts
settlement_fx_snapshots,settlement_currency,4,char,char(3),NO,NO,,NO,NO,,settlement_fx_snapshots_settlement_currency_fk,settlement_fx_snapshots_settlement_currency_fk,billing_currencies,currency_code,NO ACTION,NO ACTION,,ascii,ascii_bin,Closed-vocabulary status/type/category/currency/market column.,backend/src/billing/settlement/MySqlSettlementRepository.ts,backend/src/billing/settlement/MySqlSettlementRepository.ts
settlement_fx_snapshots,recorded_rate,5,decimal,"decimal(24,10)",NO,NO,,NO,NO,,,,,,,,,,,"Numeric/boolean operational counter, limit, flag, rate, or version.",backend/src/billing/settlement/MySqlSettlementRepository.ts,backend/src/billing/settlement/MySqlSettlementRepository.ts
settlement_fx_snapshots,effective_timestamp,6,datetime,datetime(3),NO,NO,,NO,NO,,,,,,,,,,,Timestamp.,backend/src/billing/settlement/MySqlSettlementRepository.ts,backend/src/billing/settlement/MySqlSettlementRepository.ts
settlement_fx_snapshots,provider_ref,7,varchar,varchar(128),NO,NO,,NO,NO,,,,,,,,,utf8mb4,utf8mb4_bin,Opaque application identifier (see PCA_RELATIONSHIP_ENFORCEMENT_MATRIX.md for FK/soft-reference classification).,backend/src/billing/settlement/MySqlSettlementRepository.ts,backend/src/billing/settlement/MySqlSettlementRepository.ts
settlement_fx_snapshots,created_at,8,datetime,datetime(3),NO,NO,CURRENT_TIMESTAMP(3),NO,NO,,,,,,,,,,,Timestamp.,backend/src/billing/settlement/MySqlSettlementRepository.ts,backend/src/billing/settlement/MySqlSettlementRepository.ts
sync_sequence_progress_ledger,family_id,1,varchar,varchar(128),NO,NO,,NO,YES,,,,,,,,YES -> families.family_id (Soft (unenforced) family_id reference -- schema-wide convention. families.family_id is CHAR(36) ascii_bin; every other table's family_id is VARCHAR(128) utf8mb4_bin. Membership existence is checked at the application layer (AuthzService.requiresFamilyScope).),utf8mb4,utf8mb4_bin,Opaque application identifier (see PCA_RELATIONSHIP_ENFORCEMENT_MATRIX.md for FK/soft-reference classification).,backend/src/familysync/MySqlSequenceProgressLedger.ts,backend/src/familysync/MySqlSequenceProgressLedger.ts
sync_sequence_progress_ledger,sender_key_id,2,varchar,varchar(128),NO,NO,,NO,YES,,,,,,,,,utf8mb4,utf8mb4_bin,Opaque application identifier (see PCA_RELATIONSHIP_ENFORCEMENT_MATRIX.md for FK/soft-reference classification).,backend/src/familysync/MySqlSequenceProgressLedger.ts,backend/src/familysync/MySqlSequenceProgressLedger.ts
sync_sequence_progress_ledger,last_applied_sequence,3,bigint,bigint unsigned,YES,NO,,NO,NO,,,,,,,,,,,"Numeric/boolean operational counter, limit, flag, rate, or version.",backend/src/familysync/MySqlSequenceProgressLedger.ts,backend/src/familysync/MySqlSequenceProgressLedger.ts
sync_sequence_progress_ledger,updated_at,4,datetime,datetime(3),NO,NO,,NO,NO,,,,,,,,,,,Timestamp.,backend/src/familysync/MySqlSequenceProgressLedger.ts,backend/src/familysync/MySqlSequenceProgressLedger.ts
