OBJECT_TYPE,OBJECT_NAME,SOURCE_PATH,SOURCE_LINE_OR_MIGRATION,CURRENT_USE,RUNTIME_WRITER,RUNTIME_READER,OWNER_MODULE,V1_REQUIRED,NOTES
TABLE,account_entitlements,backend/migrations/0006_platform_entitlements_enrollment_limits.sql,0006_platform_entitlements_enrollment_limits.sql,ACTIVE,backend/src/entitlements/complimentary/EffectiveEntitlementCapacity.ts;backend/src/entitlements/EntitlementRepository.ts;backend/src/entitlements/MySqlEntitlementRepository.ts,backend/src/entitlements/complimentary/EffectiveEntitlementCapacity.ts;backend/src/entitlements/EntitlementRepository.ts;backend/src/entitlements/MySqlEntitlementRepository.ts;backend/src/entitlements/slots/MySqlSlotReservationRepository.ts;backend/src/platformadmin/readmodels/AccountsReadModel.ts;backend/src/platformadmin/readmodels/DashboardReadModel.ts,backend/src/entitlements,YES,
APPLICATION_ENFORCED_RELATION,account_entitlements.family_id,backend/migrations/0006_platform_entitlements_enrollment_limits.sql,0006_platform_entitlements_enrollment_limits.sql,ACTIVE,,,backend/src/entitlements,YES,-> families.family_id: Soft (unenforced) family_id reference -- schema-wide convention. families.family_id is CHAR(36) ascii_bin; every other table's family_id is VARCHAR(128) utf8mb4_bin. Membership existence is checked at the application layer (AuthzService.requiresFamilyScope). (source: backend/migrations/0036_family_child_memberships.sql:44-54; backend/migrations/0027_family_member_invitations.sql:17-25; backend/migrations/0013_parent_account_identity.sql)
APPLICATION_ENFORCED_RELATION,account_entitlements.plan_ref,backend/migrations/0006_platform_entitlements_enrollment_limits.sql,0006_platform_entitlements_enrollment_limits.sql,ACTIVE,,,backend/src/entitlements,YES,"-> billing_plans.plan_id: Bounded enum-like plan code (e.g. FREE_STARTER), not billing_plans' opaque row id -- type-incompatible by design, same plane-isolation convention. (source: backend/migrations/0006_platform_entitlements_enrollment_limits.sql)"
TABLE,billing_commercial_markets,backend/migrations/0007_billing_core.sql,0007_billing_core.sql,NO_RUNTIME_CODE_FOUND,,,backend/src/billing,YES,No backend/src/**/*.ts reader or writer found for this table -- created by migration but not (yet) wired to application code. See PCA_CANONICAL_SCHEMA_REPORT.md.
INDEX,billing_commercial_markets.billing_commercial_markets_currency_fk,backend/migrations/0007_billing_core.sql,0007_billing_core.sql,ACTIVE,,,backend/src/billing,YES,columns: default_currency_code
FOREIGN_KEY,billing_commercial_markets.billing_commercial_markets_currency_fk,backend/migrations/0007_billing_core.sql,0007_billing_core.sql,ACTIVE,,,backend/src/billing,YES,billing_commercial_markets.(default_currency_code) -> billing_currencies.(currency_code) ON DELETE NO ACTION ON UPDATE NO ACTION
TABLE,billing_country_market_rules,backend/migrations/0007_billing_core.sql,0007_billing_core.sql,ACTIVE,backend/src/billing/market.ts,backend/src/billing/market.ts,backend/src/billing,YES,
INDEX,billing_country_market_rules.billing_country_market_rules_market_fk,backend/migrations/0007_billing_core.sql,0007_billing_core.sql,ACTIVE,,,backend/src/billing,YES,columns: commercial_market
FOREIGN_KEY,billing_country_market_rules.billing_country_market_rules_market_fk,backend/migrations/0007_billing_core.sql,0007_billing_core.sql,ACTIVE,,,backend/src/billing,YES,billing_country_market_rules.(commercial_market) -> billing_commercial_markets.(commercial_market) ON DELETE NO ACTION ON UPDATE NO ACTION
TABLE,billing_currencies,backend/migrations/0007_billing_core.sql,0007_billing_core.sql,NO_RUNTIME_CODE_FOUND,,,backend/src/billing,YES,No backend/src/**/*.ts reader or writer found for this table -- created by migration but not (yet) wired to application code. See PCA_CANONICAL_SCHEMA_REPORT.md.
TABLE,billing_disputes,backend/migrations/0007_billing_core.sql,0007_billing_core.sql,ACTIVE,backend/src/billing/dispute.ts;backend/src/platformadmin/readmodels/BillingReadModel.ts,backend/src/billing/dispute.ts;backend/src/platformadmin/readmodels/BillingReadModel.ts;backend/src/platformadmin/readmodels/DashboardReadModel.ts,backend/src/platformadmin,YES,
INDEX,billing_disputes.billing_disputes_transaction_idx,backend/migrations/0007_billing_core.sql,0007_billing_core.sql,ACTIVE,,,backend/src/platformadmin,YES,columns: payment_transaction_id
FOREIGN_KEY,billing_disputes.billing_disputes_transaction_fk,backend/migrations/0007_billing_core.sql,0007_billing_core.sql,ACTIVE,,,backend/src/platformadmin,YES,billing_disputes.(payment_transaction_id) -> billing_payment_transactions.(payment_transaction_id) ON DELETE NO ACTION ON UPDATE NO ACTION
TABLE,billing_invoice_lines,backend/migrations/0007_billing_core.sql,0007_billing_core.sql,ACTIVE,backend/src/billing/invoice.ts,backend/src/familycommercial/FamilyInvoiceReadRepository.ts,backend/src/billing,YES,
INDEX,billing_invoice_lines.billing_invoice_lines_currency_fk,backend/migrations/0007_billing_core.sql,0007_billing_core.sql,ACTIVE,,,backend/src/billing,YES,columns: currency_code
INDEX,billing_invoice_lines.billing_invoice_lines_invoice_id_idx,backend/migrations/0007_billing_core.sql,0007_billing_core.sql,ACTIVE,,,backend/src/billing,YES,columns: invoice_id
INDEX,billing_invoice_lines.billing_invoice_lines_plan_fk,backend/migrations/0007_billing_core.sql,0007_billing_core.sql,ACTIVE,,,backend/src/billing,YES,columns: plan_id
INDEX,billing_invoice_lines.billing_invoice_lines_price_book_fk,backend/migrations/0007_billing_core.sql,0007_billing_core.sql,ACTIVE,,,backend/src/billing,YES,columns: price_book_id
FOREIGN_KEY,billing_invoice_lines.billing_invoice_lines_currency_fk,backend/migrations/0007_billing_core.sql,0007_billing_core.sql,ACTIVE,,,backend/src/billing,YES,billing_invoice_lines.(currency_code) -> billing_currencies.(currency_code) ON DELETE NO ACTION ON UPDATE NO ACTION
FOREIGN_KEY,billing_invoice_lines.billing_invoice_lines_invoice_fk,backend/migrations/0007_billing_core.sql,0007_billing_core.sql,ACTIVE,,,backend/src/billing,YES,billing_invoice_lines.(invoice_id) -> billing_invoices.(invoice_id) ON DELETE NO ACTION ON UPDATE NO ACTION
FOREIGN_KEY,billing_invoice_lines.billing_invoice_lines_plan_fk,backend/migrations/0007_billing_core.sql,0007_billing_core.sql,ACTIVE,,,backend/src/billing,YES,billing_invoice_lines.(plan_id) -> billing_plans.(plan_id) ON DELETE NO ACTION ON UPDATE NO ACTION
FOREIGN_KEY,billing_invoice_lines.billing_invoice_lines_price_book_fk,backend/migrations/0007_billing_core.sql,0007_billing_core.sql,ACTIVE,,,backend/src/billing,YES,billing_invoice_lines.(price_book_id) -> billing_price_books.(price_book_id) ON DELETE NO ACTION ON UPDATE NO ACTION
TABLE,billing_invoices,backend/migrations/0007_billing_core.sql,0007_billing_core.sql,ACTIVE,backend/src/billing/invoice.ts,backend/src/billing/invoice.ts;backend/src/familycommercial/FamilyInvoiceReadRepository.ts;backend/src/platformadmin/readmodels/BillingReadModel.ts;backend/src/platformadmin/readmodels/DashboardReadModel.ts,backend/src/platformadmin,YES,
INDEX,billing_invoices.billing_invoices_account_ref_idx,backend/migrations/0007_billing_core.sql,0007_billing_core.sql,ACTIVE,,,backend/src/platformadmin,YES,columns: account_ref
INDEX,billing_invoices.billing_invoices_currency_fk,backend/migrations/0007_billing_core.sql,0007_billing_core.sql,ACTIVE,,,backend/src/platformadmin,YES,columns: currency_code
INDEX,billing_invoices.billing_invoices_subscription_fk,backend/migrations/0007_billing_core.sql,0007_billing_core.sql,ACTIVE,,,backend/src/platformadmin,YES,columns: subscription_id
FOREIGN_KEY,billing_invoices.billing_invoices_currency_fk,backend/migrations/0007_billing_core.sql,0007_billing_core.sql,ACTIVE,,,backend/src/platformadmin,YES,billing_invoices.(currency_code) -> billing_currencies.(currency_code) ON DELETE NO ACTION ON UPDATE NO ACTION
FOREIGN_KEY,billing_invoices.billing_invoices_subscription_fk,backend/migrations/0007_billing_core.sql,0007_billing_core.sql,ACTIVE,,,backend/src/platformadmin,YES,billing_invoices.(subscription_id) -> billing_subscriptions.(subscription_id) ON DELETE NO ACTION ON UPDATE NO ACTION
APPLICATION_ENFORCED_RELATION,billing_invoices.account_ref,backend/migrations/0007_billing_core.sql,0007_billing_core.sql,ACTIVE,,,backend/src/platformadmin,YES,-> parent_accounts.account_id: Billing/commercial plane isolation from the family plane. (source: backend/test/billing/schemaPrivacy.test.mjs; backend/test/db/billingCoreSchemaPrivacy.mysql.test.mjs)
TABLE,billing_payment_attempts,backend/migrations/0007_billing_core.sql,0007_billing_core.sql,ACTIVE,backend/src/billing/payment.ts,backend/src/billing/payment.ts;backend/src/billing/shared/paymentAttemptLookup.ts;backend/src/platformadmin/readmodels/BillingReadModel.ts;backend/src/platformadmin/readmodels/DashboardReadModel.ts,backend/src/billing,YES,
INDEX,billing_payment_attempts.billing_payment_attempts_account_ref_idx,backend/migrations/0007_billing_core.sql,0007_billing_core.sql,ACTIVE,,,backend/src/billing,YES,columns: account_ref
INDEX,billing_payment_attempts.billing_payment_attempts_currency_fk,backend/migrations/0007_billing_core.sql,0007_billing_core.sql,ACTIVE,,,backend/src/billing,YES,columns: currency_code
INDEX,billing_payment_attempts.billing_payment_attempts_increase_request_ref_idx,backend/migrations/0007_billing_core.sql,0007_billing_core.sql,ACTIVE,,,backend/src/billing,YES,columns: increase_request_ref
INDEX,billing_payment_attempts.billing_payment_attempts_invoice_id_idx,backend/migrations/0007_billing_core.sql,0007_billing_core.sql,ACTIVE,,,backend/src/billing,YES,columns: invoice_id
INDEX,billing_payment_attempts.billing_payment_attempts_payment_method_fk,backend/migrations/0007_billing_core.sql,0007_billing_core.sql,ACTIVE,,,backend/src/billing,YES,columns: payment_method_id
INDEX,billing_payment_attempts.billing_payment_attempts_price_book_fk,backend/migrations/0007_billing_core.sql,0007_billing_core.sql,ACTIVE,,,backend/src/billing,YES,columns: price_book_id
INDEX,billing_payment_attempts.billing_payment_attempts_quote_fk,backend/migrations/0007_billing_core.sql,0007_billing_core.sql,ACTIVE,,,backend/src/billing,YES,columns: quote_id
FOREIGN_KEY,billing_payment_attempts.billing_payment_attempts_currency_fk,backend/migrations/0007_billing_core.sql,0007_billing_core.sql,ACTIVE,,,backend/src/billing,YES,billing_payment_attempts.(currency_code) -> billing_currencies.(currency_code) ON DELETE NO ACTION ON UPDATE NO ACTION
FOREIGN_KEY,billing_payment_attempts.billing_payment_attempts_invoice_fk,backend/migrations/0007_billing_core.sql,0007_billing_core.sql,ACTIVE,,,backend/src/billing,YES,billing_payment_attempts.(invoice_id) -> billing_invoices.(invoice_id) ON DELETE NO ACTION ON UPDATE NO ACTION
FOREIGN_KEY,billing_payment_attempts.billing_payment_attempts_payment_method_fk,backend/migrations/0007_billing_core.sql,0007_billing_core.sql,ACTIVE,,,backend/src/billing,YES,billing_payment_attempts.(payment_method_id) -> billing_payment_methods.(payment_method_id) ON DELETE NO ACTION ON UPDATE NO ACTION
FOREIGN_KEY,billing_payment_attempts.billing_payment_attempts_price_book_fk,backend/migrations/0007_billing_core.sql,0007_billing_core.sql,ACTIVE,,,backend/src/billing,YES,billing_payment_attempts.(price_book_id) -> billing_price_books.(price_book_id) ON DELETE NO ACTION ON UPDATE NO ACTION
FOREIGN_KEY,billing_payment_attempts.billing_payment_attempts_quote_fk,backend/migrations/0007_billing_core.sql,0007_billing_core.sql,ACTIVE,,,backend/src/billing,YES,billing_payment_attempts.(quote_id) -> billing_quotes.(quote_id) ON DELETE NO ACTION ON UPDATE NO ACTION
APPLICATION_ENFORCED_RELATION,billing_payment_attempts.account_ref,backend/migrations/0007_billing_core.sql,0007_billing_core.sql,ACTIVE,,,backend/src/billing,YES,-> parent_accounts.account_id: Billing/commercial plane isolation from the family plane. (source: backend/test/billing/schemaPrivacy.test.mjs)
APPLICATION_ENFORCED_RELATION,billing_payment_attempts.increase_request_ref,backend/migrations/0007_billing_core.sql,0007_billing_core.sql,ACTIVE,,,backend/src/billing,YES,-> entitlement_change_requests.request_id: Opaque identifier of the entitlement increase-request this payment corresponds to; no FK. (source: backend/src/billing/entitlementContract.ts:21)
TABLE,billing_payment_methods,backend/migrations/0007_billing_core.sql,0007_billing_core.sql,ACTIVE,backend/src/billing/paymentMethod.ts,backend/src/billing/paymentMethod.ts,backend/src/billing,YES,
INDEX,billing_payment_methods.billing_payment_methods_account_ref_idx,backend/migrations/0007_billing_core.sql,0007_billing_core.sql,ACTIVE,,,backend/src/billing,YES,columns: account_ref
APPLICATION_ENFORCED_RELATION,billing_payment_methods.account_ref,backend/migrations/0007_billing_core.sql,0007_billing_core.sql,ACTIVE,,,backend/src/billing,YES,-> parent_accounts.account_id: Billing/commercial plane isolation from the family plane. (source: backend/test/billing/schemaPrivacy.test.mjs)
TABLE,billing_payment_transactions,backend/migrations/0007_billing_core.sql,0007_billing_core.sql,ACTIVE,backend/src/billing/payment.ts;backend/src/billing/refundOrchestration/RefundOrchestrationService.ts,backend/src/billing/payment.ts;backend/src/billing/refundOrchestration/RefundOrchestrationService.ts;backend/src/platformadmin/readmodels/BillingReadModel.ts,backend/src/billing,YES,
INDEX,billing_payment_transactions.billing_payment_transactions_account_ref_idx,backend/migrations/0007_billing_core.sql,0007_billing_core.sql,ACTIVE,,,backend/src/billing,YES,columns: account_ref
UNIQUE_CONSTRAINT,billing_payment_transactions.billing_payment_transactions_attempt_key,backend/migrations/0007_billing_core.sql,0007_billing_core.sql,ACTIVE,,,backend/src/billing,YES,columns: payment_attempt_id
INDEX,billing_payment_transactions.billing_payment_transactions_currency_fk,backend/migrations/0007_billing_core.sql,0007_billing_core.sql,ACTIVE,,,backend/src/billing,YES,columns: currency_code
INDEX,billing_payment_transactions.billing_payment_transactions_invoice_fk,backend/migrations/0007_billing_core.sql,0007_billing_core.sql,ACTIVE,,,backend/src/billing,YES,columns: invoice_id
INDEX,billing_payment_transactions.billing_payment_transactions_price_book_fk,backend/migrations/0007_billing_core.sql,0007_billing_core.sql,ACTIVE,,,backend/src/billing,YES,columns: price_book_id
INDEX,billing_payment_transactions.billing_payment_transactions_quote_fk,backend/migrations/0007_billing_core.sql,0007_billing_core.sql,ACTIVE,,,backend/src/billing,YES,columns: quote_id
FOREIGN_KEY,billing_payment_transactions.billing_payment_transactions_attempt_fk,backend/migrations/0007_billing_core.sql,0007_billing_core.sql,ACTIVE,,,backend/src/billing,YES,billing_payment_transactions.(payment_attempt_id) -> billing_payment_attempts.(payment_attempt_id) ON DELETE NO ACTION ON UPDATE NO ACTION
FOREIGN_KEY,billing_payment_transactions.billing_payment_transactions_currency_fk,backend/migrations/0007_billing_core.sql,0007_billing_core.sql,ACTIVE,,,backend/src/billing,YES,billing_payment_transactions.(currency_code) -> billing_currencies.(currency_code) ON DELETE NO ACTION ON UPDATE NO ACTION
FOREIGN_KEY,billing_payment_transactions.billing_payment_transactions_invoice_fk,backend/migrations/0007_billing_core.sql,0007_billing_core.sql,ACTIVE,,,backend/src/billing,YES,billing_payment_transactions.(invoice_id) -> billing_invoices.(invoice_id) ON DELETE NO ACTION ON UPDATE NO ACTION
FOREIGN_KEY,billing_payment_transactions.billing_payment_transactions_price_book_fk,backend/migrations/0007_billing_core.sql,0007_billing_core.sql,ACTIVE,,,backend/src/billing,YES,billing_payment_transactions.(price_book_id) -> billing_price_books.(price_book_id) ON DELETE NO ACTION ON UPDATE NO ACTION
FOREIGN_KEY,billing_payment_transactions.billing_payment_transactions_quote_fk,backend/migrations/0007_billing_core.sql,0007_billing_core.sql,ACTIVE,,,backend/src/billing,YES,billing_payment_transactions.(quote_id) -> billing_quotes.(quote_id) ON DELETE NO ACTION ON UPDATE NO ACTION
TABLE,billing_plans,backend/migrations/0007_billing_core.sql,0007_billing_core.sql,ACTIVE,backend/src/billing/plan.ts,backend/src/billing/plan.ts;backend/src/platformadmin/readmodels/BillingReadModel.ts;backend/src/platformadmin/readmodels/DashboardReadModel.ts,backend/src/platformadmin,YES,
UNIQUE_CONSTRAINT,billing_plans.billing_plans_code_version,backend/migrations/0007_billing_core.sql,0007_billing_core.sql,ACTIVE,,,backend/src/platformadmin,YES,"columns: plan_code,plan_version"
INDEX,billing_plans.billing_plans_price_book_fk,backend/migrations/0007_billing_core.sql,0007_billing_core.sql,ACTIVE,,,backend/src/platformadmin,YES,columns: price_book_id
FOREIGN_KEY,billing_plans.billing_plans_price_book_fk,backend/migrations/0007_billing_core.sql,0007_billing_core.sql,ACTIVE,,,backend/src/platformadmin,YES,billing_plans.(price_book_id) -> billing_price_books.(price_book_id) ON DELETE NO ACTION ON UPDATE NO ACTION
TABLE,billing_price_books,backend/migrations/0007_billing_core.sql,0007_billing_core.sql,ACTIVE,backend/src/billing/priceBook.ts;backend/src/entitlements/types.ts,backend/src/billing/priceBook.ts,backend/src/entitlements,YES,
INDEX,billing_price_books.billing_price_books_admin_fk,backend/migrations/0007_billing_core.sql,0007_billing_core.sql,ACTIVE,,,backend/src/entitlements,YES,columns: created_by_admin_id
INDEX,billing_price_books.billing_price_books_currency_fk,backend/migrations/0007_billing_core.sql,0007_billing_core.sql,ACTIVE,,,backend/src/entitlements,YES,columns: currency_code
UNIQUE_CONSTRAINT,billing_price_books.billing_price_books_key_version,backend/migrations/0007_billing_core.sql,0007_billing_core.sql,ACTIVE,,,backend/src/entitlements,YES,"columns: commercial_market,currency_code,target_device_limit,price_book_version"
INDEX,billing_price_books.billing_price_books_lookup_idx,backend/migrations/0007_billing_core.sql,0007_billing_core.sql,ACTIVE,,,backend/src/entitlements,YES,"columns: commercial_market,currency_code,target_device_limit,effective_from"
UNIQUE_CONSTRAINT,billing_price_books.billing_price_books_open_active_key,backend/migrations/0007_billing_core.sql,0007_billing_core.sql,ACTIVE,,,backend/src/entitlements,YES,columns: open_active_key
FOREIGN_KEY,billing_price_books.billing_price_books_admin_fk,backend/migrations/0007_billing_core.sql,0007_billing_core.sql,ACTIVE,,,backend/src/entitlements,YES,billing_price_books.(created_by_admin_id) -> platform_admin_accounts.(admin_id) ON DELETE NO ACTION ON UPDATE NO ACTION
FOREIGN_KEY,billing_price_books.billing_price_books_currency_fk,backend/migrations/0007_billing_core.sql,0007_billing_core.sql,ACTIVE,,,backend/src/entitlements,YES,billing_price_books.(currency_code) -> billing_currencies.(currency_code) ON DELETE NO ACTION ON UPDATE NO ACTION
FOREIGN_KEY,billing_price_books.billing_price_books_market_fk,backend/migrations/0007_billing_core.sql,0007_billing_core.sql,ACTIVE,,,backend/src/entitlements,YES,billing_price_books.(commercial_market) -> billing_commercial_markets.(commercial_market) ON DELETE NO ACTION ON UPDATE NO ACTION
TABLE,billing_provider_events,backend/migrations/0007_billing_core.sql,0007_billing_core.sql,ACTIVE,backend/src/billing/providerEvent.ts,backend/src/billing/providerEvent.ts;backend/src/platformadmin/readmodels/BillingReadModel.ts,backend/src/billing,YES,
UNIQUE_CONSTRAINT,billing_provider_events.billing_provider_events_provider_event_key,backend/migrations/0007_billing_core.sql,0007_billing_core.sql,ACTIVE,,,backend/src/billing,YES,"columns: provider,provider_event_id"
TABLE,billing_quotes,backend/migrations/0007_billing_core.sql,0007_billing_core.sql,ACTIVE,backend/src/billing/quote.ts;backend/src/commercialmaintenance/CommercialMaintenanceRunner.ts,backend/src/billing/quote.ts;backend/src/commercialmaintenance/CommercialMaintenanceRunner.ts;backend/src/platformadmin/readmodels/DashboardReadModel.ts,backend/src/billing,YES,
INDEX,billing_quotes.billing_quotes_admin_fk,backend/migrations/0007_billing_core.sql,0007_billing_core.sql,ACTIVE,,,backend/src/billing,YES,columns: issued_by_admin_id
INDEX,billing_quotes.billing_quotes_currency_fk,backend/migrations/0007_billing_core.sql,0007_billing_core.sql,ACTIVE,,,backend/src/billing,YES,columns: currency_code
INDEX,billing_quotes.billing_quotes_increase_request_ref_idx,backend/migrations/0007_billing_core.sql,0007_billing_core.sql,ACTIVE,,,backend/src/billing,YES,columns: increase_request_ref
INDEX,billing_quotes.billing_quotes_market_fk,backend/migrations/0007_billing_core.sql,0007_billing_core.sql,ACTIVE,,,backend/src/billing,YES,columns: commercial_market
FOREIGN_KEY,billing_quotes.billing_quotes_admin_fk,backend/migrations/0007_billing_core.sql,0007_billing_core.sql,ACTIVE,,,backend/src/billing,YES,billing_quotes.(issued_by_admin_id) -> platform_admin_accounts.(admin_id) ON DELETE NO ACTION ON UPDATE NO ACTION
FOREIGN_KEY,billing_quotes.billing_quotes_currency_fk,backend/migrations/0007_billing_core.sql,0007_billing_core.sql,ACTIVE,,,backend/src/billing,YES,billing_quotes.(currency_code) -> billing_currencies.(currency_code) ON DELETE NO ACTION ON UPDATE NO ACTION
FOREIGN_KEY,billing_quotes.billing_quotes_market_fk,backend/migrations/0007_billing_core.sql,0007_billing_core.sql,ACTIVE,,,backend/src/billing,YES,billing_quotes.(commercial_market) -> billing_commercial_markets.(commercial_market) ON DELETE NO ACTION ON UPDATE NO ACTION
APPLICATION_ENFORCED_RELATION,billing_quotes.increase_request_ref,backend/migrations/0007_billing_core.sql,0007_billing_core.sql,ACTIVE,,,backend/src/billing,YES,-> entitlement_change_requests.request_id: Opaque identifier of the entitlement increase-request; no FK. (source: backend/src/billing/entitlementContract.ts:21)
TABLE,billing_refund_operations,backend/migrations/0008_payment_orchestration.sql,0008_payment_orchestration.sql,ACTIVE,backend/src/billing/refundOrchestration/RefundOrchestrationService.ts,backend/src/billing/refundOrchestration/RefundOrchestrationService.ts,backend/src/billing,YES,
INDEX,billing_refund_operations.billing_refund_operations_admin_fk,backend/migrations/0008_payment_orchestration.sql,0008_payment_orchestration.sql,ACTIVE,,,backend/src/billing,YES,columns: initiated_by_admin_id
INDEX,billing_refund_operations.billing_refund_operations_currency_fk,backend/migrations/0008_payment_orchestration.sql,0008_payment_orchestration.sql,ACTIVE,,,backend/src/billing,YES,columns: currency_code
UNIQUE_CONSTRAINT,billing_refund_operations.billing_refund_operations_idempotency_key,backend/migrations/0008_payment_orchestration.sql,0008_payment_orchestration.sql,ACTIVE,,,backend/src/billing,YES,columns: idempotency_key
INDEX,billing_refund_operations.billing_refund_operations_refund_fk,backend/migrations/0008_payment_orchestration.sql,0008_payment_orchestration.sql,ACTIVE,,,backend/src/billing,YES,columns: refund_id
INDEX,billing_refund_operations.billing_refund_operations_step_up_fk,backend/migrations/0008_payment_orchestration.sql,0008_payment_orchestration.sql,ACTIVE,,,backend/src/billing,YES,columns: step_up_session_id
INDEX,billing_refund_operations.billing_refund_operations_transaction_idx,backend/migrations/0008_payment_orchestration.sql,0008_payment_orchestration.sql,ACTIVE,,,backend/src/billing,YES,columns: payment_transaction_id
FOREIGN_KEY,billing_refund_operations.billing_refund_operations_admin_fk,backend/migrations/0008_payment_orchestration.sql,0008_payment_orchestration.sql,ACTIVE,,,backend/src/billing,YES,billing_refund_operations.(initiated_by_admin_id) -> platform_admin_accounts.(admin_id) ON DELETE NO ACTION ON UPDATE NO ACTION
FOREIGN_KEY,billing_refund_operations.billing_refund_operations_currency_fk,backend/migrations/0008_payment_orchestration.sql,0008_payment_orchestration.sql,ACTIVE,,,backend/src/billing,YES,billing_refund_operations.(currency_code) -> billing_currencies.(currency_code) ON DELETE NO ACTION ON UPDATE NO ACTION
FOREIGN_KEY,billing_refund_operations.billing_refund_operations_refund_fk,backend/migrations/0008_payment_orchestration.sql,0008_payment_orchestration.sql,ACTIVE,,,backend/src/billing,YES,billing_refund_operations.(refund_id) -> billing_refunds.(refund_id) ON DELETE NO ACTION ON UPDATE NO ACTION
FOREIGN_KEY,billing_refund_operations.billing_refund_operations_step_up_fk,backend/migrations/0008_payment_orchestration.sql,0008_payment_orchestration.sql,ACTIVE,,,backend/src/billing,YES,billing_refund_operations.(step_up_session_id) -> platform_admin_step_up_sessions.(step_up_id) ON DELETE NO ACTION ON UPDATE NO ACTION
FOREIGN_KEY,billing_refund_operations.billing_refund_operations_transaction_fk,backend/migrations/0008_payment_orchestration.sql,0008_payment_orchestration.sql,ACTIVE,,,backend/src/billing,YES,billing_refund_operations.(payment_transaction_id) -> billing_payment_transactions.(payment_transaction_id) ON DELETE NO ACTION ON UPDATE NO ACTION
TABLE,billing_refunds,backend/migrations/0007_billing_core.sql,0007_billing_core.sql,ACTIVE,backend/src/billing/refund.ts,backend/src/billing/refund.ts;backend/src/platformadmin/readmodels/BillingReadModel.ts;backend/src/platformadmin/readmodels/DashboardReadModel.ts,backend/src/billing,YES,
INDEX,billing_refunds.billing_refunds_admin_fk,backend/migrations/0007_billing_core.sql,0007_billing_core.sql,ACTIVE,,,backend/src/billing,YES,columns: initiated_by_admin_id
INDEX,billing_refunds.billing_refunds_currency_fk,backend/migrations/0007_billing_core.sql,0007_billing_core.sql,ACTIVE,,,backend/src/billing,YES,columns: currency_code
INDEX,billing_refunds.billing_refunds_step_up_fk,backend/migrations/0007_billing_core.sql,0007_billing_core.sql,ACTIVE,,,backend/src/billing,YES,columns: step_up_session_id
INDEX,billing_refunds.billing_refunds_transaction_idx,backend/migrations/0007_billing_core.sql,0007_billing_core.sql,ACTIVE,,,backend/src/billing,YES,columns: payment_transaction_id
FOREIGN_KEY,billing_refunds.billing_refunds_admin_fk,backend/migrations/0007_billing_core.sql,0007_billing_core.sql,ACTIVE,,,backend/src/billing,YES,billing_refunds.(initiated_by_admin_id) -> platform_admin_accounts.(admin_id) ON DELETE NO ACTION ON UPDATE NO ACTION
FOREIGN_KEY,billing_refunds.billing_refunds_currency_fk,backend/migrations/0007_billing_core.sql,0007_billing_core.sql,ACTIVE,,,backend/src/billing,YES,billing_refunds.(currency_code) -> billing_currencies.(currency_code) ON DELETE NO ACTION ON UPDATE NO ACTION
FOREIGN_KEY,billing_refunds.billing_refunds_step_up_fk,backend/migrations/0007_billing_core.sql,0007_billing_core.sql,ACTIVE,,,backend/src/billing,YES,billing_refunds.(step_up_session_id) -> platform_admin_step_up_sessions.(step_up_id) ON DELETE NO ACTION ON UPDATE NO ACTION
FOREIGN_KEY,billing_refunds.billing_refunds_transaction_fk,backend/migrations/0007_billing_core.sql,0007_billing_core.sql,ACTIVE,,,backend/src/billing,YES,billing_refunds.(payment_transaction_id) -> billing_payment_transactions.(payment_transaction_id) ON DELETE NO ACTION ON UPDATE NO ACTION
TABLE,billing_subscriptions,backend/migrations/0007_billing_core.sql,0007_billing_core.sql,ACTIVE,backend/src/billing/subscription.ts;backend/src/http/routes/familyCommercialRoutes.ts,backend/src/billing/subscription.ts;backend/src/commercialmaintenance/CommercialMaintenanceRunner.ts;backend/src/platformadmin/readmodels/AccountsReadModel.ts;backend/src/platformadmin/readmodels/BillingReadModel.ts;backend/src/platformadmin/readmodels/DashboardReadModel.ts,backend/src/http,YES,
INDEX,billing_subscriptions.billing_subscriptions_account_ref_idx,backend/migrations/0007_billing_core.sql,0007_billing_core.sql,ACTIVE,,,backend/src/http,YES,columns: account_ref
UNIQUE_CONSTRAINT,billing_subscriptions.billing_subscriptions_active_account_key,backend/migrations/0007_billing_core.sql,0007_billing_core.sql,ACTIVE,,,backend/src/http,YES,columns: active_account_key
INDEX,billing_subscriptions.billing_subscriptions_payment_method_fk,backend/migrations/0007_billing_core.sql,0007_billing_core.sql,ACTIVE,,,backend/src/http,YES,columns: payment_method_id
INDEX,billing_subscriptions.billing_subscriptions_plan_fk,backend/migrations/0007_billing_core.sql,0007_billing_core.sql,ACTIVE,,,backend/src/http,YES,columns: plan_id
FOREIGN_KEY,billing_subscriptions.billing_subscriptions_payment_method_fk,backend/migrations/0007_billing_core.sql,0007_billing_core.sql,ACTIVE,,,backend/src/http,YES,billing_subscriptions.(payment_method_id) -> billing_payment_methods.(payment_method_id) ON DELETE NO ACTION ON UPDATE NO ACTION
FOREIGN_KEY,billing_subscriptions.billing_subscriptions_plan_fk,backend/migrations/0007_billing_core.sql,0007_billing_core.sql,ACTIVE,,,backend/src/http,YES,billing_subscriptions.(plan_id) -> billing_plans.(plan_id) ON DELETE NO ACTION ON UPDATE NO ACTION
APPLICATION_ENFORCED_RELATION,billing_subscriptions.account_ref,backend/migrations/0007_billing_core.sql,0007_billing_core.sql,ACTIVE,,,backend/src/http,YES,-> parent_accounts.account_id: Billing/commercial plane isolation from the family plane. (source: backend/test/billing/schemaPrivacy.test.mjs)
TABLE,commercial_notifications,backend/migrations/0012_commercial_notifications.sql,0012_commercial_notifications.sql,ACTIVE,backend/src/commercialnotifications/CommercialNotificationRepository.ts,backend/src/commercialmaintenance/CommercialMaintenanceRunner.ts;backend/src/commercialnotifications/CommercialNotificationRepository.ts,backend/src/commercialmaintenance,YES,
INDEX,commercial_notifications.commercial_notifications_account_created_idx,backend/migrations/0012_commercial_notifications.sql,0012_commercial_notifications.sql,ACTIVE,,,backend/src/commercialmaintenance,YES,"columns: account_ref,created_at"
INDEX,commercial_notifications.commercial_notifications_account_unread_idx,backend/migrations/0012_commercial_notifications.sql,0012_commercial_notifications.sql,ACTIVE,,,backend/src/commercialmaintenance,YES,"columns: account_ref,read_at"
UNIQUE_CONSTRAINT,commercial_notifications.commercial_notifications_dedupe_key,backend/migrations/0012_commercial_notifications.sql,0012_commercial_notifications.sql,ACTIVE,,,backend/src/commercialmaintenance,YES,columns: dedupe_key
APPLICATION_ENFORCED_RELATION,commercial_notifications.account_ref,backend/migrations/0012_commercial_notifications.sql,0012_commercial_notifications.sql,ACTIVE,,,backend/src/commercialmaintenance,YES,"-> parent_accounts.account_id: Deliberately NOT a family_id FK into the family/parent plane -- commercial/family-plane isolation, enforced by billing_core's own schemaPrivacy test. (source: backend/migrations/0012_commercial_notifications.sql:12-18; backend/test/commercialnotifications/schemaPrivacy.test.mjs)"
TABLE,complimentary_entitlement_grants,backend/migrations/0014_complimentary_entitlement_grants.sql,0014_complimentary_entitlement_grants.sql,ACTIVE,backend/src/entitlements/complimentary/MySqlComplimentaryGrantRepository.ts,backend/src/entitlements/complimentary/MySqlComplimentaryGrantRepository.ts,backend/src/db,YES,
INDEX,complimentary_entitlement_grants.complimentary_entitlement_grants_expiry_idx,backend/migrations/0014_complimentary_entitlement_grants.sql,0014_complimentary_entitlement_grants.sql,ACTIVE,,,backend/src/db,YES,"columns: status,expires_at"
INDEX,complimentary_entitlement_grants.complimentary_entitlement_grants_family_scope_idx,backend/migrations/0014_complimentary_entitlement_grants.sql,0014_complimentary_entitlement_grants.sql,ACTIVE,,,backend/src/db,YES,"columns: family_id,entitlement_type,status"
INDEX,complimentary_entitlement_grants.complimentary_entitlement_grants_granted_by_idx,backend/migrations/0014_complimentary_entitlement_grants.sql,0014_complimentary_entitlement_grants.sql,ACTIVE,,,backend/src/db,YES,columns: granted_by_admin_id
INDEX,complimentary_entitlement_grants.complimentary_entitlement_grants_revoked_by_fk,backend/migrations/0014_complimentary_entitlement_grants.sql,0014_complimentary_entitlement_grants.sql,ACTIVE,,,backend/src/db,YES,columns: revoked_by_admin_id
FOREIGN_KEY,complimentary_entitlement_grants.complimentary_entitlement_grants_granted_by_fk,backend/migrations/0014_complimentary_entitlement_grants.sql,0014_complimentary_entitlement_grants.sql,ACTIVE,,,backend/src/db,YES,complimentary_entitlement_grants.(granted_by_admin_id) -> platform_admin_accounts.(admin_id) ON DELETE NO ACTION ON UPDATE NO ACTION
FOREIGN_KEY,complimentary_entitlement_grants.complimentary_entitlement_grants_revoked_by_fk,backend/migrations/0014_complimentary_entitlement_grants.sql,0014_complimentary_entitlement_grants.sql,ACTIVE,,,backend/src/db,YES,complimentary_entitlement_grants.(revoked_by_admin_id) -> platform_admin_accounts.(admin_id) ON DELETE NO ACTION ON UPDATE NO ACTION
APPLICATION_ENFORCED_RELATION,complimentary_entitlement_grants.family_id,backend/migrations/0014_complimentary_entitlement_grants.sql,0014_complimentary_entitlement_grants.sql,ACTIVE,,,backend/src/db,YES,-> families.family_id: Soft (unenforced) family_id reference -- schema-wide convention. families.family_id is CHAR(36) ascii_bin; every other table's family_id is VARCHAR(128) utf8mb4_bin. Membership existence is checked at the application layer (AuthzService.requiresFamilyScope). (source: backend/migrations/0036_family_child_memberships.sql:44-54; backend/migrations/0027_family_member_invitations.sql:17-25; backend/migrations/0013_parent_account_identity.sql)
TABLE,device_challenges,backend/migrations/0001_mysql_baseline.sql,0001_mysql_baseline.sql,ACTIVE,backend/src/deviceauth/MySqlDeviceChallengeRepository.ts,backend/src/deviceauth/MySqlDeviceChallengeRepository.ts,backend/src/db,YES,
INDEX,device_challenges.device_challenges_device_id_idx,backend/migrations/0001_mysql_baseline.sql,0001_mysql_baseline.sql,ACTIVE,,,backend/src/db,YES,columns: device_id
FOREIGN_KEY,device_challenges.device_challenges_device_id_fk,backend/migrations/0001_mysql_baseline.sql,0001_mysql_baseline.sql,ACTIVE,,,backend/src/db,YES,device_challenges.(device_id) -> devices.(device_id) ON DELETE NO ACTION ON UPDATE NO ACTION
APPLICATION_ENFORCED_RELATION,device_challenges.family_id,backend/migrations/0001_mysql_baseline.sql,0001_mysql_baseline.sql,ACTIVE,,,backend/src/db,YES,-> families.family_id: Soft (unenforced) family_id reference -- schema-wide convention. families.family_id is CHAR(36) ascii_bin; every other table's family_id is VARCHAR(128) utf8mb4_bin. Membership existence is checked at the application layer (AuthzService.requiresFamilyScope). (source: backend/migrations/0036_family_child_memberships.sql:44-54; backend/migrations/0027_family_member_invitations.sql:17-25; backend/migrations/0013_parent_account_identity.sql)
TABLE,device_protection_status,backend/migrations/0024_device_protection_status.sql,0024_device_protection_status.sql,ACTIVE,backend/src/device/DeviceProtectionStatusRepository.ts,backend/src/device/DeviceProtectionStatusRepository.ts,backend/src/db,YES,
INDEX,device_protection_status.device_protection_status_family_id_idx,backend/migrations/0024_device_protection_status.sql,0024_device_protection_status.sql,ACTIVE,,,backend/src/db,YES,columns: family_id
FOREIGN_KEY,device_protection_status.device_protection_status_device_id_fk,backend/migrations/0024_device_protection_status.sql,0024_device_protection_status.sql,ACTIVE,,,backend/src/db,YES,device_protection_status.(device_id) -> devices.(device_id) ON DELETE NO ACTION ON UPDATE NO ACTION
APPLICATION_ENFORCED_RELATION,device_protection_status.family_id,backend/migrations/0024_device_protection_status.sql,0024_device_protection_status.sql,ACTIVE,,,backend/src/db,YES,-> families.family_id: Soft (unenforced) family_id reference -- schema-wide convention. families.family_id is CHAR(36) ascii_bin; every other table's family_id is VARCHAR(128) utf8mb4_bin. Membership existence is checked at the application layer (AuthzService.requiresFamilyScope). (source: backend/migrations/0036_family_child_memberships.sql:44-54; backend/migrations/0027_family_member_invitations.sql:17-25; backend/migrations/0013_parent_account_identity.sql)
TABLE,device_public_keys,backend/migrations/0001_mysql_baseline.sql,0001_mysql_baseline.sql,ACTIVE,backend/src/device/MySqlDeviceRepository.ts;backend/src/enrollment/MySqlEnrollmentCoordinatorRepository.ts,backend/src/device/MySqlDeviceRepository.ts,backend/src/db,YES,
INDEX,device_public_keys.device_public_keys_device_id_idx,backend/migrations/0001_mysql_baseline.sql,0001_mysql_baseline.sql,ACTIVE,,,backend/src/db,YES,columns: device_id
UNIQUE_CONSTRAINT,device_public_keys.device_public_keys_public_key_key,backend/migrations/0001_mysql_baseline.sql,0001_mysql_baseline.sql,ACTIVE,,,backend/src/db,YES,columns: public_key
FOREIGN_KEY,device_public_keys.device_public_keys_device_id_fk,backend/migrations/0001_mysql_baseline.sql,0001_mysql_baseline.sql,ACTIVE,,,backend/src/db,YES,device_public_keys.(device_id) -> devices.(device_id) ON DELETE NO ACTION ON UPDATE NO ACTION
TABLE,devices,backend/migrations/0001_mysql_baseline.sql,0001_mysql_baseline.sql,ACTIVE,backend/src/device/MySqlDeviceRepository.ts;backend/src/enrollment/MySqlEnrollmentCoordinatorRepository.ts,backend/src/device/MySqlDeviceRepository.ts;backend/src/familyrbac/MySqlRemovalDecisionRepository.ts,backend/src/http,YES,
INDEX,devices.devices_family_id_idx,backend/migrations/0001_mysql_baseline.sql,0001_mysql_baseline.sql,ACTIVE,,,backend/src/http,YES,columns: family_id
INDEX,devices.devices_paired_by_account_id_fk,backend/migrations/0001_mysql_baseline.sql,0001_mysql_baseline.sql,ACTIVE,,,backend/src/http,YES,columns: paired_by_account_id
INDEX,devices.devices_registered_by_account_id_fk,backend/migrations/0001_mysql_baseline.sql,0001_mysql_baseline.sql,ACTIVE,,,backend/src/http,YES,columns: registered_by_account_id
FOREIGN_KEY,devices.devices_paired_by_account_id_fk,backend/migrations/0001_mysql_baseline.sql,0001_mysql_baseline.sql,ACTIVE,,,backend/src/http,YES,devices.(paired_by_account_id) -> service_accounts.(account_id) ON DELETE NO ACTION ON UPDATE NO ACTION
FOREIGN_KEY,devices.devices_registered_by_account_id_fk,backend/migrations/0001_mysql_baseline.sql,0001_mysql_baseline.sql,ACTIVE,,,backend/src/http,YES,devices.(registered_by_account_id) -> service_accounts.(account_id) ON DELETE NO ACTION ON UPDATE NO ACTION
APPLICATION_ENFORCED_RELATION,devices.family_id,backend/migrations/0001_mysql_baseline.sql,0001_mysql_baseline.sql,ACTIVE,,,backend/src/http,YES,-> families.family_id: Soft (unenforced) family_id reference -- schema-wide convention. families.family_id is CHAR(36) ascii_bin; every other table's family_id is VARCHAR(128) utf8mb4_bin. Membership existence is checked at the application layer (AuthzService.requiresFamilyScope). (source: backend/migrations/0036_family_child_memberships.sql:44-54; backend/migrations/0027_family_member_invitations.sql:17-25; backend/migrations/0013_parent_account_identity.sql)
TABLE,enrollment_administration_verifiers,backend/migrations/0022_enrollment_administration_persistence.sql,0022_enrollment_administration_persistence.sql,ACTIVE,backend/src/enrollment/MySqlAdministrationPinRepository.ts,backend/src/enrollment/MySqlAdministrationPinRepository.ts,backend/src/db,YES,
APPLICATION_ENFORCED_RELATION,enrollment_administration_verifiers.family_id,backend/migrations/0022_enrollment_administration_persistence.sql,0022_enrollment_administration_persistence.sql,ACTIVE,,,backend/src/db,YES,-> families.family_id: Soft (unenforced) family_id reference -- schema-wide convention. families.family_id is CHAR(36) ascii_bin; every other table's family_id is VARCHAR(128) utf8mb4_bin. Membership existence is checked at the application layer (AuthzService.requiresFamilyScope). (source: backend/migrations/0036_family_child_memberships.sql:44-54; backend/migrations/0027_family_member_invitations.sql:17-25; backend/migrations/0013_parent_account_identity.sql)
TABLE,enrollment_bootstrap_attempts,backend/migrations/0003_enrollment_bootstrap_attempts.sql,0003_enrollment_bootstrap_attempts.sql,ACTIVE,backend/src/enrollment/MySqlEnrollmentCoordinatorRepository.ts,backend/src/enrollment/MySqlEnrollmentCoordinatorRepository.ts,backend/src/db,YES,
INDEX,enrollment_bootstrap_attempts.enrollment_bootstrap_attempts_device_id_idx,backend/migrations/0003_enrollment_bootstrap_attempts.sql,0003_enrollment_bootstrap_attempts.sql,ACTIVE,,,backend/src/db,YES,columns: device_id
UNIQUE_CONSTRAINT,enrollment_bootstrap_attempts.enrollment_bootstrap_attempts_recovery_token_hash_key,backend/migrations/0003_enrollment_bootstrap_attempts.sql,0003_enrollment_bootstrap_attempts.sql,ACTIVE,,,backend/src/db,YES,columns: recovery_token_hash
INDEX,enrollment_bootstrap_attempts.enrollment_bootstrap_attempts_token_hash_idx,backend/migrations/0003_enrollment_bootstrap_attempts.sql,0003_enrollment_bootstrap_attempts.sql,ACTIVE,,,backend/src/db,YES,columns: token_hash
FOREIGN_KEY,enrollment_bootstrap_attempts.enrollment_bootstrap_attempts_device_id_fk,backend/migrations/0003_enrollment_bootstrap_attempts.sql,0003_enrollment_bootstrap_attempts.sql,ACTIVE,,,backend/src/db,YES,enrollment_bootstrap_attempts.(device_id) -> devices.(device_id) ON DELETE NO ACTION ON UPDATE NO ACTION
APPLICATION_ENFORCED_RELATION,enrollment_bootstrap_attempts.family_id,backend/migrations/0003_enrollment_bootstrap_attempts.sql,0003_enrollment_bootstrap_attempts.sql,ACTIVE,,,backend/src/db,YES,-> families.family_id: Soft (unenforced) family_id reference -- schema-wide convention. families.family_id is CHAR(36) ascii_bin; every other table's family_id is VARCHAR(128) utf8mb4_bin. Membership existence is checked at the application layer (AuthzService.requiresFamilyScope). (source: backend/migrations/0036_family_child_memberships.sql:44-54; backend/migrations/0027_family_member_invitations.sql:17-25; backend/migrations/0013_parent_account_identity.sql)
APPLICATION_ENFORCED_RELATION,enrollment_bootstrap_attempts.invitation_id,backend/migrations/0003_enrollment_bootstrap_attempts.sql,0003_enrollment_bootstrap_attempts.sql,OWNER_DECISION_REQUIRED,,,backend/src/db,YES,"-> enrollment_invitations.invitation_id: Types match exactly (CHAR(36) ascii_bin). This table's device_id column DOES carry a real FK to devices, so this is not a table-wide no-FK pattern. Written in the same transaction as invitation redemption (invitation already exists, merely transitioning to REDEEMED). No comment, test, or design doc found explaining the omission."
TABLE,enrollment_invitation_transitions,backend/migrations/0016_invitation_lifecycle_states.sql,0016_invitation_lifecycle_states.sql,ACTIVE,backend/src/invitation/MySqlInvitationRepository.ts,,backend/src/invitation,YES,
INDEX,enrollment_invitation_transitions.enrollment_invitation_transitions_invitation_idx,backend/migrations/0016_invitation_lifecycle_states.sql,0016_invitation_lifecycle_states.sql,ACTIVE,,,backend/src/invitation,YES,"columns: invitation_id,transitioned_at"
FOREIGN_KEY,enrollment_invitation_transitions.enrollment_invitation_transitions_invitation_fk,backend/migrations/0016_invitation_lifecycle_states.sql,0016_invitation_lifecycle_states.sql,ACTIVE,,,backend/src/invitation,YES,enrollment_invitation_transitions.(invitation_id) -> enrollment_invitations.(invitation_id) ON DELETE NO ACTION ON UPDATE NO ACTION
TABLE,enrollment_invitations,backend/migrations/0001_mysql_baseline.sql,0001_mysql_baseline.sql,ACTIVE,backend/src/enrollment/MySqlEnrollmentCoordinatorRepository.ts;backend/src/invitation/MySqlInvitationRepository.ts,backend/src/enrollment/MySqlEnrollmentCoordinatorRepository.ts;backend/src/invitation/MySqlInvitationRepository.ts;backend/src/platformadmin/readmodels/DashboardReadModel.ts,backend/src/enrollment,YES,
INDEX,enrollment_invitations.enrollment_invitations_family_child_idx,backend/migrations/0001_mysql_baseline.sql,0001_mysql_baseline.sql,ACTIVE,,,backend/src/enrollment,YES,"columns: family_id,child_profile_id"
INDEX,enrollment_invitations.enrollment_invitations_family_id_idx,backend/migrations/0001_mysql_baseline.sql,0001_mysql_baseline.sql,ACTIVE,,,backend/src/enrollment,YES,columns: family_id
UNIQUE_CONSTRAINT,enrollment_invitations.enrollment_invitations_token_hash_key,backend/migrations/0001_mysql_baseline.sql,0001_mysql_baseline.sql,ACTIVE,,,backend/src/enrollment,YES,columns: token_hash
APPLICATION_ENFORCED_RELATION,enrollment_invitations.family_id,backend/migrations/0001_mysql_baseline.sql,0001_mysql_baseline.sql,ACTIVE,,,backend/src/enrollment,YES,-> families.family_id: Soft (unenforced) family_id reference -- schema-wide convention. families.family_id is CHAR(36) ascii_bin; every other table's family_id is VARCHAR(128) utf8mb4_bin. Membership existence is checked at the application layer (AuthzService.requiresFamilyScope). (source: backend/migrations/0036_family_child_memberships.sql:44-54; backend/migrations/0027_family_member_invitations.sql:17-25; backend/migrations/0013_parent_account_identity.sql)
APPLICATION_ENFORCED_RELATION,enrollment_invitations.child_profile_id,backend/migrations/0001_mysql_baseline.sql,0001_mysql_baseline.sql,ACTIVE,,,backend/src/enrollment,YES,-> family_child_memberships.child_profile_id: Relationship enforced at the application layer (InvitationService) because enrollment_invitations already carries pre-registry fixture rows this table cannot retroactively host without risking a false cross-family bind. (source: backend/migrations/0036_family_child_memberships.sql:24-33; docs/pre-production/PCA_PPR2_OWNER_DECISIONS.md Part F)
TABLE,enrollment_protection_approval_requests,backend/migrations/0022_enrollment_administration_persistence.sql,0022_enrollment_administration_persistence.sql,ACTIVE,backend/src/familyrbac/MySqlRemovalDecisionRepository.ts,backend/src/familyrbac/MySqlRemovalDecisionRepository.ts,backend/src/db,YES,
UNIQUE_CONSTRAINT,enrollment_protection_approval_requests.enrollment_protection_approval_decision_action_uq,backend/migrations/0022_enrollment_administration_persistence.sql,0022_enrollment_administration_persistence.sql,ACTIVE,,,backend/src/db,YES,columns: decision_action_id
INDEX,enrollment_protection_approval_requests.enrollment_protection_approval_family_state_idx,backend/migrations/0022_enrollment_administration_persistence.sql,0022_enrollment_administration_persistence.sql,ACTIVE,,,backend/src/db,YES,"columns: family_id,state,expires_at"
APPLICATION_ENFORCED_RELATION,enrollment_protection_approval_requests.family_id,backend/migrations/0022_enrollment_administration_persistence.sql,0022_enrollment_administration_persistence.sql,ACTIVE,,,backend/src/db,YES,-> families.family_id: Soft (unenforced) family_id reference -- schema-wide convention. families.family_id is CHAR(36) ascii_bin; every other table's family_id is VARCHAR(128) utf8mb4_bin. Membership existence is checked at the application layer (AuthzService.requiresFamilyScope). (source: backend/migrations/0036_family_child_memberships.sql:44-54; backend/migrations/0027_family_member_invitations.sql:17-25; backend/migrations/0013_parent_account_identity.sql)
APPLICATION_ENFORCED_RELATION,enrollment_protection_approval_requests.device_id,backend/migrations/0022_enrollment_administration_persistence.sql,0022_enrollment_administration_persistence.sql,ACTIVE,,,backend/src/db,YES,"-> devices.device_id: Table stores opaque child/device references, not a DB-joinable identity. (source: backend/migrations/0022_enrollment_administration_persistence.sql:1-8)"
APPLICATION_ENFORCED_RELATION,enrollment_protection_approval_requests.decided_by_device_id,backend/migrations/0022_enrollment_administration_persistence.sql,0022_enrollment_administration_persistence.sql,ACTIVE,,,backend/src/db,YES,-> devices.device_id: Same opaque-reference design as device_id on this table. (source: backend/migrations/0022_enrollment_administration_persistence.sql:1-8)
APPLICATION_ENFORCED_RELATION,enrollment_protection_approval_requests.child_id,backend/migrations/0022_enrollment_administration_persistence.sql,0022_enrollment_administration_persistence.sql,ACTIVE,,,backend/src/db,YES,-> family_child_memberships.child_profile_id: Table stores opaque child/device references by design. (source: backend/migrations/0022_enrollment_administration_persistence.sql:1-8)
TABLE,entitlement_activation_idempotency,backend/migrations/0006_platform_entitlements_enrollment_limits.sql,0006_platform_entitlements_enrollment_limits.sql,ACTIVE,backend/src/entitlements/payment/PaymentConfirmationService.ts,backend/src/entitlements/payment/PaymentConfirmationService.ts,backend/src/db,YES,
INDEX,entitlement_activation_idempotency.entitlement_activation_idempotency_request_id_idx,backend/migrations/0006_platform_entitlements_enrollment_limits.sql,0006_platform_entitlements_enrollment_limits.sql,ACTIVE,,,backend/src/db,YES,columns: request_id
FOREIGN_KEY,entitlement_activation_idempotency.entitlement_activation_idempotency_request_id_fk,backend/migrations/0006_platform_entitlements_enrollment_limits.sql,0006_platform_entitlements_enrollment_limits.sql,ACTIVE,,,backend/src/db,YES,entitlement_activation_idempotency.(request_id) -> entitlement_change_requests.(request_id) ON DELETE NO ACTION ON UPDATE NO ACTION
APPLICATION_ENFORCED_RELATION,entitlement_activation_idempotency.family_id,backend/migrations/0006_platform_entitlements_enrollment_limits.sql,0006_platform_entitlements_enrollment_limits.sql,ACTIVE,,,backend/src/db,YES,-> families.family_id: Soft (unenforced) family_id reference -- schema-wide convention. families.family_id is CHAR(36) ascii_bin; every other table's family_id is VARCHAR(128) utf8mb4_bin. Membership existence is checked at the application layer (AuthzService.requiresFamilyScope). (source: backend/migrations/0036_family_child_memberships.sql:44-54; backend/migrations/0027_family_member_invitations.sql:17-25; backend/migrations/0013_parent_account_identity.sql)
TABLE,entitlement_change_request_transitions,backend/migrations/0006_platform_entitlements_enrollment_limits.sql,0006_platform_entitlements_enrollment_limits.sql,ACTIVE,backend/src/entitlements/requests/MySqlChangeRequestRepository.ts,,backend/src/db,YES,
INDEX,entitlement_change_request_transitions.entitlement_change_request_transitions_actor_admin_id_fk,backend/migrations/0006_platform_entitlements_enrollment_limits.sql,0006_platform_entitlements_enrollment_limits.sql,ACTIVE,,,backend/src/db,YES,columns: actor_admin_id
INDEX,entitlement_change_request_transitions.entitlement_change_request_transitions_request_id_idx,backend/migrations/0006_platform_entitlements_enrollment_limits.sql,0006_platform_entitlements_enrollment_limits.sql,ACTIVE,,,backend/src/db,YES,columns: request_id
FOREIGN_KEY,entitlement_change_request_transitions.entitlement_change_request_transitions_actor_admin_id_fk,backend/migrations/0006_platform_entitlements_enrollment_limits.sql,0006_platform_entitlements_enrollment_limits.sql,ACTIVE,,,backend/src/db,YES,entitlement_change_request_transitions.(actor_admin_id) -> platform_admin_accounts.(admin_id) ON DELETE NO ACTION ON UPDATE NO ACTION
FOREIGN_KEY,entitlement_change_request_transitions.entitlement_change_request_transitions_request_id_fk,backend/migrations/0006_platform_entitlements_enrollment_limits.sql,0006_platform_entitlements_enrollment_limits.sql,ACTIVE,,,backend/src/db,YES,entitlement_change_request_transitions.(request_id) -> entitlement_change_requests.(request_id) ON DELETE NO ACTION ON UPDATE NO ACTION
TABLE,entitlement_change_requests,backend/migrations/0006_platform_entitlements_enrollment_limits.sql,0006_platform_entitlements_enrollment_limits.sql,ACTIVE,backend/src/entitlements/requests/MySqlChangeRequestRepository.ts;backend/src/platformadmin/readmodels/BillingReadModel.ts,backend/src/entitlements/requests/MySqlChangeRequestRepository.ts;backend/src/platformadmin/readmodels/BillingReadModel.ts;backend/src/platformadmin/readmodels/DashboardReadModel.ts;backend/src/platformadmin/readmodels/EntitlementRequestsReadModel.ts,backend/src/platformadmin,YES,
INDEX,entitlement_change_requests.entitlement_change_requests_decided_by_admin_id_fk,backend/migrations/0006_platform_entitlements_enrollment_limits.sql,0006_platform_entitlements_enrollment_limits.sql,ACTIVE,,,backend/src/platformadmin,YES,columns: decided_by_admin_id
INDEX,entitlement_change_requests.entitlement_change_requests_family_id_idx,backend/migrations/0006_platform_entitlements_enrollment_limits.sql,0006_platform_entitlements_enrollment_limits.sql,ACTIVE,,,backend/src/platformadmin,YES,columns: family_id
INDEX,entitlement_change_requests.entitlement_change_requests_state_idx,backend/migrations/0006_platform_entitlements_enrollment_limits.sql,0006_platform_entitlements_enrollment_limits.sql,ACTIVE,,,backend/src/platformadmin,YES,columns: state
FOREIGN_KEY,entitlement_change_requests.entitlement_change_requests_decided_by_admin_id_fk,backend/migrations/0006_platform_entitlements_enrollment_limits.sql,0006_platform_entitlements_enrollment_limits.sql,ACTIVE,,,backend/src/platformadmin,YES,entitlement_change_requests.(decided_by_admin_id) -> platform_admin_accounts.(admin_id) ON DELETE NO ACTION ON UPDATE NO ACTION
APPLICATION_ENFORCED_RELATION,entitlement_change_requests.family_id,backend/migrations/0006_platform_entitlements_enrollment_limits.sql,0006_platform_entitlements_enrollment_limits.sql,ACTIVE,,,backend/src/platformadmin,YES,-> families.family_id: Soft (unenforced) family_id reference -- schema-wide convention. families.family_id is CHAR(36) ascii_bin; every other table's family_id is VARCHAR(128) utf8mb4_bin. Membership existence is checked at the application layer (AuthzService.requiresFamilyScope). (source: backend/migrations/0036_family_child_memberships.sql:44-54; backend/migrations/0027_family_member_invitations.sql:17-25; backend/migrations/0013_parent_account_identity.sql)
APPLICATION_ENFORCED_RELATION,entitlement_change_requests.quote_ref,backend/migrations/0006_platform_entitlements_enrollment_limits.sql,0006_platform_entitlements_enrollment_limits.sql,ACTIVE,,,backend/src/platformadmin,YES,"-> billing_quotes.quote_id: Same billing/entitlements plane-isolation convention, reverse direction. (source: backend/src/billing/entitlementContract.ts:21)"
TABLE,entitlement_defaults,backend/migrations/0006_platform_entitlements_enrollment_limits.sql,0006_platform_entitlements_enrollment_limits.sql,ACTIVE,backend/src/entitlements/MySqlEntitlementRepository.ts,backend/src/entitlements/MySqlEntitlementRepository.ts,backend/src/entitlements,YES,
INDEX,entitlement_defaults.entitlement_defaults_updated_by_admin_id_fk,backend/migrations/0006_platform_entitlements_enrollment_limits.sql,0006_platform_entitlements_enrollment_limits.sql,ACTIVE,,,backend/src/entitlements,YES,columns: updated_by_admin_id
FOREIGN_KEY,entitlement_defaults.entitlement_defaults_updated_by_admin_id_fk,backend/migrations/0006_platform_entitlements_enrollment_limits.sql,0006_platform_entitlements_enrollment_limits.sql,ACTIVE,,,backend/src/entitlements,YES,entitlement_defaults.(updated_by_admin_id) -> platform_admin_accounts.(admin_id) ON DELETE NO ACTION ON UPDATE NO ACTION
TABLE,envelope_data_version_ledger,backend/migrations/0002_sync_durability.sql,0002_sync_durability.sql,ACTIVE,backend/src/familyenvelope/MySqlDataVersionLedger.ts;backend/src/familyenvelope/MySqlEnvelopeAcceptanceTransaction.ts,backend/src/familyenvelope/MySqlDataVersionLedger.ts;backend/src/familyenvelope/MySqlEnvelopeAcceptanceTransaction.ts,backend/src/familyenvelope,YES,
APPLICATION_ENFORCED_RELATION,envelope_data_version_ledger.family_id,backend/migrations/0002_sync_durability.sql,0002_sync_durability.sql,ACTIVE,,,backend/src/familyenvelope,YES,-> families.family_id: Soft (unenforced) family_id reference -- schema-wide convention. families.family_id is CHAR(36) ascii_bin; every other table's family_id is VARCHAR(128) utf8mb4_bin. Membership existence is checked at the application layer (AuthzService.requiresFamilyScope). (source: backend/migrations/0036_family_child_memberships.sql:44-54; backend/migrations/0027_family_member_invitations.sql:17-25; backend/migrations/0013_parent_account_identity.sql)
TABLE,envelope_message_idempotency_ledger,backend/migrations/0002_sync_durability.sql,0002_sync_durability.sql,ACTIVE,backend/src/familyenvelope/MySqlEnvelopeAcceptanceTransaction.ts;backend/src/familyenvelope/MySqlMessageIdempotencyLedger.ts,backend/src/familyenvelope/MySqlEnvelopeAcceptanceTransaction.ts;backend/src/familyenvelope/MySqlMessageIdempotencyLedger.ts,backend/src/familyenvelope,YES,
UNIQUE_CONSTRAINT,envelope_message_idempotency_ledger.envelope_message_idempotency_ledger_family_message_key,backend/migrations/0002_sync_durability.sql,0002_sync_durability.sql,ACTIVE,,,backend/src/familyenvelope,YES,"columns: family_id,message_id"
APPLICATION_ENFORCED_RELATION,envelope_message_idempotency_ledger.family_id,backend/migrations/0002_sync_durability.sql,0002_sync_durability.sql,ACTIVE,,,backend/src/familyenvelope,YES,-> families.family_id: Soft (unenforced) family_id reference -- schema-wide convention. families.family_id is CHAR(36) ascii_bin; every other table's family_id is VARCHAR(128) utf8mb4_bin. Membership existence is checked at the application layer (AuthzService.requiresFamilyScope). (source: backend/migrations/0036_family_child_memberships.sql:44-54; backend/migrations/0027_family_member_invitations.sql:17-25; backend/migrations/0013_parent_account_identity.sql)
TABLE,envelope_replay_ledger,backend/migrations/0002_sync_durability.sql,0002_sync_durability.sql,ACTIVE,backend/src/familyenvelope/MySqlEnvelopeAcceptanceTransaction.ts;backend/src/familyenvelope/MySqlReplayLedger.ts,backend/src/familyenvelope/MySqlEnvelopeAcceptanceTransaction.ts;backend/src/familyenvelope/MySqlReplayLedger.ts,backend/src/familyenvelope,YES,
INDEX,envelope_replay_ledger.envelope_replay_ledger_family_sender_id_idx,backend/migrations/0002_sync_durability.sql,0002_sync_durability.sql,ACTIVE,,,backend/src/familyenvelope,YES,"columns: family_id,sender_key_id,id"
UNIQUE_CONSTRAINT,envelope_replay_ledger.envelope_replay_ledger_family_sender_sequence_key,backend/migrations/0002_sync_durability.sql,0002_sync_durability.sql,ACTIVE,,,backend/src/familyenvelope,YES,"columns: family_id,sender_key_id,sequence_or_nonce"
APPLICATION_ENFORCED_RELATION,envelope_replay_ledger.family_id,backend/migrations/0002_sync_durability.sql,0002_sync_durability.sql,ACTIVE,,,backend/src/familyenvelope,YES,-> families.family_id: Soft (unenforced) family_id reference -- schema-wide convention. families.family_id is CHAR(36) ascii_bin; every other table's family_id is VARCHAR(128) utf8mb4_bin. Membership existence is checked at the application layer (AuthzService.requiresFamilyScope). (source: backend/migrations/0036_family_child_memberships.sql:44-54; backend/migrations/0027_family_member_invitations.sql:17-25; backend/migrations/0013_parent_account_identity.sql)
TABLE,eye_protection_settings,backend/migrations/0032_eye_protection_settings.sql,0032_eye_protection_settings.sql,ACTIVE,backend/src/eyeprotection/MySqlEyeProtectionSettingsRepository.ts,backend/src/eyeprotection/MySqlEyeProtectionSettingsRepository.ts,backend/src/db,YES,
INDEX,eye_protection_settings.eye_protection_settings_family_idx,backend/migrations/0032_eye_protection_settings.sql,0032_eye_protection_settings.sql,ACTIVE,,,backend/src/db,YES,columns: family_id
APPLICATION_ENFORCED_RELATION,eye_protection_settings.family_id,backend/migrations/0032_eye_protection_settings.sql,0032_eye_protection_settings.sql,ACTIVE,,,backend/src/db,YES,-> families.family_id: Soft (unenforced) family_id reference -- schema-wide convention. families.family_id is CHAR(36) ascii_bin; every other table's family_id is VARCHAR(128) utf8mb4_bin. Membership existence is checked at the application layer (AuthzService.requiresFamilyScope). (source: backend/migrations/0036_family_child_memberships.sql:44-54; backend/migrations/0027_family_member_invitations.sql:17-25; backend/migrations/0013_parent_account_identity.sql)
APPLICATION_ENFORCED_RELATION,eye_protection_settings.child_profile_id,backend/migrations/0032_eye_protection_settings.sql,0032_eye_protection_settings.sql,ACTIVE,,,backend/src/db,YES,"-> family_child_memberships.child_profile_id: Same soft-reference convention as enrollment_invitations.child_profile_id, by direct extension (created migration 0032, using the identical type established by 0019, before the registry existed). (source: backend/migrations/0036_family_child_memberships.sql:24-33 (by extension))"
TABLE,families,backend/migrations/0001_mysql_baseline.sql,0001_mysql_baseline.sql,ACTIVE,backend/src/http/routes/platformadmin/entitlementRoutes.ts;backend/src/parentaccount/MySqlParentAccountRepository.ts;backend/src/platformadmin/accounts/FamilyAccountStatusService.ts;backend/src/platformadmin/readmodels/AccountsReadModel.ts;backend/src/platformadmin/readmodels/DashboardReadModel.ts,backend/src/parentaccount/MySqlParentAccountRepository.ts;backend/src/platformadmin/accounts/FamilyAccountStatusService.ts;backend/src/platformadmin/readmodels/AccountsReadModel.ts;backend/src/platformadmin/readmodels/DashboardReadModel.ts,backend/src/http,YES,
UNIQUE_CONSTRAINT,families.families_family_reference_hash_key,backend/migrations/0001_mysql_baseline.sql,0001_mysql_baseline.sql,ACTIVE,,,backend/src/http,YES,columns: family_reference_hash
INDEX,families.families_status_idx,backend/migrations/0001_mysql_baseline.sql,0001_mysql_baseline.sql,ACTIVE,,,backend/src/http,YES,columns: status
INDEX,families.families_suspended_by_fk,backend/migrations/0001_mysql_baseline.sql,0001_mysql_baseline.sql,ACTIVE,,,backend/src/http,YES,columns: suspended_by_admin_id
FOREIGN_KEY,families.families_suspended_by_fk,backend/migrations/0001_mysql_baseline.sql,0001_mysql_baseline.sql,ACTIVE,,,backend/src/http,YES,families.(suspended_by_admin_id) -> platform_admin_accounts.(admin_id) ON DELETE NO ACTION ON UPDATE NO ACTION
TABLE,family_audit_events,backend/migrations/0028_family_audit_events.sql,0028_family_audit_events.sql,ACTIVE,backend/src/familyrbac/MySqlFamilyAuditEventLedger.ts,backend/src/familyrbac/MySqlFamilyAuditEventLedger.ts,backend/src/db,YES,
INDEX,family_audit_events.family_audit_events_expires_at_idx,backend/migrations/0028_family_audit_events.sql,0028_family_audit_events.sql,ACTIVE,,,backend/src/db,YES,columns: expires_at
INDEX,family_audit_events.family_audit_events_family_idx,backend/migrations/0028_family_audit_events.sql,0028_family_audit_events.sql,ACTIVE,,,backend/src/db,YES,"columns: family_id,generated_at_utc"
INDEX,family_audit_events.family_audit_events_parent_device_idx,backend/migrations/0028_family_audit_events.sql,0028_family_audit_events.sql,ACTIVE,,,backend/src/db,YES,"columns: family_id,parent_device_id,generated_at_utc"
APPLICATION_ENFORCED_RELATION,family_audit_events.family_id,backend/migrations/0028_family_audit_events.sql,0028_family_audit_events.sql,ACTIVE,,,backend/src/db,YES,-> families.family_id: Soft (unenforced) family_id reference -- schema-wide convention. families.family_id is CHAR(36) ascii_bin; every other table's family_id is VARCHAR(128) utf8mb4_bin. Membership existence is checked at the application layer (AuthzService.requiresFamilyScope). (source: backend/migrations/0036_family_child_memberships.sql:44-54; backend/migrations/0027_family_member_invitations.sql:17-25; backend/migrations/0013_parent_account_identity.sql)
APPLICATION_ENFORCED_RELATION,family_audit_events.parent_device_id,backend/migrations/0028_family_audit_events.sql,0028_family_audit_events.sql,ACTIVE,,,backend/src/db,YES,"-> devices.device_id: Opaque ciphertext + typed routing metadata only, never a readable value; mirrors protection_alerts exactly. (source: backend/migrations/0028_family_audit_events.sql:1-14)"
TABLE,family_authority_attestations,backend/migrations/0011_family_commercial_authority.sql,0011_family_commercial_authority.sql,ACTIVE,backend/src/familycommercial/authority/MySqlAttestationChainStore.ts,backend/src/familycommercial/authority/MySqlAttestationChainStore.ts,backend/src/db,YES,
UNIQUE_CONSTRAINT,family_authority_attestations.family_authority_attestations_family_revision_key,backend/migrations/0011_family_commercial_authority.sql,0011_family_commercial_authority.sql,ACTIVE,,,backend/src/db,YES,"columns: family_id,attestation_revision"
FOREIGN_KEY,family_authority_attestations.family_authority_attestations_genesis_fk,backend/migrations/0011_family_commercial_authority.sql,0011_family_commercial_authority.sql,ACTIVE,,,backend/src/db,YES,family_authority_attestations.(family_id) -> family_authority_genesis_anchors.(family_id) ON DELETE NO ACTION ON UPDATE NO ACTION
APPLICATION_ENFORCED_RELATION,family_authority_attestations.family_id,backend/migrations/0011_family_commercial_authority.sql,0011_family_commercial_authority.sql,ACTIVE,,,backend/src/db,YES,-> families.family_id: Soft (unenforced) family_id reference -- schema-wide convention. families.family_id is CHAR(36) ascii_bin; every other table's family_id is VARCHAR(128) utf8mb4_bin. Membership existence is checked at the application layer (AuthzService.requiresFamilyScope). (source: backend/migrations/0036_family_child_memberships.sql:44-54; backend/migrations/0027_family_member_invitations.sql:17-25; backend/migrations/0013_parent_account_identity.sql)
APPLICATION_ENFORCED_RELATION,family_authority_attestations.owner_device_id,backend/migrations/0011_family_commercial_authority.sql,0011_family_commercial_authority.sql,ACTIVE,,,backend/src/db,YES,-> devices.device_id: Cryptographic self-certification substitutes for DB referential integrity. (source: backend/migrations/0011_family_commercial_authority.sql:6-16)
APPLICATION_ENFORCED_RELATION,family_authority_attestations.signer_device_id,backend/migrations/0011_family_commercial_authority.sql,0011_family_commercial_authority.sql,ACTIVE,,,backend/src/db,YES,-> devices.device_id: Cryptographic self-certification substitutes for DB referential integrity. (source: backend/migrations/0011_family_commercial_authority.sql:6-16)
APPLICATION_ENFORCED_RELATION,family_authority_attestations.previous_attestation_id,backend/migrations/0011_family_commercial_authority.sql,0011_family_commercial_authority.sql,ACTIVE,,,backend/src/db,YES,"-> family_authority_attestations.attestation_id: Self-referential hash-chain pointer; chain integrity is verified by signature, not FK. (source: backend/migrations/0011_family_commercial_authority.sql:6-16)"
TABLE,family_authority_chain_heads,backend/migrations/0011_family_commercial_authority.sql,0011_family_commercial_authority.sql,ACTIVE,backend/src/familycommercial/authority/MySqlAttestationChainStore.ts,backend/src/familycommercial/authority/MySqlAttestationChainStore.ts,backend/src/db,YES,
INDEX,family_authority_chain_heads.family_authority_chain_heads_attestation_fk,backend/migrations/0011_family_commercial_authority.sql,0011_family_commercial_authority.sql,ACTIVE,,,backend/src/db,YES,"columns: family_id,head_attestation_id"
FOREIGN_KEY,family_authority_chain_heads.family_authority_chain_heads_attestation_fk,backend/migrations/0011_family_commercial_authority.sql,0011_family_commercial_authority.sql,ACTIVE,,,backend/src/db,YES,"family_authority_chain_heads.(family_id,head_attestation_id) -> family_authority_attestations.(family_id,attestation_id) ON DELETE NO ACTION ON UPDATE NO ACTION"
FOREIGN_KEY,family_authority_chain_heads.family_authority_chain_heads_genesis_fk,backend/migrations/0011_family_commercial_authority.sql,0011_family_commercial_authority.sql,ACTIVE,,,backend/src/db,YES,family_authority_chain_heads.(family_id) -> family_authority_genesis_anchors.(family_id) ON DELETE NO ACTION ON UPDATE NO ACTION
APPLICATION_ENFORCED_RELATION,family_authority_chain_heads.family_id,backend/migrations/0011_family_commercial_authority.sql,0011_family_commercial_authority.sql,ACTIVE,,,backend/src/db,YES,-> families.family_id: Soft (unenforced) family_id reference -- schema-wide convention. families.family_id is CHAR(36) ascii_bin; every other table's family_id is VARCHAR(128) utf8mb4_bin. Membership existence is checked at the application layer (AuthzService.requiresFamilyScope). (source: backend/migrations/0036_family_child_memberships.sql:44-54; backend/migrations/0027_family_member_invitations.sql:17-25; backend/migrations/0013_parent_account_identity.sql)
TABLE,family_authority_genesis_anchors,backend/migrations/0011_family_commercial_authority.sql,0011_family_commercial_authority.sql,ACTIVE,backend/src/familycommercial/authority/MySqlGenesisAnchorStore.ts,backend/src/familycommercial/authority/MySqlGenesisAnchorStore.ts,backend/src/db,YES,
APPLICATION_ENFORCED_RELATION,family_authority_genesis_anchors.family_id,backend/migrations/0011_family_commercial_authority.sql,0011_family_commercial_authority.sql,ACTIVE,,,backend/src/db,YES,-> families.family_id: Soft (unenforced) family_id reference -- schema-wide convention. families.family_id is CHAR(36) ascii_bin; every other table's family_id is VARCHAR(128) utf8mb4_bin. Membership existence is checked at the application layer (AuthzService.requiresFamilyScope). (source: backend/migrations/0036_family_child_memberships.sql:44-54; backend/migrations/0027_family_member_invitations.sql:17-25; backend/migrations/0013_parent_account_identity.sql)
APPLICATION_ENFORCED_RELATION,family_authority_genesis_anchors.genesis_device_id,backend/migrations/0011_family_commercial_authority.sql,0011_family_commercial_authority.sql,ACTIVE,,,backend/src/db,YES,"-> devices.device_id: Integrity is cryptographic (signature verification by FamilyOwnerAttestationChainEngine), not referential; a dangling id would fail signature verification before being written. (source: backend/migrations/0011_family_commercial_authority.sql:6-16)"
TABLE,family_child_memberships,backend/migrations/0036_family_child_memberships.sql,0036_family_child_memberships.sql,ACTIVE,backend/src/childprofiles/MySqlChildProfileRegistryRepository.ts,backend/src/childprofiles/MySqlChildProfileRegistryRepository.ts,backend/src/childprofiles,YES,
UNIQUE_CONSTRAINT,family_child_memberships.family_child_memberships_family_creation_key,backend/migrations/0036_family_child_memberships.sql,0036_family_child_memberships.sql,ACTIVE,,,backend/src/childprofiles,YES,"columns: family_id,creation_request_key"
INDEX,family_child_memberships.family_child_memberships_family_id_idx,backend/migrations/0036_family_child_memberships.sql,0036_family_child_memberships.sql,ACTIVE,,,backend/src/childprofiles,YES,columns: family_id
APPLICATION_ENFORCED_RELATION,family_child_memberships.family_id,backend/migrations/0036_family_child_memberships.sql,0036_family_child_memberships.sql,ACTIVE,,,backend/src/childprofiles,YES,-> families.family_id: Soft (unenforced) family_id reference -- schema-wide convention. families.family_id is CHAR(36) ascii_bin; every other table's family_id is VARCHAR(128) utf8mb4_bin. Membership existence is checked at the application layer (AuthzService.requiresFamilyScope). (source: backend/migrations/0036_family_child_memberships.sql:44-54; backend/migrations/0027_family_member_invitations.sql:17-25; backend/migrations/0013_parent_account_identity.sql)
TABLE,family_member_invitations,backend/migrations/0027_family_member_invitations.sql,0027_family_member_invitations.sql,ACTIVE,backend/src/familymembers/MySqlFamilyMemberInvitationRepository.ts,backend/src/familymembers/FamilyMemberInvitationRepository.ts;backend/src/familymembers/MySqlFamilyMemberInvitationRepository.ts,backend/src/familymembers,YES,
INDEX,family_member_invitations.family_member_invitations_email_hash_idx,backend/migrations/0027_family_member_invitations.sql,0027_family_member_invitations.sql,ACTIVE,,,backend/src/familymembers,YES,columns: invited_email_hash
INDEX,family_member_invitations.family_member_invitations_family_id_idx,backend/migrations/0027_family_member_invitations.sql,0027_family_member_invitations.sql,ACTIVE,,,backend/src/familymembers,YES,columns: family_id
UNIQUE_CONSTRAINT,family_member_invitations.family_member_invitations_pending_email_key,backend/migrations/0027_family_member_invitations.sql,0027_family_member_invitations.sql,ACTIVE,,,backend/src/familymembers,YES,"columns: family_id,pending_invited_email_hash"
APPLICATION_ENFORCED_RELATION,family_member_invitations.family_id,backend/migrations/0027_family_member_invitations.sql,0027_family_member_invitations.sql,ACTIVE,,,backend/src/familymembers,YES,-> families.family_id: Soft (unenforced) family_id reference -- schema-wide convention. families.family_id is CHAR(36) ascii_bin; every other table's family_id is VARCHAR(128) utf8mb4_bin. Membership existence is checked at the application layer (AuthzService.requiresFamilyScope). (source: backend/migrations/0036_family_child_memberships.sql:44-54; backend/migrations/0027_family_member_invitations.sql:17-25; backend/migrations/0013_parent_account_identity.sql)
TABLE,family_rbac_policy_config,backend/migrations/0027_family_member_invitations.sql,0027_family_member_invitations.sql,ACTIVE,backend/src/familyrbac/FamilyRbacPolicyConfigStore.ts,backend/src/familyrbac/FamilyRbacPolicyConfigStore.ts,backend/src/db,YES,
APPLICATION_ENFORCED_RELATION,family_rbac_policy_config.family_id,backend/migrations/0027_family_member_invitations.sql,0027_family_member_invitations.sql,ACTIVE,,,backend/src/db,YES,-> families.family_id: Soft (unenforced) family_id reference -- schema-wide convention. families.family_id is CHAR(36) ascii_bin; every other table's family_id is VARCHAR(128) utf8mb4_bin. Membership existence is checked at the application layer (AuthzService.requiresFamilyScope). (source: backend/migrations/0036_family_child_memberships.sql:44-54; backend/migrations/0027_family_member_invitations.sql:17-25; backend/migrations/0013_parent_account_identity.sql)
TABLE,licenses,backend/migrations/0001_mysql_baseline.sql,0001_mysql_baseline.sql,ACTIVE,,backend/src/authz/MySqlAuthzRepository.ts,backend/src/authz,YES,
INDEX,licenses.licenses_account_id_idx,backend/migrations/0001_mysql_baseline.sql,0001_mysql_baseline.sql,ACTIVE,,,backend/src/authz,YES,columns: account_id
UNIQUE_CONSTRAINT,licenses.licenses_license_reference_hash_key,backend/migrations/0001_mysql_baseline.sql,0001_mysql_baseline.sql,ACTIVE,,,backend/src/authz,YES,columns: license_reference_hash
FOREIGN_KEY,licenses.licenses_account_id_fk,backend/migrations/0001_mysql_baseline.sql,0001_mysql_baseline.sql,ACTIVE,,,backend/src/authz,YES,licenses.(account_id) -> service_accounts.(account_id) ON DELETE NO ACTION ON UPDATE NO ACTION
TABLE,managed_device_slot_reservations,backend/migrations/0006_platform_entitlements_enrollment_limits.sql,0006_platform_entitlements_enrollment_limits.sql,ACTIVE,backend/src/entitlements/slots/MySqlSlotReservationRepository.ts,backend/src/entitlements/slots/MySqlSlotReservationRepository.ts,backend/src/db,YES,
INDEX,managed_device_slot_reservations.managed_device_slot_reservations_family_id_status_idx,backend/migrations/0006_platform_entitlements_enrollment_limits.sql,0006_platform_entitlements_enrollment_limits.sql,ACTIVE,,,backend/src/db,YES,"columns: family_id,status"
UNIQUE_CONSTRAINT,managed_device_slot_reservations.managed_device_slot_reservations_invitation_id_key,backend/migrations/0006_platform_entitlements_enrollment_limits.sql,0006_platform_entitlements_enrollment_limits.sql,ACTIVE,,,backend/src/db,YES,columns: invitation_id
APPLICATION_ENFORCED_RELATION,managed_device_slot_reservations.family_id,backend/migrations/0006_platform_entitlements_enrollment_limits.sql,0006_platform_entitlements_enrollment_limits.sql,ACTIVE,,,backend/src/db,YES,-> families.family_id: Soft (unenforced) family_id reference -- schema-wide convention. families.family_id is CHAR(36) ascii_bin; every other table's family_id is VARCHAR(128) utf8mb4_bin. Membership existence is checked at the application layer (AuthzService.requiresFamilyScope). (source: backend/migrations/0036_family_child_memberships.sql:44-54; backend/migrations/0027_family_member_invitations.sql:17-25; backend/migrations/0013_parent_account_identity.sql)
APPLICATION_ENFORCED_RELATION,managed_device_slot_reservations.invitation_id,backend/migrations/0006_platform_entitlements_enrollment_limits.sql,0006_platform_entitlements_enrollment_limits.sql,ACTIVE,,,backend/src/db,YES,"-> enrollment_invitations.invitation_id: DELIBERATELY not foreign-keyed: the reservation must be created and committed BEFORE the invitation it is bound to is ever persisted (reserve first, only create a usable invitation if the reservation succeeds). (source: backend/migrations/0006_platform_entitlements_enrollment_limits.sql:219-222)"
TABLE,parent_account_preferences,backend/migrations/0020_parent_preferences_safe_zones.sql,0020_parent_preferences_safe_zones.sql,ACTIVE,backend/src/parentaccount/MySqlParentPreferenceRepository.ts,backend/src/parentaccount/MySqlParentPreferenceRepository.ts,backend/src/db,YES,
TABLE,parent_accounts,backend/migrations/0013_parent_account_identity.sql,0013_parent_account_identity.sql,ACTIVE,backend/src/familymembers/MySqlFamilyMemberAccountBinder.ts;backend/src/familymembers/MySqlFamilyMemberInvitationRepository.ts;backend/src/parentaccount/freeaccess/MySqlFreeAccessAccountRepository.ts;backend/src/parentaccount/MySqlParentAccountRepository.ts,backend/src/familymembers/MySqlFamilyMemberInvitationRepository.ts;backend/src/parentaccount/freeaccess/MySqlFreeAccessAccountRepository.ts;backend/src/parentaccount/MySqlParentAccountRepository.ts,backend/src/familymembers,YES,
UNIQUE_CONSTRAINT,parent_accounts.parent_accounts_email_hash_key,backend/migrations/0013_parent_account_identity.sql,0013_parent_account_identity.sql,ACTIVE,,,backend/src/familymembers,YES,columns: email_hash
UNIQUE_CONSTRAINT,parent_accounts.parent_accounts_service_account_id_key,backend/migrations/0013_parent_account_identity.sql,0013_parent_account_identity.sql,ACTIVE,,,backend/src/familymembers,YES,columns: service_account_id
APPLICATION_ENFORCED_RELATION,parent_accounts.family_id,backend/migrations/0013_parent_account_identity.sql,0013_parent_account_identity.sql,ACTIVE,,,backend/src/familymembers,YES,-> families.family_id: Soft (unenforced) family_id reference -- schema-wide convention. families.family_id is CHAR(36) ascii_bin; every other table's family_id is VARCHAR(128) utf8mb4_bin. Membership existence is checked at the application layer (AuthzService.requiresFamilyScope). (source: backend/migrations/0036_family_child_memberships.sql:44-54; backend/migrations/0027_family_member_invitations.sql:17-25; backend/migrations/0013_parent_account_identity.sql)
TABLE,parent_email_verification_codes,backend/migrations/0013_parent_account_identity.sql,0013_parent_account_identity.sql,ACTIVE,backend/src/parentaccount/MySqlParentAccountRepository.ts,backend/src/parentaccount/MySqlParentAccountRepository.ts,backend/src/db,YES,
INDEX,parent_email_verification_codes.parent_email_verification_codes_account_idx,backend/migrations/0013_parent_account_identity.sql,0013_parent_account_identity.sql,ACTIVE,,,backend/src/db,YES,"columns: account_id,created_at"
FOREIGN_KEY,parent_email_verification_codes.parent_email_verification_codes_account_fk,backend/migrations/0013_parent_account_identity.sql,0013_parent_account_identity.sql,ACTIVE,,,backend/src/db,YES,parent_email_verification_codes.(account_id) -> parent_accounts.(account_id) ON DELETE NO ACTION ON UPDATE NO ACTION
TABLE,parent_password_reset_codes,backend/migrations/0029_parent_password_reset_codes.sql,0029_parent_password_reset_codes.sql,ACTIVE,backend/src/parentaccount/MySqlParentAccountRepository.ts,backend/src/parentaccount/MySqlParentAccountRepository.ts,backend/src/parentaccount,YES,
INDEX,parent_password_reset_codes.parent_password_reset_codes_account_idx,backend/migrations/0029_parent_password_reset_codes.sql,0029_parent_password_reset_codes.sql,ACTIVE,,,backend/src/parentaccount,YES,"columns: account_id,created_at"
FOREIGN_KEY,parent_password_reset_codes.parent_password_reset_codes_account_fk,backend/migrations/0029_parent_password_reset_codes.sql,0029_parent_password_reset_codes.sql,ACTIVE,,,backend/src/parentaccount,YES,parent_password_reset_codes.(account_id) -> parent_accounts.(account_id) ON DELETE NO ACTION ON UPDATE NO ACTION
TABLE,platform_admin_accounts,backend/migrations/0005_platform_admin_identity_rbac_audit.sql,0005_platform_admin_identity_rbac_audit.sql,ACTIVE,backend/src/db/schema.ts;backend/src/platformadmin/auth/MySqlAuthRepository.ts,backend/src/platformadmin/auth/MySqlAuthRepository.ts;backend/src/platformadmin/auth/MySqlPlatformAdminAlertAdapter.ts;backend/src/platformadmin/readmodels/AdminUsersReadModel.ts,backend/src/platformadmin,YES,
UNIQUE_CONSTRAINT,platform_admin_accounts.platform_admin_accounts_email_hash_key,backend/migrations/0005_platform_admin_identity_rbac_audit.sql,0005_platform_admin_identity_rbac_audit.sql,ACTIVE,,,backend/src/platformadmin,YES,columns: email_hash
TABLE,platform_admin_audit_events,backend/migrations/0005_platform_admin_identity_rbac_audit.sql,0005_platform_admin_identity_rbac_audit.sql,ACTIVE,backend/src/http/routes/platformadmin/auditRoutes.ts;backend/src/platformadmin/audit/MySqlPlatformAdminAuditRepository.ts,backend/src/http/routes/platformadmin/auditRoutes.ts;backend/src/platformadmin/audit/MySqlPlatformAdminAuditRepository.ts;backend/src/platformadmin/readmodels/AuditReadModel.ts,backend/src/platformadmin,YES,
INDEX,platform_admin_audit_events.platform_admin_audit_events_actor_admin_id_idx,backend/migrations/0005_platform_admin_identity_rbac_audit.sql,0005_platform_admin_identity_rbac_audit.sql,ACTIVE,,,backend/src/platformadmin,YES,columns: actor_admin_id
INDEX,platform_admin_audit_events.platform_admin_audit_events_event_type_idx,backend/migrations/0005_platform_admin_identity_rbac_audit.sql,0005_platform_admin_identity_rbac_audit.sql,ACTIVE,,,backend/src/platformadmin,YES,columns: event_type
INDEX,platform_admin_audit_events.platform_admin_audit_events_occurred_at_idx,backend/migrations/0005_platform_admin_identity_rbac_audit.sql,0005_platform_admin_identity_rbac_audit.sql,ACTIVE,,,backend/src/platformadmin,YES,columns: occurred_at
FOREIGN_KEY,platform_admin_audit_events.platform_admin_audit_events_actor_admin_id_fk,backend/migrations/0005_platform_admin_identity_rbac_audit.sql,0005_platform_admin_identity_rbac_audit.sql,ACTIVE,,,backend/src/platformadmin,YES,platform_admin_audit_events.(actor_admin_id) -> platform_admin_accounts.(admin_id) ON DELETE NO ACTION ON UPDATE NO ACTION
TABLE,platform_admin_login_attempts,backend/migrations/0005_platform_admin_identity_rbac_audit.sql,0005_platform_admin_identity_rbac_audit.sql,ACTIVE,backend/src/platformadmin/auth/MySqlAuthRepository.ts,backend/src/platformadmin/auth/MySqlAuthRepository.ts,backend/src/platformadmin,YES,
INDEX,platform_admin_login_attempts.platform_admin_login_attempts_email_hash_occurred_at_idx,backend/migrations/0005_platform_admin_identity_rbac_audit.sql,0005_platform_admin_identity_rbac_audit.sql,ACTIVE,,,backend/src/platformadmin,YES,"columns: email_hash,occurred_at"
TABLE,platform_admin_mfa_state,backend/migrations/0005_platform_admin_identity_rbac_audit.sql,0005_platform_admin_identity_rbac_audit.sql,ACTIVE,backend/src/platformadmin/auth/AuthRepository.ts;backend/src/platformadmin/auth/MySqlAuthRepository.ts,backend/src/platformadmin/auth/MySqlAuthRepository.ts;backend/src/platformadmin/readmodels/AdminUsersReadModel.ts,backend/src/platformadmin,YES,
FOREIGN_KEY,platform_admin_mfa_state.platform_admin_mfa_state_admin_id_fk,backend/migrations/0005_platform_admin_identity_rbac_audit.sql,0005_platform_admin_identity_rbac_audit.sql,ACTIVE,,,backend/src/platformadmin,YES,platform_admin_mfa_state.(admin_id) -> platform_admin_accounts.(admin_id) ON DELETE NO ACTION ON UPDATE NO ACTION
TABLE,platform_admin_role_assignments,backend/migrations/0005_platform_admin_identity_rbac_audit.sql,0005_platform_admin_identity_rbac_audit.sql,ACTIVE,backend/src/platformadmin/auth/MySqlAuthRepository.ts,backend/src/platformadmin/auth/MySqlAuthRepository.ts;backend/src/platformadmin/auth/MySqlPlatformAdminAlertAdapter.ts;backend/src/platformadmin/readmodels/AdminUsersReadModel.ts,backend/src/platformadmin,YES,
UNIQUE_CONSTRAINT,platform_admin_role_assignments.platform_admin_role_assignments_admin_active_key,backend/migrations/0005_platform_admin_identity_rbac_audit.sql,0005_platform_admin_identity_rbac_audit.sql,ACTIVE,,,backend/src/platformadmin,YES,"columns: admin_id,active_role_marker"
INDEX,platform_admin_role_assignments.platform_admin_role_assignments_admin_id_idx,backend/migrations/0005_platform_admin_identity_rbac_audit.sql,0005_platform_admin_identity_rbac_audit.sql,ACTIVE,,,backend/src/platformadmin,YES,columns: admin_id
INDEX,platform_admin_role_assignments.platform_admin_role_assignments_granted_by_fk,backend/migrations/0005_platform_admin_identity_rbac_audit.sql,0005_platform_admin_identity_rbac_audit.sql,ACTIVE,,,backend/src/platformadmin,YES,columns: granted_by_admin_id
FOREIGN_KEY,platform_admin_role_assignments.platform_admin_role_assignments_admin_id_fk,backend/migrations/0005_platform_admin_identity_rbac_audit.sql,0005_platform_admin_identity_rbac_audit.sql,ACTIVE,,,backend/src/platformadmin,YES,platform_admin_role_assignments.(admin_id) -> platform_admin_accounts.(admin_id) ON DELETE NO ACTION ON UPDATE NO ACTION
FOREIGN_KEY,platform_admin_role_assignments.platform_admin_role_assignments_granted_by_fk,backend/migrations/0005_platform_admin_identity_rbac_audit.sql,0005_platform_admin_identity_rbac_audit.sql,ACTIVE,,,backend/src/platformadmin,YES,platform_admin_role_assignments.(granted_by_admin_id) -> platform_admin_accounts.(admin_id) ON DELETE NO ACTION ON UPDATE NO ACTION
TABLE,platform_admin_security_alerts,backend/migrations/0021_platform_admin_security_alerts.sql,0021_platform_admin_security_alerts.sql,ACTIVE,backend/src/platformadmin/auth/MySqlPlatformAdminAlertAdapter.ts,,backend/src/db,YES,
UNIQUE_CONSTRAINT,platform_admin_security_alerts.platform_admin_security_alerts_correlation_recipient_key,backend/migrations/0021_platform_admin_security_alerts.sql,0021_platform_admin_security_alerts.sql,ACTIVE,,,backend/src/db,YES,"columns: correlation_id,recipient_admin_id"
INDEX,platform_admin_security_alerts.platform_admin_security_alerts_recipient_state_idx,backend/migrations/0021_platform_admin_security_alerts.sql,0021_platform_admin_security_alerts.sql,ACTIVE,,,backend/src/db,YES,"columns: recipient_admin_id,delivery_state,occurred_at"
INDEX,platform_admin_security_alerts.platform_admin_security_alerts_source_fk,backend/migrations/0021_platform_admin_security_alerts.sql,0021_platform_admin_security_alerts.sql,ACTIVE,,,backend/src/db,YES,columns: source_admin_id
FOREIGN_KEY,platform_admin_security_alerts.platform_admin_security_alerts_recipient_fk,backend/migrations/0021_platform_admin_security_alerts.sql,0021_platform_admin_security_alerts.sql,ACTIVE,,,backend/src/db,YES,platform_admin_security_alerts.(recipient_admin_id) -> platform_admin_accounts.(admin_id) ON DELETE NO ACTION ON UPDATE NO ACTION
FOREIGN_KEY,platform_admin_security_alerts.platform_admin_security_alerts_source_fk,backend/migrations/0021_platform_admin_security_alerts.sql,0021_platform_admin_security_alerts.sql,ACTIVE,,,backend/src/db,YES,platform_admin_security_alerts.(source_admin_id) -> platform_admin_accounts.(admin_id) ON DELETE NO ACTION ON UPDATE NO ACTION
TABLE,platform_admin_sessions,backend/migrations/0005_platform_admin_identity_rbac_audit.sql,0005_platform_admin_identity_rbac_audit.sql,ACTIVE,backend/src/platformadmin/auth/MySqlAuthRepository.ts,backend/src/platformadmin/auth/MySqlAuthRepository.ts,backend/src/db,YES,
INDEX,platform_admin_sessions.platform_admin_sessions_admin_id_idx,backend/migrations/0005_platform_admin_identity_rbac_audit.sql,0005_platform_admin_identity_rbac_audit.sql,ACTIVE,,,backend/src/db,YES,columns: admin_id
UNIQUE_CONSTRAINT,platform_admin_sessions.platform_admin_sessions_token_hash_key,backend/migrations/0005_platform_admin_identity_rbac_audit.sql,0005_platform_admin_identity_rbac_audit.sql,ACTIVE,,,backend/src/db,YES,columns: token_hash
FOREIGN_KEY,platform_admin_sessions.platform_admin_sessions_admin_id_fk,backend/migrations/0005_platform_admin_identity_rbac_audit.sql,0005_platform_admin_identity_rbac_audit.sql,ACTIVE,,,backend/src/db,YES,platform_admin_sessions.(admin_id) -> platform_admin_accounts.(admin_id) ON DELETE NO ACTION ON UPDATE NO ACTION
TABLE,platform_admin_settings,backend/migrations/0017_platform_admin_settings_family_status.sql,0017_platform_admin_settings_family_status.sql,ACTIVE,backend/src/platformadmin/settings/PlatformAdminSettingsRepository.ts,backend/src/platformadmin/settings/PlatformAdminSettingsRepository.ts,backend/src/platformadmin,YES,
INDEX,platform_admin_settings.platform_admin_settings_category_idx,backend/migrations/0017_platform_admin_settings_family_status.sql,0017_platform_admin_settings_family_status.sql,ACTIVE,,,backend/src/platformadmin,YES,columns: category
INDEX,platform_admin_settings.platform_admin_settings_updated_by_fk,backend/migrations/0017_platform_admin_settings_family_status.sql,0017_platform_admin_settings_family_status.sql,ACTIVE,,,backend/src/platformadmin,YES,columns: updated_by_admin_id
FOREIGN_KEY,platform_admin_settings.platform_admin_settings_updated_by_fk,backend/migrations/0017_platform_admin_settings_family_status.sql,0017_platform_admin_settings_family_status.sql,ACTIVE,,,backend/src/platformadmin,YES,platform_admin_settings.(updated_by_admin_id) -> platform_admin_accounts.(admin_id) ON DELETE NO ACTION ON UPDATE NO ACTION
TABLE,platform_admin_step_up_sessions,backend/migrations/0005_platform_admin_identity_rbac_audit.sql,0005_platform_admin_identity_rbac_audit.sql,ACTIVE,backend/src/platformadmin/auth/MySqlAuthRepository.ts,,backend/src/billing,YES,
INDEX,platform_admin_step_up_sessions.platform_admin_step_up_sessions_admin_id_idx,backend/migrations/0005_platform_admin_identity_rbac_audit.sql,0005_platform_admin_identity_rbac_audit.sql,ACTIVE,,,backend/src/billing,YES,columns: admin_id
INDEX,platform_admin_step_up_sessions.platform_admin_step_up_sessions_session_id_idx,backend/migrations/0005_platform_admin_identity_rbac_audit.sql,0005_platform_admin_identity_rbac_audit.sql,ACTIVE,,,backend/src/billing,YES,columns: session_id
FOREIGN_KEY,platform_admin_step_up_sessions.platform_admin_step_up_sessions_admin_id_fk,backend/migrations/0005_platform_admin_identity_rbac_audit.sql,0005_platform_admin_identity_rbac_audit.sql,ACTIVE,,,backend/src/billing,YES,platform_admin_step_up_sessions.(admin_id) -> platform_admin_accounts.(admin_id) ON DELETE NO ACTION ON UPDATE NO ACTION
FOREIGN_KEY,platform_admin_step_up_sessions.platform_admin_step_up_sessions_session_id_fk,backend/migrations/0005_platform_admin_identity_rbac_audit.sql,0005_platform_admin_identity_rbac_audit.sql,ACTIVE,,,backend/src/billing,YES,platform_admin_step_up_sessions.(session_id) -> platform_admin_sessions.(session_id) ON DELETE NO ACTION ON UPDATE NO ACTION
TABLE,protection_alerts,backend/migrations/0025_protection_alerts.sql,0025_protection_alerts.sql,ACTIVE,backend/src/alerts/MySqlProtectionAlertLedger.ts,backend/src/alerts/MySqlProtectionAlertLedger.ts,backend/src/alerts,YES,
INDEX,protection_alerts.protection_alerts_expires_at_idx,backend/migrations/0025_protection_alerts.sql,0025_protection_alerts.sql,ACTIVE,,,backend/src/alerts,YES,columns: expires_at
INDEX,protection_alerts.protection_alerts_family_idx,backend/migrations/0025_protection_alerts.sql,0025_protection_alerts.sql,ACTIVE,,,backend/src/alerts,YES,"columns: family_id,generated_at_utc"
INDEX,protection_alerts.protection_alerts_parent_device_idx,backend/migrations/0025_protection_alerts.sql,0025_protection_alerts.sql,ACTIVE,,,backend/src/alerts,YES,"columns: family_id,parent_device_id,generated_at_utc"
APPLICATION_ENFORCED_RELATION,protection_alerts.family_id,backend/migrations/0025_protection_alerts.sql,0025_protection_alerts.sql,ACTIVE,,,backend/src/alerts,YES,-> families.family_id: Soft (unenforced) family_id reference -- schema-wide convention. families.family_id is CHAR(36) ascii_bin; every other table's family_id is VARCHAR(128) utf8mb4_bin. Membership existence is checked at the application layer (AuthzService.requiresFamilyScope). (source: backend/migrations/0036_family_child_memberships.sql:44-54; backend/migrations/0027_family_member_invitations.sql:17-25; backend/migrations/0013_parent_account_identity.sql)
APPLICATION_ENFORCED_RELATION,protection_alerts.device_id,backend/migrations/0025_protection_alerts.sql,0025_protection_alerts.sql,ACTIVE,,,backend/src/alerts,YES,"-> devices.device_id: Opaque ciphertext + typed routing metadata (family/device/trigger/epoch), never readable family detail. (source: backend/migrations/0025_protection_alerts.sql:1-7)"
APPLICATION_ENFORCED_RELATION,protection_alerts.parent_device_id,backend/migrations/0025_protection_alerts.sql,0025_protection_alerts.sql,ACTIVE,,,backend/src/alerts,YES,"-> devices.device_id: Opaque ciphertext + typed routing metadata, never readable family detail. (source: backend/migrations/0025_protection_alerts.sql:1-7)"
TABLE,recovery_envelopes,backend/migrations/0001_mysql_baseline.sql,0001_mysql_baseline.sql,ACTIVE,backend/src/recovery/MySqlRecoveryRepository.ts,backend/src/recovery/MySqlRecoveryRepository.ts,backend/src/db,YES,
APPLICATION_ENFORCED_RELATION,recovery_envelopes.family_id,backend/migrations/0001_mysql_baseline.sql,0001_mysql_baseline.sql,ACTIVE,,,backend/src/db,YES,-> families.family_id: Soft (unenforced) family_id reference -- schema-wide convention. families.family_id is CHAR(36) ascii_bin; every other table's family_id is VARCHAR(128) utf8mb4_bin. Membership existence is checked at the application layer (AuthzService.requiresFamilyScope). (source: backend/migrations/0036_family_child_memberships.sql:44-54; backend/migrations/0027_family_member_invitations.sql:17-25; backend/migrations/0013_parent_account_identity.sql)
TABLE,relay_envelopes,backend/migrations/0001_mysql_baseline.sql,0001_mysql_baseline.sql,ACTIVE,backend/src/relay/MySqlRelayRepository.ts,backend/src/relay/MySqlRelayRepository.ts,backend/src/alerts,YES,
INDEX,relay_envelopes.relay_envelopes_recipient_state_idx,backend/migrations/0001_mysql_baseline.sql,0001_mysql_baseline.sql,ACTIVE,,,backend/src/alerts,YES,"columns: recipient_device_id,state,expires_at"
APPLICATION_ENFORCED_RELATION,relay_envelopes.family_id,backend/migrations/0001_mysql_baseline.sql,0001_mysql_baseline.sql,ACTIVE,,,backend/src/alerts,YES,-> families.family_id: Soft (unenforced) family_id reference -- schema-wide convention. families.family_id is CHAR(36) ascii_bin; every other table's family_id is VARCHAR(128) utf8mb4_bin. Membership existence is checked at the application layer (AuthzService.requiresFamilyScope). (source: backend/migrations/0036_family_child_memberships.sql:44-54; backend/migrations/0027_family_member_invitations.sql:17-25; backend/migrations/0013_parent_account_identity.sql)
APPLICATION_ENFORCED_RELATION,relay_envelopes.sender_device_id,backend/migrations/0001_mysql_baseline.sql,0001_mysql_baseline.sql,ACTIVE,,,backend/src/alerts,YES,"-> devices.device_id: Opaque bounded application identifier by design (migration 0001 TYPE DECISIONS), distinct from devices.device_id CHAR(36) ascii_bin. (source: backend/migrations/0001_mysql_baseline.sql:16-23)"
APPLICATION_ENFORCED_RELATION,relay_envelopes.recipient_device_id,backend/migrations/0001_mysql_baseline.sql,0001_mysql_baseline.sql,ACTIVE,,,backend/src/alerts,YES,-> devices.device_id: Opaque bounded application identifier by design (migration 0001 TYPE DECISIONS). (source: backend/migrations/0001_mysql_baseline.sql:16-23)
TABLE,release_current_pointers,backend/migrations/0001_mysql_baseline.sql,0001_mysql_baseline.sql,ACTIVE,backend/src/release/MySqlReleaseRepository.ts,backend/src/release/MySqlReleaseRepository.ts,backend/src/db,YES,
TABLE,release_packages,backend/migrations/0001_mysql_baseline.sql,0001_mysql_baseline.sql,ACTIVE,backend/src/release/MySqlReleaseRepository.ts,backend/src/release/MySqlReleaseRepository.ts,backend/src/db,YES,
UNIQUE_CONSTRAINT,release_packages.release_packages_identity_key,backend/migrations/0001_mysql_baseline.sql,0001_mysql_baseline.sql,ACTIVE,,,backend/src/db,YES,"columns: package_type,platform,version"
APPLICATION_ENFORCED_RELATION,release_packages.signing_key_id,backend/migrations/0001_mysql_baseline.sql,0001_mysql_baseline.sql,ACTIVE,,,backend/src/db,YES,"-> device_public_keys.key_id: Opaque bounded application identifier by design; also structurally infeasible as a single-column FK since device_public_keys has a composite PK (device_id, key_id). (source: backend/migrations/0001_mysql_baseline.sql:16-23)"
TABLE,safe_zones,backend/migrations/0020_parent_preferences_safe_zones.sql,0020_parent_preferences_safe_zones.sql,ACTIVE,backend/src/location/MySqlSafeZoneRepository.ts,backend/src/location/MySqlSafeZoneRepository.ts,backend/src/db,YES,
INDEX,safe_zones.safe_zones_family_recipient_idx,backend/migrations/0020_parent_preferences_safe_zones.sql,0020_parent_preferences_safe_zones.sql,ACTIVE,,,backend/src/db,YES,"columns: family_id,recipient_endpoint_id"
APPLICATION_ENFORCED_RELATION,safe_zones.family_id,backend/migrations/0020_parent_preferences_safe_zones.sql,0020_parent_preferences_safe_zones.sql,ACTIVE,,,backend/src/db,YES,-> families.family_id: Soft (unenforced) family_id reference -- schema-wide convention. families.family_id is CHAR(36) ascii_bin; every other table's family_id is VARCHAR(128) utf8mb4_bin. Membership existence is checked at the application layer (AuthzService.requiresFamilyScope). (source: backend/migrations/0036_family_child_memberships.sql:44-54; backend/migrations/0027_family_member_invitations.sql:17-25; backend/migrations/0013_parent_account_identity.sql)
APPLICATION_ENFORCED_RELATION,safe_zones.recipient_endpoint_id,backend/migrations/0020_parent_preferences_safe_zones.sql,0020_parent_preferences_safe_zones.sql,ACTIVE,,,backend/src/db,YES,-> devices.device_id: Opaque routing/version metadata only -- must never hold a readable label/coordinate/radius/policy; not intended as a DB-joinable identity. (source: backend/migrations/0020_parent_preferences_safe_zones.sql:2-5)
TABLE,schema_migrations,backend/migrations/0001_mysql_baseline.sql,0001_mysql_baseline.sql,NO_RUNTIME_CODE_FOUND,,,backend/scripts/migrate.mjs,YES,No backend/src/**/*.ts reader or writer found for this table -- created by migration but not (yet) wired to application code. See PCA_CANONICAL_SCHEMA_REPORT.md.
TABLE,security_audit_metadata,backend/migrations/0001_mysql_baseline.sql,0001_mysql_baseline.sql,NO_RUNTIME_CODE_FOUND,,,(none -- see PCA_CANONICAL_SCHEMA_REPORT.md orphaned-table note),YES,No backend/src/**/*.ts reader or writer found for this table -- created by migration but not (yet) wired to application code. See PCA_CANONICAL_SCHEMA_REPORT.md.
TABLE,service_account_family_scopes,backend/migrations/0001_mysql_baseline.sql,0001_mysql_baseline.sql,ACTIVE,backend/src/parentaccount/MySqlParentAccountRepository.ts,backend/src/authz/MySqlAuthzRepository.ts;backend/src/parentaccount/MySqlParentAccountRepository.ts,backend/src/parentaccount,YES,
INDEX,service_account_family_scopes.service_account_family_scopes_family_id_idx,backend/migrations/0001_mysql_baseline.sql,0001_mysql_baseline.sql,ACTIVE,,,backend/src/parentaccount,YES,columns: family_id
FOREIGN_KEY,service_account_family_scopes.service_account_family_scopes_account_id_fk,backend/migrations/0001_mysql_baseline.sql,0001_mysql_baseline.sql,ACTIVE,,,backend/src/parentaccount,YES,service_account_family_scopes.(account_id) -> service_accounts.(account_id) ON DELETE NO ACTION ON UPDATE NO ACTION
APPLICATION_ENFORCED_RELATION,service_account_family_scopes.family_id,backend/migrations/0001_mysql_baseline.sql,0001_mysql_baseline.sql,ACTIVE,,,backend/src/parentaccount,YES,-> families.family_id: Soft (unenforced) family_id reference -- schema-wide convention. families.family_id is CHAR(36) ascii_bin; every other table's family_id is VARCHAR(128) utf8mb4_bin. Membership existence is checked at the application layer (AuthzService.requiresFamilyScope). (source: backend/migrations/0036_family_child_memberships.sql:44-54; backend/migrations/0027_family_member_invitations.sql:17-25; backend/migrations/0013_parent_account_identity.sql)
TABLE,service_accounts,backend/migrations/0001_mysql_baseline.sql,0001_mysql_baseline.sql,ACTIVE,backend/src/auth/MySqlAuthRepository.ts,backend/src/auth/MySqlAuthRepository.ts,backend/src/auth,YES,
UNIQUE_CONSTRAINT,service_accounts.service_accounts_account_reference_hash_key,backend/migrations/0001_mysql_baseline.sql,0001_mysql_baseline.sql,ACTIVE,,,backend/src/auth,YES,columns: account_reference_hash
TABLE,service_sessions,backend/migrations/0001_mysql_baseline.sql,0001_mysql_baseline.sql,ACTIVE,backend/src/auth/MySqlAuthRepository.ts;backend/src/parentaccount/MySqlParentAccountRepository.ts;backend/src/parentaccount/ParentAccountRepository.ts,backend/src/auth/MySqlAuthRepository.ts,backend/src/parentaccount,YES,
INDEX,service_sessions.service_sessions_account_id_idx,backend/migrations/0001_mysql_baseline.sql,0001_mysql_baseline.sql,ACTIVE,,,backend/src/parentaccount,YES,columns: account_id
UNIQUE_CONSTRAINT,service_sessions.service_sessions_token_hash_key,backend/migrations/0001_mysql_baseline.sql,0001_mysql_baseline.sql,ACTIVE,,,backend/src/parentaccount,YES,columns: token_hash
FOREIGN_KEY,service_sessions.service_sessions_account_id_fk,backend/migrations/0001_mysql_baseline.sql,0001_mysql_baseline.sql,ACTIVE,,,backend/src/parentaccount,YES,service_sessions.(account_id) -> service_accounts.(account_id) ON DELETE NO ACTION ON UPDATE NO ACTION
TABLE,settlement_accounts,backend/migrations/0015_settlement_reconciliation.sql,0015_settlement_reconciliation.sql,ACTIVE,backend/src/billing/settlement/MySqlSettlementRepository.ts,backend/src/billing/settlement/MySqlSettlementRepository.ts,backend/src/billing,YES,
INDEX,settlement_accounts.settlement_accounts_currency_fk,backend/migrations/0015_settlement_reconciliation.sql,0015_settlement_reconciliation.sql,ACTIVE,,,backend/src/billing,YES,columns: settlement_currency
INDEX,settlement_accounts.settlement_accounts_status_idx,backend/migrations/0015_settlement_reconciliation.sql,0015_settlement_reconciliation.sql,ACTIVE,,,backend/src/billing,YES,columns: status
FOREIGN_KEY,settlement_accounts.settlement_accounts_currency_fk,backend/migrations/0015_settlement_reconciliation.sql,0015_settlement_reconciliation.sql,ACTIVE,,,backend/src/billing,YES,settlement_accounts.(settlement_currency) -> billing_currencies.(currency_code) ON DELETE NO ACTION ON UPDATE NO ACTION
TABLE,settlement_batch_items,backend/migrations/0015_settlement_reconciliation.sql,0015_settlement_reconciliation.sql,ACTIVE,backend/src/billing/settlement/MySqlSettlementRepository.ts,backend/src/billing/settlement/MySqlSettlementRepository.ts,backend/src/billing,YES,
INDEX,settlement_batch_items.settlement_batch_items_batch_idx,backend/migrations/0015_settlement_reconciliation.sql,0015_settlement_reconciliation.sql,ACTIVE,,,backend/src/billing,YES,columns: settlement_batch_id
INDEX,settlement_batch_items.settlement_batch_items_currency_fk,backend/migrations/0015_settlement_reconciliation.sql,0015_settlement_reconciliation.sql,ACTIVE,,,backend/src/billing,YES,columns: currency_code
UNIQUE_CONSTRAINT,settlement_batch_items.settlement_batch_items_transaction_key,backend/migrations/0015_settlement_reconciliation.sql,0015_settlement_reconciliation.sql,ACTIVE,,,backend/src/billing,YES,columns: payment_transaction_id
FOREIGN_KEY,settlement_batch_items.settlement_batch_items_batch_fk,backend/migrations/0015_settlement_reconciliation.sql,0015_settlement_reconciliation.sql,ACTIVE,,,backend/src/billing,YES,settlement_batch_items.(settlement_batch_id) -> settlement_batches.(settlement_batch_id) ON DELETE NO ACTION ON UPDATE NO ACTION
FOREIGN_KEY,settlement_batch_items.settlement_batch_items_currency_fk,backend/migrations/0015_settlement_reconciliation.sql,0015_settlement_reconciliation.sql,ACTIVE,,,backend/src/billing,YES,settlement_batch_items.(currency_code) -> billing_currencies.(currency_code) ON DELETE NO ACTION ON UPDATE NO ACTION
FOREIGN_KEY,settlement_batch_items.settlement_batch_items_transaction_fk,backend/migrations/0015_settlement_reconciliation.sql,0015_settlement_reconciliation.sql,ACTIVE,,,backend/src/billing,YES,settlement_batch_items.(payment_transaction_id) -> billing_payment_transactions.(payment_transaction_id) ON DELETE NO ACTION ON UPDATE NO ACTION
TABLE,settlement_batches,backend/migrations/0015_settlement_reconciliation.sql,0015_settlement_reconciliation.sql,ACTIVE,backend/src/billing/settlement/MySqlSettlementRepository.ts,backend/src/billing/settlement/MySqlSettlementRepository.ts,backend/src/billing,YES,
INDEX,settlement_batches.settlement_batches_account_ref_idx,backend/migrations/0015_settlement_reconciliation.sql,0015_settlement_reconciliation.sql,ACTIVE,,,backend/src/billing,YES,columns: settlement_account_ref
INDEX,settlement_batches.settlement_batches_created_by_fk,backend/migrations/0015_settlement_reconciliation.sql,0015_settlement_reconciliation.sql,ACTIVE,,,backend/src/billing,YES,columns: created_by_admin_id
INDEX,settlement_batches.settlement_batches_currency_fk,backend/migrations/0015_settlement_reconciliation.sql,0015_settlement_reconciliation.sql,ACTIVE,,,backend/src/billing,YES,columns: settlement_currency
INDEX,settlement_batches.settlement_batches_period_idx,backend/migrations/0015_settlement_reconciliation.sql,0015_settlement_reconciliation.sql,ACTIVE,,,backend/src/billing,YES,"columns: period_start,period_end"
INDEX,settlement_batches.settlement_batches_resolved_by_fk,backend/migrations/0015_settlement_reconciliation.sql,0015_settlement_reconciliation.sql,ACTIVE,,,backend/src/billing,YES,columns: resolved_by_admin_id
INDEX,settlement_batches.settlement_batches_status_idx,backend/migrations/0015_settlement_reconciliation.sql,0015_settlement_reconciliation.sql,ACTIVE,,,backend/src/billing,YES,columns: status
INDEX,settlement_batches.settlement_batches_usd_norm_by_fk,backend/migrations/0015_settlement_reconciliation.sql,0015_settlement_reconciliation.sql,ACTIVE,,,backend/src/billing,YES,columns: usd_normalized_by_admin_id
FOREIGN_KEY,settlement_batches.settlement_batches_account_fk,backend/migrations/0015_settlement_reconciliation.sql,0015_settlement_reconciliation.sql,ACTIVE,,,backend/src/billing,YES,settlement_batches.(settlement_account_ref) -> settlement_accounts.(settlement_account_id) ON DELETE NO ACTION ON UPDATE NO ACTION
FOREIGN_KEY,settlement_batches.settlement_batches_created_by_fk,backend/migrations/0015_settlement_reconciliation.sql,0015_settlement_reconciliation.sql,ACTIVE,,,backend/src/billing,YES,settlement_batches.(created_by_admin_id) -> platform_admin_accounts.(admin_id) ON DELETE NO ACTION ON UPDATE NO ACTION
FOREIGN_KEY,settlement_batches.settlement_batches_currency_fk,backend/migrations/0015_settlement_reconciliation.sql,0015_settlement_reconciliation.sql,ACTIVE,,,backend/src/billing,YES,settlement_batches.(settlement_currency) -> billing_currencies.(currency_code) ON DELETE NO ACTION ON UPDATE NO ACTION
FOREIGN_KEY,settlement_batches.settlement_batches_resolved_by_fk,backend/migrations/0015_settlement_reconciliation.sql,0015_settlement_reconciliation.sql,ACTIVE,,,backend/src/billing,YES,settlement_batches.(resolved_by_admin_id) -> platform_admin_accounts.(admin_id) ON DELETE NO ACTION ON UPDATE NO ACTION
FOREIGN_KEY,settlement_batches.settlement_batches_usd_norm_by_fk,backend/migrations/0015_settlement_reconciliation.sql,0015_settlement_reconciliation.sql,ACTIVE,,,backend/src/billing,YES,settlement_batches.(usd_normalized_by_admin_id) -> platform_admin_accounts.(admin_id) ON DELETE NO ACTION ON UPDATE NO ACTION
TABLE,settlement_fx_snapshots,backend/migrations/0015_settlement_reconciliation.sql,0015_settlement_reconciliation.sql,ACTIVE,backend/src/billing/settlement/MySqlSettlementRepository.ts,backend/src/billing/settlement/MySqlSettlementRepository.ts,backend/src/billing,YES,
UNIQUE_CONSTRAINT,settlement_fx_snapshots.settlement_fx_snapshots_item_key,backend/migrations/0015_settlement_reconciliation.sql,0015_settlement_reconciliation.sql,ACTIVE,,,backend/src/billing,YES,columns: settlement_batch_item_id
INDEX,settlement_fx_snapshots.settlement_fx_snapshots_settlement_currency_fk,backend/migrations/0015_settlement_reconciliation.sql,0015_settlement_reconciliation.sql,ACTIVE,,,backend/src/billing,YES,columns: settlement_currency
INDEX,settlement_fx_snapshots.settlement_fx_snapshots_source_currency_fk,backend/migrations/0015_settlement_reconciliation.sql,0015_settlement_reconciliation.sql,ACTIVE,,,backend/src/billing,YES,columns: source_currency
FOREIGN_KEY,settlement_fx_snapshots.settlement_fx_snapshots_item_fk,backend/migrations/0015_settlement_reconciliation.sql,0015_settlement_reconciliation.sql,ACTIVE,,,backend/src/billing,YES,settlement_fx_snapshots.(settlement_batch_item_id) -> settlement_batch_items.(settlement_batch_item_id) ON DELETE NO ACTION ON UPDATE NO ACTION
FOREIGN_KEY,settlement_fx_snapshots.settlement_fx_snapshots_settlement_currency_fk,backend/migrations/0015_settlement_reconciliation.sql,0015_settlement_reconciliation.sql,ACTIVE,,,backend/src/billing,YES,settlement_fx_snapshots.(settlement_currency) -> billing_currencies.(currency_code) ON DELETE NO ACTION ON UPDATE NO ACTION
FOREIGN_KEY,settlement_fx_snapshots.settlement_fx_snapshots_source_currency_fk,backend/migrations/0015_settlement_reconciliation.sql,0015_settlement_reconciliation.sql,ACTIVE,,,backend/src/billing,YES,settlement_fx_snapshots.(source_currency) -> billing_currencies.(currency_code) ON DELETE NO ACTION ON UPDATE NO ACTION
TABLE,sync_sequence_progress_ledger,backend/migrations/0002_sync_durability.sql,0002_sync_durability.sql,ACTIVE,backend/src/familysync/MySqlSequenceProgressLedger.ts,backend/src/familysync/MySqlSequenceProgressLedger.ts,backend/src/db,YES,
APPLICATION_ENFORCED_RELATION,sync_sequence_progress_ledger.family_id,backend/migrations/0002_sync_durability.sql,0002_sync_durability.sql,ACTIVE,,,backend/src/db,YES,-> families.family_id: Soft (unenforced) family_id reference -- schema-wide convention. families.family_id is CHAR(36) ascii_bin; every other table's family_id is VARCHAR(128) utf8mb4_bin. Membership existence is checked at the application layer (AuthzService.requiresFamilyScope). (source: backend/migrations/0036_family_child_memberships.sql:44-54; backend/migrations/0027_family_member_invitations.sql:17-25; backend/migrations/0013_parent_account_identity.sql)
DATABASE_SETTING,engine=InnoDB,backend/migrations/*.sql (every CREATE TABLE),all 34,ACTIVE,,,backend/src/db/pool.ts,YES,"100% of 75 tables, verified by introspection"
DATABASE_SETTING,"charset=utf8mb4,collation=utf8mb4_bin (table default)",backend/compose.yaml,-,ACTIVE,,,backend/src/db/pool.ts,YES,server flags --character-set-server/--collation-server; 100% of 75 tables
DATABASE_SETTING,"timezone=UTC (DATETIME, no TIMESTAMP type used)",backend/src/db/pool.ts,16-21,ACTIVE,,,backend/src/db/pool.ts,YES,pool pins timezone:'Z'; server --default-time-zone=+00:00
DATABASE_SETTING,"transaction isolation=READ COMMITTED (session-level, app-set)",backend/src/db/pool.ts,109-148,ACTIVE,,,backend/src/db/pool.ts,YES,overrides InnoDB default REPEATABLE READ; see PCA_LIVE_DATABASE_SETTINGS.md §4
SEED_REFERENCE_DATA,(none),-,-,N/A,,,-,NO,No production-required reference/seed rows identified -- see PCA_PRODUCTION_REFERENCE_DATA_MATRIX.csv
